twitterHandle,walletAddress,quoteTweetLink,claimNumber,createdAt
"01116","0x8Eeee47bA750144A8d68264eb919B0fDDaDdC658","https://x.com/01116/status/2095108606175368389","","2026-09-04T21:15:19.000Z"
"ErichReimer","0x2e1e2b17f3db433ae882379274755670122e23d4","https://x.com/ErichReimer/status/2036026211596419507","143","2026-09-04T10:35:16.000Z"
"02982","0xF746f3fc7e6Ac771023C772339e255b607947925","https://x.com/02982/status/2095080547674461729","","2026-09-04T21:15:03.000Z"
"0328","0xB87CB65b3D3ff9052aD9df7F9ACE2E7B4140b915","https://x.com/0328/status/2095423493410457945","","2026-09-04T21:16:55.000Z"
"03jongbeom","0xAa472edbE1E0cc5e24968c8AaF4b44b0d1674ef6","https://x.com/03jongbeom/status/2095551149235041456","","2026-09-04T21:14:27.000Z"
"0568","0x822B81F37a300ED65b1455a7E084A00C00834768","https://x.com/0568/status/2095395056670245168","","2026-09-04T21:18:19.000Z"
"06527","0x9668fD817601019a99AF735d48B6DA736c5f5F3E","https://x.com/06527/status/2095805733521775654","","2026-09-04T21:20:55.000Z"
"0xKalio","0x182066e0e2aed646516080f5fcaa3cb2071bb8d3","https://x.com/0xKalio/status/1892682790044307774","154","2026-09-04T10:35:35.000Z"
"0905ymm","0xd48271473370DfFF8fbc789b3bbd88C39cf7A245","https://x.com/0905ymm/status/2095959333687492924","426","2026-09-04T19:37:55.000Z"
"esseungxyz","0xd8481d34a18874e142f397f7da2e266f4b53c09e","https://x.com/esseungxyz/status/2095812213194072269?s=20","97","2026-09-04T09:52:42.000Z"
"zvbq1ytb","0x000ff1FD6aECa716dD0fb358Abb616AE22d2778F","","16","2026-09-01T00:38:40.000Z"
"laura63mp8","0x1b3197b20eDf0f91Aa7d6e54720abD7abd4261b5","https://x.com/laura63mp8/status/2092543979601002497","","2026-09-04T08:58:14.000Z"
"omoyeni7573","0x0487Cb6238B6481E332636C3F6C085FC13A1475F","https://x.com/omoyeni7573/status/2095776691050225834?s=46&t=_Wklym7maeTYCLQ4mpKSGQ","67","2026-09-04T07:31:50.000Z"
"Legend_LFW","0xc4766496ea22cb52ff43a7a3d153855b0cf3c8dd","https://x.com/Legend_LFW/status/2043637325876568523","110","2026-09-04T10:34:43.000Z"
"justinsuntron","0x52773785b21c20bc9e143ebf7e5600d99e600656","https://x.com/justinsuntron/status/2035380639252529626","126","2026-09-04T10:34:59.000Z"
"seth_fin","0xd895e2876140d08a8f980663f67165808e288596","https://x.com/seth_fin/status/2026761093108969954","145","2026-09-04T10:35:21.000Z"
"0blivion","0x28b3EB9B5eEABd15F485930CcB85b449DaBfbDD8","https://x.com/0blivion/status/2095203490518566730","","2026-09-04T21:17:26.000Z"
"woonomic","0x106723d972daca4e243894a34c05c4d1f81d3b3e","https://x.com/woonomic/status/1908987678932234728","163","2026-09-04T10:35:47.000Z"
"LLuciano_BTC","0x65c6ad6ce68a87b5ad00c330ac3ff73071a4de6b","https://x.com/LLuciano_BTC/status/2026606904357933450","146","2026-09-04T10:35:23.000Z"
"cryptorover","0x8218556ecba9f926bfee7ddd6fdbdda9ece20942","https://x.com/cryptorover/status/2029152203026440680","130","2026-09-04T10:35:03.000Z"
"0impact","0x4a60BDE679A92D48262Cf46759E4160EA813cab6","https://x.com/0impact/status/2095584664496753722","","2026-09-04T21:14:16.000Z"
"0x010695","0xD59d325B06b9625ae81001352dF00ae2Ffb3D7C8","https://x.com/0x010695/status/2095893921440395678","291","2026-09-04T15:17:56.000Z"
"0x3a50","0xb02F92b76F50f9f6FBe6E357428BaF5DB6ce9fac","https://x.com/0x3a50/status/2095696403013941747","","2026-09-04T21:15:00.000Z"
"0x_cody","0x3cf6d9c3b016578631b2a89cd7a0841920bdc6e8","https://x.com/RBD1924/status/2095881595521732716?s=20","357","2026-09-04T16:51:59.000Z"
"0x_fortune","0xd891C48924B91087d2E747DcafC9eB005F63726b","https://x.com/0x_FORTUNE/status/2095043107726747167","","2026-09-04T21:14:44.000Z"
"0x_zax","0xd9B9431EE5D2A3303F40B0BADf3684A34C6001fB","https://x.com/0x_zax/status/2095457540763699237","","2026-09-04T21:16:06.000Z"
"0x_zenox","0x85f7099C8EEe2Ebe8339ED9Ba126Da4d3b36171A","https://x.com/0x_Zenox/status/2095941951657038174?s=20","402","2026-09-04T18:29:11.000Z"
"0xalienpool","0xEa2c920ABFb760E70b7447AE828f33858b4D5979","https://x.com/0xAlienPool/status/2095057723790733191","","2026-09-04T21:14:09.000Z"
"0xamirrz","0x59BD76D1c7248fEC3A5E19A8e93AFcF47cfDd2aD","https://x.com/0xAmirRz/status/2095039303032905678","","2026-09-04T21:15:22.000Z"
"0xarees","0xee1d416fb9eb26eeaa639c40354d6f872a590be5","https://x.com/0xArees/status/2095895899625127988?s=20","296","2026-09-04T15:25:44.000Z"
"0xbale","0x04512CE7f95B827B4D5D3655762F93C3dc700561","https://x.com/0xbale/status/2095568588384805937","","2026-09-04T21:15:24.000Z"
"0xbuzor","0xf4c4bf02f4ae2efc0078d6c5a8c9aa45403a8225","https://x.com/0xBuzor/status/2095996172301148641","474","2026-09-04T22:04:57.000Z"
"0xdaddge21","0xdB97846dfF2329a0CbDE0FC0efe2A621dd6EfB1E","https://x.com/0xdaddge21/status/2095006504888749627","","2026-09-04T21:17:49.000Z"
"0xdigitz","0x1E9Ef6CA478B10d397BeC8cAf372b1C75830638E","https://x.com/0xdigitz/status/2095350660312258711","","2026-09-04T21:19:27.000Z"
"0xexa","0x00ac4fAEB13d9C71B92BaB350910E2F9F9B07BD5","https://x.com/0xExA/status/2095120797919289830","","2026-09-04T21:19:39.000Z"
"0xff","0x46aF23e6F3d11E1555a57223C9f8163F230CaAA0","https://x.com/0xff/status/2095035484110297700","","2026-09-04T21:14:42.000Z"
"0xfiktau89","0x9b7816f3eb2d35A24edD9BB4F33f05E9a2332494","https://x.com/0xfiktau89/status/2095892184201560212?s=20","281","2026-09-04T15:11:11.000Z"
"0xfin","0x0F47360c63E6145B62cBcC99522abB5db4cB0cce","https://x.com/0xFin/status/2095208724078026694","","2026-09-04T21:17:40.000Z"
"0xfunker","0xCD7c200De46B0565F3F8fDF3d1d69952a0ED68b9","https://x.com/0xFunker/status/2095044776290742663","","2026-09-04T21:18:18.000Z"
"0xgalxe","0xC24d1D0410eC8b8aB734DF62131443b237Be4dbb","https://x.com/0xGALxE/status/2095970796909740377","","2026-09-04T21:16:40.000Z"
"0xgream","0x11194fBe09AF0633D6a4455794b9E7c93FAef5D2","https://x.com/0xgream/status/2094938497878081929","","2026-09-04T21:16:59.000Z"
"0xhamza","0x300f4306E92F9599049cB51a710EC9b07016aF3b","https://x.com/0xhamza/status/2095929435303598409","","2026-09-04T21:19:12.000Z"
"0xhappy","0x08E266e80d362a5b083752d70E1D26E75e2730Af","https://x.com/0xhappy/status/2095680024530896491","","2026-09-04T21:14:29.000Z"
"0xho3ein","0x4f4f564b8b9b900ea9a28e4fc3a34df05a81d9bb","https://x.com/0xho3ein/status/2095270661765013299","","2026-09-04T21:18:48.000Z"
"0xhyde777","0xe1017d7a224d2a54c13e414054c46e1c5cfb0fbd","https://x.com/0xhyde777/status/2096054960014401896","508","2026-09-05T01:57:31.000Z"
"0xhyu","0x18667aF4567B889dAef34B9691E9b7651F595c39","https://x.com/0xhyu/status/2095881728607043802?s=20","243","2026-09-04T14:28:55.000Z"
"0xihor","0x72DB8030EC555CC1C61c60968a9Ee08ed3B452fd","https://x.com/0xIhor/status/2095647697538945563","","2026-09-04T21:20:58.000Z"
"0xinexplicable","0x2d1e98fcc4fd3f42a36834125bed07e56a39a9c8","https://x.com/0xInExplicAble/status/2095883288850080062","249","2026-09-04T14:35:21.000Z"
"0xjkair","0x47680Db32214fCd248e676E95A84FA764E4C5B8e","https://x.com/0xjkair/status/2095219634598733837","","2026-09-04T21:21:15.000Z"
"0xjoyboy","0x0865bE96A21422299A2042B2E0c43B2Ae2e71d21","https://x.com/0xjoyboy/status/2095121053163957476","","2026-09-04T21:16:48.000Z"
"0xkage","0x19f4f20df89fd2738438F2E71d9e1566bFf0BcA6","https://x.com/0xkage/status/2095388647550324554","","2026-09-04T21:16:04.000Z"
"0xkanata","0x5aDA89A6a533C22B35e1D2a4b66250c92a5CFb44","https://x.com/0xkanata/status/2095391002226772437","","2026-09-04T21:15:58.000Z"
"0xleo","0x77023877e231cd0d7ACA85c8652eD5826cabd223","https://x.com/0xLeo/status/2095783575313696786","","2026-09-04T21:16:05.000Z"
"0xmaduro","0x0d8b48ec28f27efb5c2a8bb928d139595f06158d","https://x.com/0xmaduro/status/2095880792765497711","307","2026-09-04T15:39:30.000Z"
"0xmihaiolteanu","0xEB6c74CF1FFa72BeB2973aF55e79a7a6AFBdf289","https://x.com/0xmihaiolteanu/status/2095027055616654319","","2026-09-04T21:16:30.000Z"
"0xmora","0x5aA1836d1b91C033Ae2fC75e95834c5ddE61B935","https://x.com/0xmora/status/2095668968482266310","","2026-09-04T21:14:19.000Z"
"0xmorteza","0x59597D621CB473F1e2169861F72231fc77A1A4e6","https://x.com/0xMorteza/status/2095732899226104031","","2026-09-04T21:21:15.000Z"
"0xnanu","0xD7C0b1B2197B7e2a6DA180758D02Bd02E77DadE2","https://x.com/0xnanu/status/2095868852492255320?s=20","225","2026-09-04T13:38:01.000Z"
"0xnobody","0x229be2Ee4399d973a48aE798c6a369D6f179D1A0","https://x.com/0xNoBody/status/2095002441249593623","","2026-09-04T21:14:10.000Z"
"0xobsessed","0x211265d71e2e153e21CAb0f2cAbb8eF1Cb4137C2","https://x.com/0xobsessed/status/2095839029241298029","","2026-09-04T21:19:39.000Z"
"0xobst","0xa4A6d51Ba93e07373374a888a910bB5973490c06","https://x.com/0xobst/status/2095073668244261147","","2026-09-04T21:20:10.000Z"
"0xpegasus","0x406Dbd77D3fc4b3e625aBd459e4829fF18BF8B29","https://x.com/0xpegasus/status/2095378495034077845","","2026-09-04T21:16:00.000Z"
"0xrahul","0xc5bf39881F7781f0B47E279Df50B630540F459E5","https://x.com/0xRahul/status/2094919167684708616","","2026-09-04T21:14:31.000Z"
"0xs1mo","0x23d914ab49f4a896ebc53ce3b36a89298de00a28","https://x.com/0xS1MO/status/2095986586991186077","456","2026-09-04T21:26:47.000Z"
"0xsend","0x7208AEe04Ec573f45a3bFa5C4F579D02636DF245","https://x.com/0xsend/status/2095589809430294009","","2026-09-04T21:19:09.000Z"
"0xseyed","0xD937fb18289787336d61902f0566ac3d2286facD","https://x.com/0xseyed/status/2094935277089077242","","2026-09-04T21:17:37.000Z"
"0xsriwijaya","0xEaA79a6585656AEc4F39E5c25be92111112f91d2","https://x.com/0xSriwijaya/status/2094949259378901204","","2026-09-04T21:20:00.000Z"
"0xsunshine31702","0xa82873be6c52374796cce133d550791a50bfcfab","https://x.com/Haunting_Hoods/status/2095895534615904498?s=20","527","2026-09-05T03:55:45.000Z"
"0xtapout","0x4A84b692f3DbD41e7ebA42aD6292C628d3D0293a","https://x.com/0xTapout/status/2095478737983561405","","2026-09-04T21:19:17.000Z"
"0xthor","0x7709827237dd1942f0DD307C1312D312Da1e0A8b","https://x.com/0xthor/status/2095109120887092868","","2026-09-04T21:21:36.000Z"
"0xvulture","0x8c658aaF1dECBcB16Ee8a630Dbd0F02f2620A283","https://x.com/0xvulture/status/2095861075978486075","","2026-09-04T21:15:01.000Z"
"0xxiaoxin","0x323Ba28636fCF86832d31E9eEcf8d5B6D6b93A9d","https://x.com/0xxiaoxin/status/2095317481317656710","","2026-09-04T21:16:01.000Z"
"0xxlowart","0x17c4a562f267752c1a36637685826ee2fa6cd6c4","https://x.com/0xXlowart/status/2095900579092672594","310","2026-09-04T15:44:03.000Z"
"0xzetton","0x626a96d2796aE29EC856bE33d0039AfFF308C9DA","https://x.com/0xZetton/status/2095040663489426707","","2026-09-04T21:16:48.000Z"
"0xzvan","0x0e34E11B5bfA202eF0e8605CD142D6Eaa03E944F","https://x.com/0xzvan/status/2095286464318427659","","2026-09-04T21:19:11.000Z"
"10xrusk","0xac32B80D78037A1aA6C2C1666f3B998A8819B391","https://x.com/10xRusk/status/2095365651968693824","","2026-09-04T21:14:44.000Z"
"12345555","0x80c6eC98a9942a29f16e07518F283A2F25DF109B","https://x.com/12345555/status/2095574731520158671","","2026-09-04T21:15:53.000Z"
"1234vbn","0xfc7Bb90D2cB25bCc39e4BaB2FceB4dF223c59121","https://x.com/1234vbn/status/2095761622861793716","","2026-09-04T21:21:37.000Z"
"1234wang","0xB19EA564E2B66D54Ac3e6DA6C5E2e96a8D201D3C","https://x.com/1234wang/status/2095666014393316180","","2026-09-04T21:21:04.000Z"
"124234","0xBDd72BF325D93FcD20E581C37062bBd1Dd23E392","https://x.com/124234/status/2095562727396678704","","2026-09-04T21:20:20.000Z"
"rimtoln","0x45dbfdff1e2107ccd09e5cb3ac6b60b0a33104fb","https://x.com/rimtoln/status/2023027605247553683","134","2026-09-04T10:35:07.000Z"
"1417x","0x412CAe1C1180cB794A2f74aB7e4875e78Dc5bF9e","https://x.com/1417x/status/2095862736896750465","","2026-09-04T21:20:23.000Z"
"14ec","0x0c13ADA3052189FE25cb3Af0c4BD9fE7E2CeDfBa","https://x.com/14ec/status/2095538707196931043","","2026-09-04T21:17:57.000Z"
"inott999","0xd1e7328c9ed05dc1bf052c519913d8beb330bd02","https://x.com/inott999/status/2095846702246924533?s=20","186","2026-09-04T12:12:45.000Z"
"anna73lf4","0x2A495d67E78e4117461FeEe73fC5DD49617d8a9b","https://x.com/anna73lf4/status/2094141454543749121","","2026-09-04T08:58:30.000Z"
"Want_whale","0x11544B46E1db22e6BEE93200f34822fe658Ef183","https://x.com/Want_whale/status/2095854417828253857","195","2026-09-04T12:40:33.000Z"
"eternal_0x","0xe68e5e3635bc6f8a55628eb50a5a4b00add7cbd4","https://x.com/eternal_0x/status/2095780966711300135?s=20","72","2026-09-04T07:48:45.000Z"
"AjaoMercy1","0xC147C093f6229Cd6Ae6f7FAa36030057ECFce316","","13","2026-09-03T22:26:32.000Z"
"rihan736","0x491f2e07531689734c03952a3f71a1bc3f9bde38","https://x.com/rihan736/status/2041845740570382753","143","2026-09-04T10:35:17.000Z"
"krasnovcrypto","0x46990902868181590b5d9fb4d743f442d2a3fc6e","https://x.com/krasnovcrypto/status/2029190319779024998","133","2026-09-04T10:35:06.000Z"
"alicharts","0x15f7aa51810a11d6d77754e4dcfbccfe9055070a","https://x.com/alicharts/status/2026899780052680892","126","2026-09-04T10:34:59.000Z"
"JoeNguyenl6xx","0x81228de3503727d64306195d5cC20407b6E50D27","https://x.com/JoeNguyenl6xx/status/2094534933958623233","","2026-09-04T08:58:59.000Z"
"KarenCarteorc6","0x6f11022167AB665EB37f046338cF9bfD0a585217","https://x.com/KarenCarteorc6/status/2092984460789153793","","2026-09-04T08:59:02.000Z"
"RandyTorre7jtr","0xbc130bFF3BF4CCcde390712DBfAbb4E5cE37fF3A","https://x.com/RandyTorre7jtr/status/2094522266292322305","","2026-09-04T08:58:57.000Z"
"1mdollar","0xb78BdfF3984FC7324cDFE5ddCA7F3c0061d24172","https://x.com/1Mdollar/status/2095548165086693051","","2026-09-04T21:20:56.000Z"
"1tfg","0x21c87F9b7d7321e3B3157305b2CF1A7263b951F6","https://x.com/1tfg/status/2095689708876164638","","2026-09-04T21:21:10.000Z"
"2005yasine","0x75eF3A97A909F90BC518d44eD6C1B89f16125265","https://x.com/2005Yasine/status/2095915294321439209","348","2026-09-04T16:42:27.000Z"
"20092014","0x8ff13c9d377695d8f2ecCcDF20f9738382610b2C","https://x.com/20092014/status/2095731546722648113","","2026-09-04T21:18:20.000Z"
"2068","0x8506d151b97b0e72763E9548f833D7f771bfcA64","https://x.com/2068/status/2095453007735869506","","2026-09-04T21:20:05.000Z"
"SoSoValueCrypto","0x397d7b9d88ee1fcad4586571ac2378e8b258062a","https://x.com/SoSoValueCrypto/status/2026119175849345128","138","2026-09-04T10:35:11.000Z"
"20wahyuw","0x0BB8133D5A19132A243AFEBAa7fc3680C94440e0","https://x.com/20Wahyuw/status/2096031236468961421","492","2026-09-05T00:23:16.000Z"
"220volt","0x8446C0267389E1b73209f0575F0F1E3390ff3d0f","https://x.com/220volt/status/2095068091625475429","","2026-09-04T21:21:34.000Z"
"cryptounfolded","0xb8c5a60a6dfdd39357eea3e4751b6a9cd149e4c3","https://x.com/cryptounfolded/status/2036149522116534435","139","2026-09-04T10:35:12.000Z"
"Zevweb3","0x1ce9f7ef217b5afc2dd017fe42f934dc05313354","https://x.com/Zevweb3/status/2026937959312986608","118","2026-09-04T10:34:51.000Z"
"24hlive","0x2Cf131c948ABbd9271F43C4da292cEd56B7Dd4f5","https://x.com/24hlive/status/2095570314151336987","","2026-09-04T21:19:55.000Z"
"jessica78ej0","0xb4A2DAa0b0Df2BEf6A5c83211d5cf442D944e87B","https://x.com/jessica78ej0/status/2092830830777860097","","2026-09-04T08:58:28.000Z"
"pete_rizzo_","0xb5e78d72480829ba80c10b9126ae57bf641af872","https://x.com/pete_rizzo_/status/2034214050251337834","149","2026-09-04T10:35:28.000Z"
"tienho_nyx","0x1e48c5fa8f76d21f4f88128d65d08acfad697997","https://x.com/tienho_nyx/status/2022501022548283637","150","2026-09-04T10:35:30.000Z"
"creepynads","0x4d835508e3b28f28237d5694d8d06f2596a5e39a","https://x.com/creepynads/status/2095847754899841183","187","2026-09-04T12:14:07.000Z"
"defi_monk","0x6f6c917e730336207260d8254366429cc1e948cb","https://x.com/defi_monk/status/1894795546193260768","153","2026-09-04T10:35:33.000Z"
"kathryn02tc4","0x9C3F79130f1749eE68d7228A3e09A6Ec7bea82c6","https://x.com/kathryn02tc4/status/2094785457144463361","","2026-09-04T08:58:19.000Z"
"wmougayar","0x439e68f2c878be4ebdf9cefb403fbf866c487efa","https://x.com/wmougayar/status/2005975908612440570","141","2026-09-04T10:35:14.000Z"
"0ximjoe","0x5d2af629013c6583e1069367b02127c0654809fd","https://x.com/0ximjoe/status/2024387280308510787","146","2026-09-04T10:35:23.000Z"
"MOEW_Agent","0xc785d6310b971acec5b396c8fdee6af7fc8be899","https://x.com/MOEW_Agent/status/1949753149050511672","153","2026-09-04T10:35:34.000Z"
"JessicaWhixvey","0x1206ae66191083D4e3561fd717Bc2Bf0F35dD46e","https://x.com/JessicaWhixvey/status/2094765132004458497","","2026-09-04T08:59:16.000Z"
"CryptoHayes","0x00c90e45c9dcd5a7880a63a19c422cc7034fc0f0","https://x.com/CryptoHayes/status/1803767642534051850","112","2026-09-04T10:34:45.000Z"
"3136","0x8ce1e69302085e466B4E3DA134ec04DFcb6657B2","https://x.com/3136/status/2095222206829053119","","2026-09-04T21:14:41.000Z"
"CryptoTony__","0xf10254ad491f2ba2c1c1c481235bb13152ea1109","https://x.com/CryptoTony__/status/1780141326115164380","114","2026-09-04T10:34:47.000Z"
"aeyakovenko","0xaf1dac99f889a3cc08b0f77ea72bd08c570ccd72","https://x.com/aeyakovenko/status/1906759256788156509","156","2026-09-04T10:35:39.000Z"
"TheSwingTraderr","0x13e7dea9a5e107caefa9a93b85c9834a032c4287","https://x.com/TheSwingTraderr/status/2037220008263115190","133","2026-09-04T10:35:06.000Z"
"381411","0x9594E9737f9b7836C7DA96B255d785C5eEe94Cf3","https://x.com/381411/status/2095140334548642412","","2026-09-04T21:19:36.000Z"
"38dd","0xF799c9aFf3E3a0fDD34bd5676Ee33169dD72C126","https://x.com/38dd/status/2095761169569548183","","2026-09-04T21:20:21.000Z"
"cryptooKaZ","0x2857cbb297a3aee5ad21902b109aebb1216f8727","https://x.com/cryptooKaZ/status/1908926148763074735","154","2026-09-04T10:35:35.000Z"
"brenda72yy1","0xD4a422944F0a791eee93B245366a8C9449aF7153","https://x.com/brenda72yy1/status/2095064497625497601","","2026-09-04T08:58:33.000Z"
"RonaldAndeojng","0xaaB7b2614e8F1b7499eD7ee132Df52DB8eC2C84A","https://x.com/RonaldAndeojng/status/2092909808372940801","","2026-09-04T08:59:22.000Z"
"sempak_kadal","0xefcd03be403684381ca721d6459d5ee6cc5ca957","https://x.com/sempak_kadal/status/2095842057319583929?s=20","180","2026-09-04T11:51:57.000Z"
"AmyPricesfxc","0xE448f02A6fFA838Ae38EA7c1b631c1cdD6AB1F8c","https://x.com/AmyPricesfxc/status/2092867741307371521","","2026-09-04T08:58:59.000Z"
"3antar","0xeFde1eF9dE10b03AF237Aa36d5c74511Da05DF62","https://x.com/3antar/status/2095336244873703746","","2026-09-04T21:21:37.000Z"
"IntelPocik","0xba8fe504b8687bc8cfce0dafba1c08c9afe004ae","https://x.com/IntelPocik/status/2029983074662994101","146","2026-09-04T10:35:24.000Z"
"StarPlatinum_","0x3688eaaf6b939f684aab7f5274c4b74281de5941","https://x.com/StarPlatinum_/status/2016186750314361034","144","2026-09-04T10:35:19.000Z"
"Solana_dailys","0x1cce66bc3417548e970dd3b161db30f6882d7f0b","https://x.com/Solana_dailys/status/2025001907887243386","153","2026-09-04T10:35:33.000Z"
"fitusedu","0x7a59228d862517884b66c4b26e3d6c6289f548ea","https://x.com/fitusedu/status/2095846805108080809?s=20","184","2026-09-04T12:10:25.000Z"
"linda29pj7","0x3C31C9f82f3474D4C8208dA32D5Beaf6067b62EA","https://x.com/linda29pj7/status/2094987827811975169","","2026-09-04T08:58:12.000Z"
"krystal02tc7","0x3E0Ef75e16657403b21A6914cE98A82a9C13fF8d","https://x.com/krystal02tc7/status/2093813126179848193","","2026-09-04T08:58:05.000Z"
"412120","0xCc4c088AFFA8Ee70272ac1d372A4a4D10d2E47Ff","https://x.com/412120/status/2095405509105799356","","2026-09-04T21:16:21.000Z"
"41angel","0x7B16eec464fd8ED6A237C739eaEFb530B65Eb5A5","https://x.com/41ANGEL/status/2095276216004942019","","2026-09-04T21:14:32.000Z"
"LeonWaidmann","0x17ffdee2c0e93ff6c563bdbaab86c5ffb12211d1","https://x.com/LeonWaidmann/status/1947332835095785735","142","2026-09-04T10:35:15.000Z"
"4844969","0x50491052D1250E27bC6CED2fb937A4FF1581B1fb","https://x.com/4844969/status/2095647793333816038","","2026-09-04T21:19:09.000Z"
"Crypto_Chase","0xd9a59ee59e0dbabc13c967492e00cb6375271c8b","https://x.com/Crypto_Chase/status/2018513521999565186","115","2026-09-04T10:34:48.000Z"
"RuthThompskhu8","0x13c2c5e531C68ff93fE6cAF8FB49d3582AE8d74d","https://x.com/RuthThompskhu8/status/2094004526301315073","","2026-09-04T08:58:48.000Z"
"AaronHernaylrs","0xb9aE9A8F007b1dcebcE9A075449aF3e7cA3819DE","https://x.com/AaronHernaylrs/status/2093656451615555585","","2026-09-04T08:58:55.000Z"
"Electronwebb","0xfdcbfC1Fd1b4814a1185a579CbCe2647Efb2eCbC","","2","2026-08-31T17:12:19.000Z"
"CryptoMikli","0x28318253d858292b3103482f2f93d46410e4ad2a","https://x.com/CryptoMikli/status/2024252131964858611","113","2026-09-04T10:34:46.000Z"
"NFT_bunk3r","0xef28714311c79f4ea9d33c4cc2ad2bd06e88b39a","https://x.com/NFT_bunk3r/status/2095737628545171774","48","2026-09-04T04:56:43.000Z"
"Coiner_0x","0x1d164aba26402136e4201bd560c2fea7bff16d3c","https://x.com/Coiner_0x/status/2037906780785611239","119","2026-09-04T10:34:52.000Z"
"AltcoinSherpa","0x602f79cb575a9172b3cf4993c6793bbfcb2b05ec","https://x.com/AltcoinSherpa/status/1909813288195608681","164","2026-09-04T10:35:48.000Z"
"fdoo7vkp","0xf19798cADb04eAe5c0ADe0dC3dBb9D207b4E7cc3","","20","2026-09-01T00:38:40.000Z"
"VitalikButerin","0x49116209fc046e062dcb5fd0250c73e9b8767622","https://x.com/VitalikButerin/status/1297896017468129281","122","2026-09-04T10:34:55.000Z"
"heisenwitcher_","0x1b9f3d3c2f4a6bc8c88b571356fd8a49dc776665","https://x.com/heisenwitcher_/status/2095802092719894903","85","2026-09-04T09:12:44.000Z"
"GeraltNinja","0x90e93e232AfE8654a8aD727B88DB4841a26B8b10","https://x.com/GeraltNinja/status/2095827797079896103?s=20","166","2026-09-04T10:54:49.000Z"
"telonex","0xd2baabfba49a2a4e2a2daa7f33c1e1686bdb4d4a","https://x.com/telonex/status/2022251717270573513","116","2026-09-04T10:34:49.000Z"
"5966","0xE6b42638C97fC0c809d980BB407c475D83c4be8a","https://x.com/5966/status/2095696190426388404","","2026-09-04T21:19:45.000Z"
"DangaWrites","0xbeff4b5c0d205c8d0a94d85703493dc973f59cd1","https://x.com/DangaWrites/status/2026292638773629177","124","2026-09-04T10:34:57.000Z"
"MomoAgentVP","0x09Bf43A3E52A0e4585bbC0409C9123dB584C01D1","https://x.com/chiquast/status/2095511146505838922","100","2026-09-04T10:04:13.000Z"
"cryptothedoggy","0x01bbbfba7ea2d409cfd5f1f3c42a2a4b1a4f3f87","https://x.com/cryptothedoggy/status/2016896123450114136","144","2026-09-04T10:35:19.000Z"
"theRealKiyosaki","0x103e8b1c3644b060b51d20e8461d574e0745c825","https://x.com/theRealKiyosaki/status/2034023953090678796","140","2026-09-04T10:35:13.000Z"
"mumo_mumo_","0xb4bd788a78a5ae40259ca6e58ce96b5b2623cc0e","https://x.com/mumo_mumo_/status/2042346265036443692","144","2026-09-04T10:35:19.000Z"
"ki_young_ju","0xb544f328dc5935712311e4568f770b204daef499","https://x.com/ki_young_ju/status/1909988756738015409","162","2026-09-04T10:35:46.000Z"
"sassal0x","0x23519a539b07fdf9a879e31959c0ff0d24ee3e0e","https://x.com/sassal0x/status/1910179734484218234","160","2026-09-04T10:35:43.000Z"
"openletteryt","0x304cf0bb8c1fb8be40fa84e433d090052f1c66b5","https://x.com/openletteryt/status/2026336283459830204","131","2026-09-04T10:35:04.000Z"
"rs1c2c4y","0xBAB3A5e210364CDe8c70B177FE3Ed035B3Ac80B7","","15","2026-09-01T00:38:40.000Z"
"6663","0xa40037B65e8C21F70964eF76984696740b8b56D1","https://x.com/6663/status/2095215536093349802","","2026-09-04T21:16:40.000Z"
"angela44aw9","0x5B367bF78B59aD26DC7F58105d64f2587565a5a2","https://x.com/angela44aw9/status/2094603605578350593","","2026-09-04T08:58:45.000Z"
"jennifer30jn1","0x9d7328B4708b143EF8A87345a2a1ae17127E0340","https://x.com/jennifer30jn1/status/2094967230017044481","","2026-09-04T08:58:41.000Z"
"Adeyanju1993","0x7193a075E6BbecbF7cd489D510697fE6163b9AD4","","14","2026-09-03T22:37:37.000Z"
"econoar","0x42f37566ae7169e76831e91458c898e84e808d91","https://x.com/econoar/status/1907915617278509095","160","2026-09-04T10:35:43.000Z"
"LouisHarrifgfa","0x20CB88dAeeDFB587dB1d46a1f8235a12D2357F5D","https://x.com/LouisHarrifgfa/status/2094762289981816833","","2026-09-04T08:59:03.000Z"
"Lolatoye1","0x91aa9ae6ed87b259189997ef0cda21cac0d2f74e","https://x.com/Lolatoye1/status/2012158547660882251","143","2026-09-04T10:35:17.000Z"
"robin18ag3","0x9dF675820512858fDb7721b0Bd8f8320b5b5e5d0","https://x.com/robin18ag3/status/2093325710377615361","","2026-09-04T08:58:19.000Z"
"Jonk_X28","0x1ea5460094e55907825f1cf2547fea3c9f36d813","https://x.com/Jonk_X28/status/2095799649122795857","82","2026-09-04T09:02:42.000Z"
"angrycryptoshow","0xd9d3d1a2d5110602172112d0313ea322954d93dc","https://x.com/angrycryptoshow/status/2032856801020985744","135","2026-09-04T10:35:08.000Z"
"PierreSamaties","0x873758249cfbaaeef490708cec772b1057d8829a","https://x.com/PierreSamaties/status/2012888736388788257","145","2026-09-04T10:35:21.000Z"
"carol47av8","0x767a744E8ab09230F192aA227da7234A6839E62F","https://x.com/carol47av8/status/2094639148911558657","","2026-09-04T08:58:03.000Z"
"DeFi_Dad","0xa2bf397285717bee12da2a63b237c5e39278fdd1","https://x.com/DeFi_Dad/status/1909623543923523967","161","2026-09-04T10:35:44.000Z"
"Snapsh0tSn1per","0xff78516ecb581e57588df7864beb9bbe3dac00fc","https://x.com/Snapsh0tSn1per/status/2026940795576610858","137","2026-09-04T10:35:10.000Z"
"peterjwolff","0x11a917f48296b28183f87e36c1a5e9c2c34c8bf5","https://x.com/peterjwolff/status/1897123456789012345","106","2026-09-04T10:27:00.000Z"
"diana18rk9","0xCC0589eA49C909B4b184F058012964F767135aDF","https://x.com/diana18rk9/status/2093795701124235265","","2026-09-04T08:58:04.000Z"
"gloria53vq0","0xCA8E82a7D76c68A54c911fe9FAAaF8B7140019b4","https://x.com/gloria53vq0/status/2094965596260139009","","2026-09-04T08:58:10.000Z"
"dendimopoy176","0x9a76cfcd2e44e4ed629d7c892d72bbea21c6a13d","","8","2026-09-03T20:54:17.000Z"
"inSec8386","0x825a5e4d38d33f14bf34f68e906e771380c63c1f","https://x.com/inSec8386/status/2032863339739754662","127","2026-09-04T10:35:00.000Z"
"KonstanttinS","0xe361939a179969d97573b78f10f11897dc03aab1","https://x.com/KonstanttinS/status/2024777795159597107","110","2026-09-04T10:34:43.000Z"
"AndriiPst","0x626902B74Cad96299A0AA1fDC728b73eF3166BA6","https://x.com/AndriiPst/status/2095854205806244167?s=20","194","2026-09-04T12:39:37.000Z"
"JustinJenkvlf9","0x0deaf50F5F4f123204361EEBd22655D9734D02bd","https://x.com/JustinJenkvlf9/status/2093843184663658497","","2026-09-04T08:59:17.000Z"
"803800","0x8AD13aaB3d3F1CEdcF6A0314da341B296F4c0DA7","https://x.com/803800/status/2094899688161872033","","2026-09-04T21:19:14.000Z"
"0xRobbStack","0x809d08986f935db848f6d0b9b83220fab6037085","https://x.com/0xRobbStack/status/2024431154745446615","148","2026-09-04T10:35:28.000Z"
"Grimmjoweez","0x11c2aae29d1fdf8bac1fb7cf60b2d8467764e9f9","","8","2026-08-31T20:55:20.000Z"
"0xMert_","0xb2a5adf90402bb3c10d3f07e07e8bfdb31b072ac","https://x.com/0xMert_/status/1920118481572143421","158","2026-09-04T10:35:41.000Z"
"KellyClarkgpej","0xC7a359fE17CC26D9ED70b8260CC503573863B415","https://x.com/KellyClarkgpej/status/2094443859219054593","","2026-09-04T08:59:00.000Z"
"Defi_lord002","0x646db1c3c10f7c6d784e2ca6c00f3e178f4a42cf","https://x.com/Defi_lord002/status/2024254058018853211","129","2026-09-04T10:35:02.000Z"
"DiscoverCrypto","0x394a50a3e4e29ab14ecedd549d6a878769207626","https://x.com/DiscoverCrypto/status/2026415718653407698","154","2026-09-04T10:35:35.000Z"
"HugotoCrypto","0x4cbd6016265d9318c9af2070528c556f4ff1102b","https://x.com/HugotoCrypto/status/2013333188571963587","138","2026-09-04T10:35:11.000Z"
"888000","0x526a5454EdBE6337614E6dfe58E7305FF4FDDd15","https://x.com/888000/status/2095608016389904615","","2026-09-04T21:16:25.000Z"
"tedtalksmacro","0xe3d2821c1e3a6c90c599925d17ac2d58a9e689e9","https://x.com/tedtalksmacro/status/1910076826696712512","162","2026-09-04T10:35:45.000Z"
"Gmal2289","0xdbd3a9173Fc211D6899D4A41C726D765abA9FeB8","https://x.com/Gmal2289/status/2095643648641675522","34","2026-09-04T03:56:22.000Z"
"ThanhPham1611","0x8C0E37A4B14eA2662B8CCABC1ed471ab8E48DE5B","https://x.com/intent/retweet?tweet_id=2095494665466237398","173","2026-09-04T11:18:50.000Z"
"8bit0x01","0x08C86d59265ce0868088023604d729d5c2e3c209","https://x.com/8bit0x01/status/2095404718208701501","","2026-09-04T21:20:42.000Z"
"serhio_lens","0x8affa6ba01b419be9659ecfca5ce7d19fdb17713","https://x.com/serhio_lens/status/2016876428835389472","129","2026-09-04T10:35:02.000Z"
"sara60fl0","0x7D8c6CcCB8d184C0276149421Fd265Ff626B2a10","https://x.com/sara60fl0/status/2093197778200035329","","2026-09-04T08:58:44.000Z"
"7tomars","0x78b3341381a6d1D130F599A94192fc07bA3AE582","https://x.com/7tomars/status/2095863696308294031","216","2026-09-04T13:17:37.000Z"
"ursoul_claimer","0xa936f53cBC2793F18789558f07Be6683063fEfDE","","5","2026-08-31T19:09:40.000Z"
"900524","0xA8d281b3737b15eBd6D3aCBfb561F2cdE1b57495","https://x.com/900524/status/2095006759650900046","","2026-09-04T21:21:37.000Z"
"DaanCrypto","0x9398b40726ee913f047c3b7d8da91d6f811f227c","https://x.com/DaanCrypto/status/2035082783513596246","107","2026-09-04T10:34:40.000Z"
"julie73qs1","0x1bb02B975AB903429b7140Db84Ec5E11F76c8FF3","https://x.com/julie73qs1/status/2094349886815207425","","2026-09-04T08:58:00.000Z"
"SolChadNFTs","0x6dd3c1ef3d650eb876d89d1e9380b54033dbceff","https://x.com/SolChadNFTs/status/2007907754149593559","152","2026-09-04T10:35:32.000Z"
"sandeepnailwal","0xcb6bb23cf8860927c229557a62103d700ee0f25e","https://x.com/sandeepnailwal/status/1937534023916081257","156","2026-09-04T10:35:39.000Z"
"Coachjv_","0xd19b68f03b37c07ae11911fc8d22f33a466ceb36","https://x.com/Coachjv_/status/2038736817068069338","108","2026-09-04T10:34:41.000Z"
"weremeow","0x18e2b6360bd4a90d9808cf92cb4f196eee122795","https://x.com/weremeow/status/1912362831519883689","158","2026-09-04T10:35:41.000Z"
"999sever666","0x5314e92E2De8b4D11d586FEf8A6217adeAd520E7","https://x.com/999sever666/status/2095317269673554881","","2026-09-04T21:17:49.000Z"
"999u","0x7c0E177F09Ff8235E1C956649768162E82E38DB8","https://x.com/999u/status/2095519911369361248","","2026-09-04T21:17:25.000Z"
"anna76hf2","0x2d173805C761C44b342f4c8deEBfF568E41fCC9f","https://x.com/anna76hf2/status/2092962111792611329","","2026-09-04T08:58:17.000Z"
"cryptoblast007","0xeea8f6dd11c44115dec8d5640eab3771980a2086","https://x.com/cryptoblast007/status/2095779031668920363?s=46","70","2026-09-04T07:41:22.000Z"
"GetTheDailyDirt","0xcf3bdb43a8c24a32b205dcd96963ab6daeb197a2","https://x.com/GetTheDailyDirt/status/2025795011300696385","147","2026-09-04T10:35:26.000Z"
"SergeyNazarov","0x9d1e7d2ad458e66cb41f75057f41030b93d4b336","https://x.com/SergeyNazarov/status/1902070928431685934","155","2026-09-04T10:35:38.000Z"
"DennisButltzxe","0x0c22cF1d228cFC4096722D06Ef3FFa55D2408644","https://x.com/DennisButltzxe/status/2092726889759113217","","2026-09-04T08:59:24.000Z"
"TaiKAIROS","0x76e049877fa174efe5add3fbfbed96b363a3192b","https://x.com/TaiKAIROS/status/2037524402519396463","155","2026-09-04T10:35:37.000Z"
"9e6huebpkwxyyat","0x4AFC6fAFbe1cd2B4c074107b86d2FB95C4c76abF","https://x.com/9e6hUeBpkwxYYaT/status/2096110462274580838?s=20","563","2026-09-05T05:38:32.000Z"
"RehanKhanSafi20","0x466da5a0619ca2ffeb0032054b560c6a5eed3fef","https://x.com/RehanKhanSafi20/status/2095830786217816281","171","2026-09-04T11:07:03.000Z"
"BryanBarneyttc","0xcC20cB985F73449D20BabD90828bc35F9EF54356","https://x.com/BryanBarneyttc/status/2092673616960290817","","2026-09-04T08:58:54.000Z"
"WandaScottwora","0xF7B4E73415247D288CD07Aa9E853f301BBa168Da","https://x.com/WandaScottwora/status/2095017082822328321","","2026-09-04T08:59:08.000Z"
"BrendaClard5yz","0x133Cb09Bc7EcBEbF86F486D7C10bf31eE2C2A97d","https://x.com/BrendaClard5yz/status/2092880753657380865","","2026-09-04T08:59:32.000Z"
"StevenClar0iup","0x61DAdFBb646C40698453d9f4B529673d36E9b44f","https://x.com/StevenClar0iup/status/2094833553287151617","","2026-09-04T08:58:52.000Z"
"JoanWalkerx2el","0xf110C88fBA8200B3957dDD4597a7A6BC12F635Be","https://x.com/JoanWalkerx2el/status/2094909057109327873","","2026-09-04T08:59:06.000Z"
"brittany91cl6","0x52C26D793fB396cf802eE25139225D8EfA419228","https://x.com/brittany91cl6/status/2092549772400394241","","2026-09-04T08:58:27.000Z"
"sapi_terbang15","0xC8D022f96D37C3D455885C52e64C9ceE6fCe5d92","https://x.com/sapi_terbang15/status/2095817680444145706?s=20","103","2026-09-04T10:14:24.000Z"
"ChristinaTnqmu","0xEd0633510dcBfD8bdf8E6487f678306462BCdbfF","https://x.com/ChristinaTnqmu/status/2092901492045381633","","2026-09-04T08:59:08.000Z"
"TheresaMyeadyx","0x5f94b30d26aA67819E39b4d6B936A94F8DaBF039","https://x.com/TheresaMyeadyx/status/2094530597710987265","","2026-09-04T08:58:57.000Z"
"7xxnlo85","0x9055ffE37aCF4d1Fc0eef55BCbeB50E65bd93D25","","18","2026-09-01T00:38:40.000Z"
"lkdinarc","0xb09fbe74eaeafc1b872dc0c9d3462bdfab31406a","","4","2026-08-31T18:49:25.000Z"
"olivia30ic2","0x4A7D7d0208a22dfe30b16BebE5107361f4E0f365","https://x.com/olivia30ic2/status/2093816348139323393","","2026-09-04T08:58:12.000Z"
"jennifer61zw7","0xfB6F170D221f8F0e21719fCB4d1BbFf6483672C9","https://x.com/jennifer61zw7/status/2094954296779997185","","2026-09-04T08:58:38.000Z"
"Rennyrexi","0xFa37DA87236e717FD81c5C8c8a623Fc106f7d6Af","","11","2026-09-03T22:19:02.000Z"
"amig0x","0xaEd3d005d8b18bA1348371e3bC43760a63905854","https://x.com/amig0x/status/2095799785219649947?s=20","83","2026-09-04T09:03:34.000Z"
"sarah42hv8","0xA9353A2C8b9A96A87F7Dd5fECD7Ff9D373E47ADF","https://x.com/sarah42hv8/status/2093453114278412289","","2026-09-04T08:58:30.000Z"
"ba11ade","0x532603cb9376b607f1a9c60e085c891c6ac25dbd","https://x.com/ba11ade/status/2095709657176445401?s=46&t=SMRalbOU-XUs7--5tWkJjg","19","2026-09-04T03:05:22.000Z"
"havan1988","0x923fa851ad24989ecb647cfd065847ba94a12623","https://x.com/havan1988/status/2095863848234537334?s=20","217","2026-09-04T13:17:58.000Z"
"yaowenjiaozi_","0xff81985aaba768269ffe591611afe499dab7242c","https://x.com/Haunting_Hoods/status/2095494665466237398?s=20","191","2026-09-04T12:36:49.000Z"
"RyanLongtctn","0x7Fe6EE01E4D1f9d4009C9Be57f707d91F3249b78","https://x.com/RyanLongtctn/status/2093313153109590017","","2026-09-04T08:59:12.000Z"
"yuhang11501600","0xd196b957c7688cdaef9c11960563f08b245fba09","https://x.com/Haunting_Hoods/status/2095494665466237398?s=20","43","2026-09-04T04:22:59.000Z"
"michelle49ag4","0xDE0900eCE1308FFACfE860551240eB5853b16174","https://x.com/michelle49ag4/status/2093475382404579329","","2026-09-04T08:58:02.000Z"
"ZeroNFT98","0xE79a4eCbab32212381b4aE6854ddC74B0A141b41","https://x.com/ZeroNFT98/status/2095860417147109427?s=20","211","2026-09-04T13:04:22.000Z"
"JesseEvansq4q6","0xAC31985e99772e5d5206c074dbF242E27a91833d","https://x.com/JesseEvansq4q6/status/2093076074098327553","","2026-09-04T08:59:20.000Z"
"deru_sn","0xdcc3de87cd4995be261aabf7b52bb2aa4e65ae4a","https://x.com/deru_sn/status/2095847081533726876?s=20","185","2026-09-04T12:11:36.000Z"
"exploringNFTS","0x0B971153BF765818c2c42ECe3844a94B998beAd9","https://x.com/exploringNFTS/status/2095750050043617382","55","2026-09-04T05:45:56.000Z"
"CatherineMz3kq","0x527394bd7747d74B67f9415cA1B162230267a471","https://x.com/CatherineMz3kq/status/2092762605947977729","","2026-09-04T08:59:31.000Z"
"bank65704","0x6c85abc5623a1c4afd283907244bd613bc74b717","https://x.com/bank65704/status/2095796228378255367","75","2026-09-04T08:49:33.000Z"
"CherylBailwviu","0xda9BE4e071bd3cc2f2c13a3d8EF89805A181A8C5","https://x.com/CherylBailwviu/status/2093874353564286977","","2026-09-04T08:58:49.000Z"
"460micej","0x396d2e7d98B1d031053BCD6e360a8398612F5725","","30","2026-09-01T00:38:40.000Z"
"godkilleraou2","0xd52f9f3ffe3e19d5a7a9a08234f3a01acfa4dcaa","https://x.com/godkilleraou2/status/2095723353697030218?s=20","37","2026-09-04T04:00:01.000Z"
"catherine01yh3","0x6d117E9A0269F807C54A5eA2Bf6b07dD633c6C7A","https://x.com/catherine01yh3/status/2094115100729278465","","2026-09-04T08:58:18.000Z"
"Hazokfd","0x9Dd4F74cc9ed3E8F222C6D1787dBA4da0537547B","","15","2026-09-03T22:49:12.000Z"
"sharon31ld7","0x1148D5bF9Ae2C664F5f0122e9d048032506d1f90","https://x.com/sharon31ld7/status/2093649608755380225","","2026-09-04T08:57:58.000Z"
"g1d5b7ib","0xE678C64edaC0c00a7E7D09C276DfdB6c5aAa0874","","29","2026-09-01T00:38:40.000Z"
"Contai1Soumya","0xE73f869dB981A87F890af869E4EEafb2082dc913","https://x.com/Contai1Soumya/status/2095828279575883803","169","2026-09-04T10:59:30.000Z"
"Briani1123","0x9309Da6077D7c0833aE20631846e00bBac5D0FA4","","7","2026-09-03T20:35:10.000Z"
"jessica16jk3","0x5562796B7A35834Dd637E3C8c5969D447a40aa1a","https://x.com/jessica16jk3/status/2094344924341207041","","2026-09-04T08:58:04.000Z"
"TammyHilljxrc","0x4Ae91E22D492B771151eDC6ebb35fC08ecfD43B0","https://x.com/TammyHilljxrc/status/2093538230140928001","","2026-09-04T08:59:11.000Z"
"rachel29ru8","0x0F26AF84667730201E00Edd072089bdE65243C91","https://x.com/rachel29ru8/status/2094404192687882241","","2026-09-04T08:58:40.000Z"
"zzq30654235866","0x5783057230ac897b24313205c0eb6312f5e2f68a","","",""
"AyanaHaq_Reborn","0xeee75022f71504a6eb2e1bc59560f0386e149440","","3","2026-09-03T17:16:12.000Z"
"NKhosidah","0x27CD043c8c04c15c0f5D48f261774A179C977535","","6","2026-09-03T19:59:49.000Z"
"coin29999","0x758982541bb7FD0ea713ca9B177ccb026B5eaFfE","https://x.com/coin29999/status/2095811890861773011","96","2026-09-04T09:52:18.000Z"
"0x_KINGSDELION","0x5C98205985cDf4fA126e13bA9e6D949aCB0DF595","https://x.com/0x_KINGSDELION/status/2095856140244455671","202","2026-09-04T12:47:26.000Z"
"VincentGreebbh","0x8D8Ce94340A1CBad6A9B12ACf3c7e77460B74b76","https://x.com/VincentGreebbh/status/2094906711142825985","","2026-09-04T08:59:09.000Z"
"MelissaRivzeb8","0x022649Bf0dd9eF9257d3EcE4bDfC526C3D3Dee1F","https://x.com/MelissaRivzeb8/status/2094760846298185729","","2026-09-04T08:59:27.000Z"
"kimberly96ru8","0x4298BCa02A87AB13aC246a8D2798626978b00DE6","https://x.com/kimberly96ru8/status/2094001251371974657","","2026-09-04T08:58:21.000Z"
"linda69ij2","0x2f6D9c8B5832DDFe5276462312882f049748EDd0","https://x.com/linda69ij2/status/2094198152763539457","","2026-09-04T08:58:23.000Z"
"hhtnice","0x629c26b50823872e561a721c0c2d5113edda4dd9","https://x.com/hhtnice/status/2095838651100057610?s=20","179","2026-09-04T11:37:44.000Z"
"AnthonyOrtmour","0x8F62dCD1F5B09B43d4c0A97AF2D8db7a67ea5f33","https://x.com/AnthonyOrtmour/status/2094943077692080129","","2026-09-04T08:59:29.000Z"
"MelissaReemvk3","0x075180cD444B36cfB6355F2c66BFa536Cc02bD5d","https://x.com/MelissaReemvk3/status/2092978824839954433","","2026-09-04T08:59:27.000Z"
"jamie71da2","0x8A226fcAca2243A78588230cA3F099292c4E9BE5","https://x.com/jamie71da2/status/2093417340195569665","","2026-09-04T08:58:21.000Z"
"MichaelPet38kz","0x66885828da819A23eF74C7fD35FA19118C432d56","https://x.com/MichaelPet38kz/status/2093493305470877697","","2026-09-04T08:58:51.000Z"
"DavidBrownx0b9","0x51ba1613C277752C5E7cd4710EAb56d6C6aa0885","https://x.com/DavidBrownx0b9/status/2094109973091975169","","2026-09-04T08:59:11.000Z"
"iii6964","0x0d150c74191cCACd642A9e4f4cD661831014EB00","https://x.com/iii6964/status/2095837893743022551","178","2026-09-04T11:35:53.000Z"
"samsome4real","0xb4e37C48EE60eb67f74428723010Df63926DF034","https://x.com/samsome4real/status/2095777338621370472?s=46&t=_Wklym7maeTYCLQ4mpKSGQ","68","2026-09-04T07:34:26.000Z"
"mbethik_","0xc9f14fd14e4a7f91cd89d652b85a97d42f98b569","https://x.com/mbethik_/status/2095713432951722189","20","2026-09-04T03:20:19.000Z"
"Nibir70","0x343d524d9cf92b37b3b64c72ae3e234397548958","https://x.com/Nibir70/status/2095858716507783226?s=20","207","2026-09-04T12:58:13.000Z"
"tweetbysherf004","0x7940e37F7EA457fC2C7f4a1e9f5BB2e554D39248","https://x.com/tweetbysherf004/status/2095809513261572361","95","2026-09-04T09:42:17.000Z"
"legendary_1989","0x8039d91c6a5b9809590818f94a2e0170d1a61191","https://x.com/legendary_1989/status/2095718030110294361?s=20","26","2026-09-04T03:38:46.000Z"
"simamora188","0x094a456b4f86A8D611f0a24fC502b0858Fd7b7aa","https://x.com/simamora188/status/2095769651447812293","65","2026-09-04T07:03:45.000Z"
"LoriCooperpwlm","0xD007870E2B96eAc15BEb87ab34B5d75f5df0ec6A","https://x.com/LoriCooperpwlm/status/2093670986724409345","","2026-09-04T08:58:48.000Z"
"stephanie43iq6","0x52f8F22b23D942d6cE6ea266a9A1b397C34868c1","https://x.com/stephanie43iq6/status/2092982146779054081","","2026-09-04T07:47:17.000Z"
"djish1066","0x9f8FFCF4D57DC59056581CD9fB7C1f1592878020","","4","2026-09-03T18:44:35.000Z"
"n09fyymu","0x799F705913e6DA5E1eaC49b05b833b9e09402C23","","36","2026-09-01T00:38:40.000Z"
"MatthewGarvpjg","0x8f44EFdE5E1B5257d5Ce155844C15Bee8A07E066","https://x.com/MatthewGarvpjg/status/2093177150432608257","","2026-09-04T08:59:03.000Z"
"haibaraaii9","0x27fc401dacbc42ae18bad282b1d757ef00a330da","https://x.com/haibaraaii9/status/2095855361857343796","198","2026-09-04T12:44:22.000Z"
"melanie96lf1","0x180F627e6C32Bc404BDFB274B0CdE1B3D2D65298","https://x.com/melanie96lf1/status/2094009448761655297","","2026-09-04T08:58:33.000Z"
"laura59wv8","0x2b7e21F165aB8Ad3970fDBfa3778C12936b0B5D0","https://x.com/laura59wv8/status/2094297203395788801","","2026-09-04T08:58:38.000Z"
"DeborahMurzety","0x622904E3AC9030F9f0ca2De84A91b5938fb7731f","https://x.com/DeborahMurzety/status/2092579499437719553","","2026-09-04T08:59:22.000Z"
"matelky","0xaeab181b90db7fe5539a6d1e64604b53026fc617","https://x.com/matelky/status/2095799093742465148","79","2026-09-04T09:00:31.000Z"
"carol87go4","0x3971c01CB91c259C82210b8e32B6BD73ab0bD7b9","https://x.com/carol87go4/status/2093670842947862529","","2026-09-04T08:57:05.000Z"
"DatTran1996","0x26Fd93d3BFb33B91d06CD5Ec385f03142e6A7Cf1","","17","2026-09-04T00:17:33.000Z"
"415cusq2","0x04A60c598A5Cb456DaB16d69D1AbC5FFC64A41AF","","22","2026-09-01T00:38:40.000Z"
"melinda77cu0","0x5F332325f249B09f08badF73B8629f1303b5Dc2E","https://x.com/melinda77cu0/status/2093183597992214529","","2026-09-04T08:58:16.000Z"
"selena57zn1","0x19eC4209CF1Cf151C20c68b340220A897Bb29C77","https://x.com/selena57zn1/status/2093492810509451265","","2026-09-04T08:58:23.000Z"
"KarenWoodeqcs","0x5f5a9CdDd8C5521195dab14Ef71af72B602e1a81","https://x.com/KarenWoodeqcs/status/2093177782585524225","","2026-09-04T08:59:13.000Z"
"kayla06cc4","0x46e0F8B5D805754Cc590f480F0eF45580682C4D7","https://x.com/kayla06cc4/status/2093249603745873921","","2026-09-04T08:58:33.000Z"
"andin9381","0x14cc48847347fe21ff06b83f2b663ae8409b268c","https://x.com/andin9381/status/2095747326736585049?s=20","52","2026-09-04T05:35:15.000Z"
"GeraldMoorov5m","0x083BbC214302def88b1c1150bBc9801e64D683FA","https://x.com/GeraldMoorov5m/status/2093641989235933185","","2026-09-04T08:59:23.000Z"
"elizabeth57qm1","0x2247f6a75153366cdf904b71669222160Fc16eE5","https://x.com/elizabeth57qm1/status/2094551038479564801","","2026-09-04T08:58:25.000Z"
"jennifer82jr6","0xc2F412FFf9Ef2744c7556dDBa840219F4476B022","https://x.com/jennifer82jr6/status/2094602546306875393","","2026-09-04T08:58:35.000Z"
"Yobi_Ninja","0xAed9210726428Ee8872cf59c637BB2fF0d9fe990","https://x.com/yobi_ninja/status/2095779372129014118?s=46&t=_Wklym7maeTYCLQ4mpKSGQ","71","2026-09-04T07:43:14.000Z"
"tara85uz6","0x3E623AD6c3A2641a409220CBBf562ff91BFB8582","https://x.com/tara85uz6/status/2093530590006476801","","2026-09-04T08:58:00.000Z"
"thvn165","0x48c69DD706a52A549E6b96d0f24108311d6fbE36","https://x.com/thvn165/status/2095720554120814835","31","2026-09-04T03:48:36.000Z"
"KeithPrices3qb","0x31043E7735354400CCcCa466A7d6Fa136D56123c","https://x.com/KeithPrices3qb/status/2094934637456392193","","2026-09-04T08:59:13.000Z"
"KatherineCuvq8","0x5378D4316b898CECF82707399028b4f2b3bC8Ef5","https://x.com/KatherineCuvq8/status/2094271728510304257","","2026-09-04T08:59:19.000Z"
"cheryl07qr8","0x3aeCE4AC370B425bd8134361D709E9a9E339A87c","https://x.com/cheryl07qr8/status/2093208700893265921","","2026-09-04T08:58:14.000Z"
"ZacharyTurycut","0xF8e83E3ebfCe25462011Be1BaA951EaC7300343c","https://x.com/ZacharyTurycut/status/2094232951540678657","","2026-09-04T08:59:01.000Z"
"JoeHernandmssr","0x2E42888a9b09346f48EF2654008AF57cf839165b","https://x.com/JoeHernandmssr/status/2093433524857077761","","2026-09-04T08:59:21.000Z"
"EricFloresiubv","0xF3ea74C8F5d10Fab042A579b96DcfB89ea649DA3","https://x.com/EricFloresiubv/status/2094211552830816257","","2026-09-04T08:59:09.000Z"
"LauraColliss9v","0xa877AEE40c722Def838a8726aE559cB4730e1EE1","https://x.com/LauraColliss9v/status/2094957227365367809","","2026-09-04T08:59:22.000Z"
"JonathanJoc2ct","0x03508ECE085b903824Ecc51eBDDf020bC2F11Fac","https://x.com/JonathanJoc2ct/status/2092636108272697345","","2026-09-04T08:58:56.000Z"
"emily49yd5","0xb1dA7b4f3b8C8dffdd05c0c5C04180eb16c9E89e","https://x.com/emily49yd5/status/2094088218633830401","","2026-09-04T08:58:07.000Z"
"MarieHallcupw","0xc9ba0451d2B6fE5c8c081852744d3682a6BfaF78","https://x.com/MarieHallcupw/status/2093003726422802433","","2026-09-04T08:58:50.000Z"
"crystal62jo2","0x98229452F7007DE29f70EbcfB3186D160F1C1234","https://x.com/crystal62jo2/status/2093320888605736961","","2026-09-04T08:57:58.000Z"
"Ytasdf63Siam","0x992D004C7df4ac5FE34eEa40Da26524c42E4AE56","https://x.com/Ytasdf63Siam/status/2095836109448360405?s=20","175","2026-09-04T11:27:51.000Z"
"WilliamTho9rjn","0x35744F81A0bE923cDb2347525F945e393a8C862a","https://x.com/WilliamTho9rjn/status/2094210207000297473","","2026-09-04T08:59:02.000Z"
"jessica66jf1","0x4728A4F64A2D952B33924C3dBf8AB8030346174D","https://x.com/jessica66jf1/status/2092652382277074945","","2026-09-04T08:58:36.000Z"
"Chie898","0xbA7aeEdA32e7fc4C35D2ACb8275D7D9EbC1AB69B","https://x.com/Chie898/status/2095727339351290026?s=20","40","2026-09-04T04:15:40.000Z"
"erika72za3","0xb4FA90B570b17d5325b3313339075d23347722f8","https://x.com/erika72za3/status/2094762678110126081","","2026-09-04T08:58:42.000Z"
"BadshahKing353","0x242D352683F35676D6c4E916A873A6252861A7c8","https://x.com/BadshahKing353/status/2095831712362021044","172","2026-09-04T11:12:22.000Z"
"jenna61mm3","0x0de15AAcaE5f682E7533C7782E3fC41155ba2F6E","https://x.com/jenna61mm3/status/2094154045731110913","","2026-09-04T08:57:43.000Z"
"tammy89gd2","0xC1e83682DA191c0E9e53AB2B849976aE04FdB6cD","https://x.com/tammy89gd2/status/2094335639062315009","","2026-09-04T08:58:20.000Z"
"puktiman","0xe6882A07f8C20BAEF0bbdd85561575fD982Ed384","https://x.com/puktiman/status/2095860380824125512","212","2026-09-04T13:04:24.000Z"
"AdamAllenn325","0x5BbF58aCdaB07a235A4aaA44B73c96C5728b4752","https://x.com/AdamAllenn325/status/2093877067123785729","","2026-09-04T08:59:01.000Z"
"0xvivlos","0x80c31fa2fd8aa96b3144a026e554f70757074a53","https://x.com/0xvivlos/status/2095835478507540789?s=20","174","2026-09-04T11:25:36.000Z"
"LarryPowel1y1e","0xB1d287C50c78d693893ED6De99616268536cCF95","https://x.com/LarryPowel1y1e/status/2093735010484879361","","2026-09-04T08:58:56.000Z"
"crystal03uh5","0x7E08D493BE7479238306438F9A926A02CFe2Ff0c","https://x.com/crystal03uh5/status/2093880064662831105","","2026-09-04T08:58:45.000Z"
"MarthaPhilfjni","0x5E799BAfA255BE4CE2c0D185e5AB4dff8474593f","https://x.com/MarthaPhilfjni/status/2094775068629401601","","2026-09-04T08:58:58.000Z"
"chase0_nft","0xed868d372ae0a97b5cef6197eb98f1671f1a5d47","https://x.com/chase0_nft/status/2095860780889419781","213","2026-09-04T13:06:11.000Z"
"fluxbaseeth","0xf9ffa431eff3a424ee227dcf258731d48994b63f","https://x.com/fluxbaseeth/status/2095720336746791355","30","2026-09-04T03:48:27.000Z"
"EmmaOrtiz3gez","0xf5A76aa65a3E2314f66a492Fdaac29390F28d89A","https://x.com/EmmaOrtiz3gez/status/2094062806331555841","","2026-09-04T08:59:09.000Z"
"dana03km9","0xd16aCFCcbf4C406Ea185D6e31B7804A97fb4E04A","https://x.com/dana03km9/status/2093569060087267329","","2026-09-04T08:58:40.000Z"
"EugeneKelldvpa","0xA32966c46A64c73C5218Ca97ef3B21b64a873A86","https://x.com/EugeneKelldvpa/status/2093618533505171457","","2026-09-04T08:59:19.000Z"
"amanda67px3","0x808Ee2dcd383fFb7aeeb69d56FdAF4582BC658E6","https://x.com/amanda67px3/status/2094973231877324801","","2026-09-04T08:58:35.000Z"
"olivia12cc8","0xf6E4Aca178da58c2a772991425F9e3051CBcD234","https://x.com/olivia12cc8/status/2094721379587850241","","2026-09-04T08:58:07.000Z"
"ChristianHxbc4","0x9e37f4DE0Ef9652d2Fc29A8a2e3D90686F6466F7","https://x.com/ChristianHxbc4/status/2094561474142797825","","2026-09-04T08:59:16.000Z"
"dodikpngst","0x8A5748559D9007f7d074DDFb49ca3224A3747a62","https://x.com/dodikpngst/status/2095722838447845433?s=20","36","2026-09-04T03:57:57.000Z"
"0x270198as","0x84e97ca9dD65C7d18d7928d9EA762A0085261B0b","https://x.com/0x270198as/status/2095722579160145967","35","2026-09-04T03:56:48.000Z"
"6mmph16a","0xCF3C5b6003D8f108eDEAd4558ED3F649A8981d0C","","35","2026-09-01T00:38:40.000Z"
"Aiken_web","0x7d668bb6e3db1b3331fef8921e01a038f115e27f","https://x.com/Aiken_web/status/2095850269267653055","188","2026-09-04T12:23:57.000Z"
"TasyaOktavk4i","0xac326874132933d2ea3c8a02d0cdcd7d4358d625","https://x.com/TasyaOktavk4i/status/2095732608508600717","46","2026-09-04T04:38:16.000Z"
"shawna90ec2","0xedF1782798F46eaC32A4AE9608aFE80143BA05cF","https://x.com/shawna90ec2/status/2094336443680817153","","2026-09-04T08:57:41.000Z"
"lindsay46pq7","0xaDA9f45F2E68c89cdF90402a61A60Dc058a1c60F","https://x.com/lindsay46pq7/status/2092885926924517377","","2026-09-04T08:57:41.000Z"
"StephenPriyobr","0x7465AA139b6Cd2c57D90ae9E2B4F4D1b3BBdce55","https://x.com/StephenPriyobr/status/2093797564305375233","","2026-09-04T08:59:35.000Z"
"CharlesFosrzse","0xD793ed0f9B297EAdeA240cb967a1925b5C2b28F3","https://x.com/CharlesFosrzse/status/2092879647824936961","","2026-09-04T08:59:12.000Z"
"elizabeth07jn1","0x50b9482A4f836CC8FA62A5C81D9F2014e9B34e64","https://x.com/elizabeth07jn1/status/2093471997659971585","","2026-09-04T08:57:58.000Z"
"LXSAGORHOSEN","0x5D2A48EE4a0eaDEF2e646C503A6a0Db4672DBA23","https://x.com/lxsagorhosen/status/2095735287435694334?s=46","47","2026-09-04T04:47:08.000Z"
"KyleRussel88oy","0x16d47dcC90C43F2B1BeEDf9AE214c2962735B4B4","https://x.com/KyleRussel88oy/status/2093999264525975553","","2026-09-04T08:58:50.000Z"
"SaraHernanycfy","0x0c4e048F50DAd4F617d99f72988550d34D7dAfD7","https://x.com/SaraHernanycfy/status/2094706805610381313","","2026-09-04T08:59:14.000Z"
"uumud4io","0xC3cEC75082c2B991420DB561d1386F260E98fb7f","","17","2026-09-01T00:38:40.000Z"
"Duy44345541","0xe2715C44a079C129bB9EFc966209D772bfA639C8","https://x.com/Duy44345541/status/2095798038153568520","76","2026-09-04T08:56:50.000Z"
"AioSala","0x344d46dbb295cecd6002c989b58ba6a5f52bdf28","https://x.com/Haunting_Hoods/status/2095494665466237398?s=20","44","2026-09-04T04:25:53.000Z"
"kurin_dh","0x3c1039F91726C25cB859782b1Caa9eAfD6BF0E63","https://x.com/kurin_dh/status/2095728466998313356","42","2026-09-04T04:20:02.000Z"
"cry4w5cf","0x93B331d9FCfC5B34E97a81E2Ce393EcbdfE95133","","32","2026-09-01T00:38:40.000Z"
"0905ymm","0xd48271473370DfFF8fbc789b3bbd88C39cf7A245","https://x.com/0905ymm/status/2095804071370437026","86","2026-09-04T09:20:39.000Z"
"tieungao7979","0x1c46182d4e94572849c7da787b32c1ba186e34b5","https://x.com/tieungao7979/status/2095855424901918854?s=20","200","2026-09-04T12:44:50.000Z"
"ChristineB6u2l","0xB832E3d07fecFc3Cf27882086B45E37E5E9bCcbE","https://x.com/ChristineB6u2l/status/2093638857869230081","","2026-09-04T08:59:31.000Z"
"Krypto_Lord004","0x18dD38670D56f3b24195e04b0592BdFF514B52fF","","7","2026-08-31T19:42:33.000Z"
"mary08ee3","0xB9094c4bd0Eb04A8131429c9C5D13996c06E2aE1","https://x.com/mary08ee3/status/2094372073181806593","","2026-09-04T08:58:23.000Z"
"dj8u739f","0x7AD6e4F382596A66cbB6B0F4672a8A0229868721","","27","2026-09-01T00:38:40.000Z"
"Killny3","0xeF211A5B0E5C8E02E674231F3F8585CA473a360F","","10","2026-08-31T23:48:45.000Z"
"NicoleDiazcspf","0xdb261894e0da857B3cdEA1e0Dc3790CdD43B4703","https://x.com/NicoleDiazcspf/status/2094015974381453313","","2026-09-04T08:59:24.000Z"
"ashley22hn0","0x1101650372B61Bfb66f27BEE9d75667216b1cB63","https://x.com/ashley22hn0/status/2094388898649079809","","2026-09-04T08:58:42.000Z"
"JuanPerrysowa","0x55c8f085053bfE37B3deCC72b2c01B9642358e2a","https://x.com/JuanPerrysowa/status/2094723595409293313","","2026-09-04T08:58:52.000Z"
"web3xBhumi","0xc4a5b05a4b0eacd61c4b3c9b9f00d3724eee8821","https://x.com/web3xbhumi/status/2095813167607955869?s=46","99","2026-09-04T09:56:54.000Z"
"9ok664b3","0x0A9a188650bD3C374141a3125359bfd1af98EC00","","25","2026-09-01T00:38:40.000Z"
"maria44th7","0xF5b728dB36C45fea2C9220a663f17C368a87c5Aa","https://x.com/maria44th7/status/2094073648783556609","","2026-09-04T08:58:10.000Z"
"callmerndii","0xca4515156411376dd00319a8a93875a9b02f6e71","https://x.com/callmerndii/status/2095757230998163852?s=20","60","2026-09-04T06:16:01.000Z"
"walaw33136419","0x59abd5935079490f06496070464501d6483de250","https://x.com/walaw33136419/status/2095716796913647642?s=20","24","2026-09-04T03:34:06.000Z"
"PeterScottp62i","0x9E019625a9935428479E0FF0fDC17D63a2B73915","https://x.com/PeterScottp62i/status/2092962656834027521","","2026-09-04T08:59:05.000Z"
"CiaNanamikp","0x010Dd13B588A806C1f0289317e18368516c8df35","https://x.com/Haunting_Hoods/status/2095494665466237398?s=20","38","2026-09-04T04:06:49.000Z"
"Linhka_si","0xf9831c29d6f4196d335e5cc52fa120ac78e5a6af","https://x.com/Linhka_si/status/2095799535453048956","81","2026-09-04T09:02:15.000Z"
"sadardiribosku","0xe9ea05c5e520538edcf0b36b82b11203f65525a9","https://x.com/sadardiribosku/status/2095846592041636015?s=20","183","2026-09-04T12:09:28.000Z"
"knightmare1104","0x5014c7c59ae000ccf53813796bb96c3960c6c1a6","https://x.com/knightmare1104/status/2095805741080944909","88","2026-09-04T09:27:15.000Z"
"Andrew_Mike2011","0xaab4066edb8c070c67fb14f707d3755cbbd7bc30","https://x.com/Andrew_Mike2011/status/2095725875555602582","39","2026-09-04T04:09:56.000Z"
"easyhoou","0x666660f598e56a376425c5f228f8952cc2905a72","https://x.com/Haunting_Hoods/status/2095494665466237398","193","2026-09-04T12:38:56.000Z"
"gechoowi","0x08f461e1f315200ff17f378685ea0237e634d2d5","https://x.com/gechoowi/status/2095758499334754450","61","2026-09-04T06:22:23.000Z"
"trickysholex1","0x26f1cf55e33f215000476a30ba36bdaedbb40baf","https://x.com/trickysholex1/status/2095806521267335440","90","2026-09-04T09:31:06.000Z"
"mary23bh0","0x339A38264A6aAdeeB6430A70baB2a9b987309058","https://x.com/mary23bh0/status/2092970608424910849","","2026-09-04T08:57:39.000Z"
"zadboykt","0x70C51A4C99f5996F7924ef877dA3904A36d3e11D","https://x.com/zadboykt/status/2095861598904811957","214","2026-09-04T13:09:26.000Z"
"laura79ty4","0x5D0A79649790F0f55f650DE7AfB42bAd96b869d8","https://x.com/laura79ty4/status/2093475573312520193","","2026-09-04T08:57:29.000Z"
"BrandonGompyae","0x1421C8c40c21367C2F74a4D6B66710AE70D8bf93","https://x.com/BrandonGompyae/status/2093025771340693505","","2026-09-04T08:59:29.000Z"
"DanielHillfcer","0xf17a2d783C189E77F94D9b75AF30BDFeDFE971AF","https://x.com/DanielHillfcer/status/2093723644961226753","","2026-09-04T08:58:51.000Z"
"heather51kr4","0x8AA508878eae4D48773F3f3e9FE6E1AF107f4CEE","https://x.com/heather51kr4/status/2094641035635326977","","2026-09-04T08:58:12.000Z"
"bagol132628","0x645F8960fba3EF1B17806dEd409C18a8588c4760","https://x.com/bagol132628/status/2095757348694552971?s=20","59","2026-09-04T06:14:50.000Z"
"khantlay12341","0x60616f95789227e589ef3a397a5C37b08CCA6cf1","https://x.com/i/status/2095728105025651004","41","2026-09-04T04:18:49.000Z"
"nicole68dn6","0x934b564d72450F7499978A223dA351c1844c9Ae0","https://x.com/nicole68dn6/status/2093923773190242305","","2026-09-04T08:58:45.000Z"
"SHUVOISLAM40","0x928BCCEF3b441Ab3596E59Ca51EEFB93C574cB81","https://x.com/SHUVOISLAM40/status/2095754716735283501?s=20","58","2026-09-04T06:04:13.000Z"
"DanielGraysla3","0x7328165886eA913692aA8B8Bd4EB9647e2Ad1826","https://x.com/DanielGraysla3/status/2094082643032276993","","2026-09-04T08:59:26.000Z"
"taylor34qs8","0x80D3FdC3931bA28a1E3e95F98aFA03fa649643E0","https://x.com/taylor34qs8/status/2094813511640154113","","2026-09-04T08:57:49.000Z"
"jennifer35qo5","0xf7C5b89B4B933074bc45720F2B0E61BF1a6e63e4","https://x.com/jennifer35qo5/status/2093902036763410433","","2026-09-04T08:58:37.000Z"
"kristen21dx8","0xdA6A75eAF72Cff441bA6668C8212BA0305A5fE46","https://x.com/kristen21dx8/status/2093002016933543937","","2026-09-04T08:58:28.000Z"
"hieucocghe","0xF1087BA4F53781Ad2739C9F1B34C8a111b0fC3f0","https://x.com/hieucocghe/status/2095823396395442185","165","2026-09-04T10:37:37.000Z"
"vmac5xwu","0x9E73A424d20A910Db9282251f8dFc191a690ff36","","28","2026-09-01T00:38:40.000Z"
"SharonJamegvja","0xfC119588563f5279D595a654B321ff992A982015","https://x.com/SharonJamegvja/status/2093725753999884289","","2026-09-04T08:59:23.000Z"
"megan51lg2","0x15A7D485e772fA37967F117C98E99843E5734824","https://x.com/megan51lg2/status/2095032170941775873","","2026-09-04T08:58:27.000Z"
"alyssa89ku0","0xC175B6956fb7A90f61DC1534BE5147A4a88F5dB4","https://x.com/alyssa89ku0/status/2093396112395206657","","2026-09-04T08:58:09.000Z"
"tina67dr3","0x66ac764E3F05fD92b2029251fF25b6b431256a56","https://x.com/tina67dr3/status/2092995789977550849","","2026-09-04T08:57:57.000Z"
"haas7141","0x515cA8cA7c86D95AD9bB23b12e8f4CA5FA169597","","1","2026-08-31T16:41:56.000Z"
"LouiseHilldkko","0xc0932EC3803CC19cf67Fc66E3c5D45C90392e692","https://x.com/LouiseHilldkko/status/2094955215454208001","","2026-09-04T08:59:37.000Z"
"0xFolaaaaa","0xdeee56ba4b7bb69be45741bb1ed3d791f26a691d","https://x.com/0xfolaaaaa/status/2095854017838469130?s=46","192","2026-09-04T12:38:53.000Z"
"Achonmy3","0xade2355C71240eA44B4de1c1f123e6a11cD3487A","","2","2026-09-03T16:00:54.000Z"
"JoanReedtlkg","0xa9434125dC4e863831533bEFEfF5D7Ef58f41e07","https://x.com/JoanReedtlkg/status/2093302078267981825","","2026-09-04T08:58:54.000Z"
"jennifer05rk8","0x125925fc5554b5990e59997EFF09e13049859Cf9","https://x.com/jennifer05rk8/status/2092674591506825217","","2026-09-04T08:58:14.000Z"
"amanda72re4","0x2CA5C879bB63F214ADbF9a49AfB289Eb40238cF4","https://x.com/amanda72re4/status/2094036054100148225","","2026-09-04T08:58:02.000Z"
"RichardDavv7hc","0x5a788FE4783365DD070a8c24433f7C63Ff53Bd75","https://x.com/RichardDavv7hc/status/2094300761293848577","","2026-09-04T08:59:42.000Z"
"alexandra68hj0","0x7C475D1A84d5Bc0F4BaA61063CF5313B52778541","https://x.com/alexandra68hj0/status/2092910642150244353","","2026-09-04T08:58:44.000Z"
"Ammon1_eth","0x7B95C2Ff009Be27fFC7a208FA586d16B3794ff6a","https://x.com/Ammon1_eth/status/2095807952632655928","92","2026-09-04T09:36:08.000Z"
"_blackpeter","0x04862E203884C45Ec85d47E8233615115305E990","https://x.com/_blackpeter/status/2095821266622215368","","2026-09-04T21:19:42.000Z"
"_largoroyal","0x9c6f0f829adfc5a264efafa59172a2dc0c74ccc5","https://x.com/_largoroyal/status/2095892362039832950","293","2026-09-04T15:19:20.000Z"
"_rocketrider","0xE7650b4b08968Ceab3f1d607a582391ef5Bc1d65","https://x.com/_rocketrider/status/2095296393744978364","","2026-09-04T21:21:21.000Z"
"_sander_","0x56B8eE8f51A12830B9B9404B257489F90aC23994","https://x.com/_SANDER_/status/2095392127272823679","","2026-09-04T21:16:05.000Z"
"_solitia","0x0e056619c73f767a982e0b2cb9ff92734a534266","https://x.com/_solitia/status/2095969408644743641?s=20","436","2026-09-04T20:18:06.000Z"
"_typeshi","0x81EFE7934d3f21429Fd6313964BB0dEeaE447060","https://x.com/_typeshi/status/2095490080523668028","","2026-09-04T21:15:25.000Z"
"misterrcrypto","0x9933755f82922b42cdf184ad4641d30bcece26e5","https://x.com/misterrcrypto/status/2034676775125418215","130","2026-09-04T10:35:03.000Z"
"a1144","0x6d0F4E21733Fe9371e88a19a19c68187CB602149","https://x.com/a1144/status/2094985925784583051","","2026-09-04T21:18:12.000Z"
"a11c","0xC7E83aA7B93F91346A1dba1C43bC8b09E529ef88","https://x.com/a11c/status/2094978105043674783","","2026-09-04T21:14:50.000Z"
"a16zcrypto","0x739cC325370080836454cD5Bfc5F489E61AF6616","https://x.com/A16zcrypto/status/2094959572142919295","","2026-09-04T21:18:42.000Z"
"a1888","0xdB6465619E888119f52165A7c411FbB0939141AC","https://x.com/A1888/status/2095555746593123422","","2026-09-04T21:17:38.000Z"
"PopescuCo","0x9d17b93273f0251a00ff85b67d73cf1a433b8517","https://x.com/PopescuCo/status/2027005411983794595","147","2026-09-04T10:35:26.000Z"
"laevitas1","0xec8d055fcb538005fafc99901277b550ae8742e2","https://x.com/laevitas1/status/2032198312569233605","118","2026-09-04T10:34:51.000Z"
"CryptoInsightsX","0x3204f734ff1a223d9be850a916e8596f28df3b26","https://x.com/CryptoInsightsX/status/2034130944672862365","136","2026-09-04T10:35:09.000Z"
"a6523","0x1A2EafDdE8e0460035daBFAdbc1197540f47106A","https://x.com/a6523/status/2095059120583649275","","2026-09-04T21:18:19.000Z"
"SaraCoopervtew","0x9382DEb8CCC6A561d10958ECE6FDc35CD9ed689D","https://x.com/SaraCoopervtew/status/2093198895306768385","","2026-09-04T08:59:18.000Z"
"JessicaWale4tn","0xaE68B8B34799dDC6fF9BCC5e26F21cbfcFd22307","https://x.com/JessicaWale4tn/status/2093120408931794945","","2026-09-04T08:59:25.000Z"
"a_ur47","0xD6495442F78Ca06a8286b33E6061B12cE9af6b7B","https://x.com/a_ur47/status/2095881182554750986","236","2026-09-04T14:26:48.000Z"
"aa191","0xdC3D8df72f1816eB9937688F71D7a9aFdF31b62c","https://x.com/aa191/status/2095302072948489340","","2026-09-04T21:14:52.000Z"
"aaa11223","0xE928f3aD3b5B7b3dd90fAb3cB01A4692490F2A53","https://x.com/aaa11223/status/2095837351104167335","","2026-09-04T21:15:54.000Z"
"aaaaaaaaaaa111","0xE9489545a3619a5a130c7e3E1F2F1eaC8b1FFa13","https://x.com/AAAAAAAAAAA111/status/2095805280775899272","","2026-09-04T21:19:36.000Z"
"aabbccddee","0x029e1a8aDdD56168AA76e179E6eE25E7dd9e9DB9","https://x.com/AABBCCDDEE/status/2095442510043276022","","2026-09-04T21:17:05.000Z"
"aabbee","0xe97Df42D731d322dd336993A7795C296ddb8eB57","https://x.com/AABBEE/status/2095021345253283233","","2026-09-04T21:20:12.000Z"
"aadq","0x547c50A3Ff1483447233883d1a91d50b4C47039e","https://x.com/aadq/status/2095912984584437939","","2026-09-04T21:19:44.000Z"
"aansore","0x717B73717FeDFA0014A57355d048A7b6051ADE29","https://x.com/aansore/status/2095058612922624795","","2026-09-04T21:20:46.000Z"
"aany","0xFd11AE4381eDA82c45cC2C89ba6Fe70a0CB7613c","https://x.com/aAnY/status/2095224842266911189","","2026-09-04T21:15:36.000Z"
"aanyy","0x60Cb15A6d2be56a0132b70B3e6bb7fB23BeF1335","https://x.com/aanyy/status/2095774272833370122","","2026-09-04T21:18:30.000Z"
"aassee","0xb828fC06FF58b7b1d78DD8d0cE22574A271343D0","https://x.com/AASSEE/status/2095643617026923577","","2026-09-04T21:20:33.000Z"
"aasunbul","0x1A9f7Cf772AaEeD965400E978058934CcD39d380","https://x.com/aasunbul/status/2095765013177508540","","2026-09-04T21:14:14.000Z"
"ab42","0x04C851112Ebb85b48f0be65714DA8A3ff48875e6","https://x.com/Ab42/status/2095256613482979817","","2026-09-04T21:18:46.000Z"
"abbypro","0xc8bFD31C7702e378e69f92527c21ede13d23E5E7","https://x.com/AbbyPro/status/2095810641642394818","","2026-09-04T21:15:57.000Z"
"abdoch","0x2ccc4dE95c1b6f7d29C43058923542EcC1C6f268","https://x.com/abdoch/status/2095836443549067203","","2026-09-04T21:14:13.000Z"
"abdul","0x1ce8F14DD782B5AaA73defe1aFF8f21F65D67053","https://x.com/abdul/status/2095555170327230151","","2026-09-04T21:17:25.000Z"
"abdul100","0xF112300B3Cef946c85F06Aa282a1D8A9f5406279","https://x.com/Abdul100/status/2094944462872755218","","2026-09-04T21:20:50.000Z"
"abdulfreeworld","0x66A0B4b667eC4f685F14C1f9a9A07fD3d303bC11","https://x.com/Abdulfreeworld/status/2095748464989439646","","2026-09-04T21:17:28.000Z"
"abdulkarem","0x4B50F354D41C0587328654a830e407C8fc4447dD","https://x.com/abdulkarem/status/2095541032433325067","","2026-09-04T21:17:54.000Z"
"abdulkasim","0xdcCFFD4dBbcf462E3Bc80b3739827aC38C1E3797","https://x.com/Abdulkasim/status/2095004754715976400","","2026-09-04T21:19:32.000Z"
"abdulrosid25771","0x4488e365021f68887e2f00931631f8267b6247cf","https://x.com/AbdulRosid25771/status/2096045611284115679","503","2026-09-05T01:23:54.000Z"
"abewee","0x2313777eF693F43560b9E95fC23e93B8A2Ec70e1","https://x.com/Abewee/status/2094908422601527464","","2026-09-04T21:18:57.000Z"
"abhijeetcg","0x9381EB2006a289eDF07DF9B070a63b338c470Ec7","https://x.com/abhijeetcg/status/2095280108821934643","","2026-09-04T21:19:06.000Z"
"abilat13","0x6517C4994b5c28Bc151904E976C7694A3033dF71","https://x.com/abilat13/status/2095771917869980608","","2026-09-04T21:21:30.000Z"
"abilsaeri","0x8b6cd19ad6facbf7530157210bb68954244b6d48","https://x.com/AbilSaeri/status/1476622530739769348","595","2026-09-05T05:58:56.000Z"
"abinaya","0xE6Cd752de13BA2C7BdC6547c2d0bb2D4c647f2af","https://x.com/abinaya/status/2095895483638490344","","2026-09-04T21:16:12.000Z"
"abireh","0xcAd0138823da929076712459eae81118155484F6","https://x.com/Abireh/status/2095142487208295797","","2026-09-04T21:17:00.000Z"
"abjantut","0xf1717af4388d08955497696b42b14920c4b4145e","https://x.com/Abjantut/status/2095546881140349704","","2026-09-04T21:17:36.000Z"
"abrakadabra","0x2Cb6DDBFC415cB7dB579a0e08F34a22821611481","https://x.com/abrakadabra/status/2095884983799137083","","2026-09-04T21:21:16.000Z"
"abubakar01290","0xE8ed6bb48342bE4c14E1b7A11c52B9aD278961BF","https://x.com/abubakar01290/status/2095971368802439217","439","2026-09-04T20:25:18.000Z"
"abubakarm1106","0x75fa0844d77867b2a3872d83dcc634e8ce7fcea3","https://x.com/AbubakarM1106/status/2095903553994805355","315","2026-09-04T15:57:21.000Z"
"abudum","0xE0B0B248dF503d980B1150a014bdd3046D2144d1","https://x.com/abudum/status/2095110497873844830","","2026-09-04T21:15:22.000Z"
"abumueen","0x9a017Bdab8326A37fC1489138Cb1F0E57e580Fec","https://x.com/abumueen/status/2095264450119544761","","2026-09-04T21:17:21.000Z"
"abunabil","0xE96E5b61Ac96d24Ea865F220378B943E0237ab8A","https://x.com/ABUNABIL/status/2095708078744436229","","2026-09-04T21:15:44.000Z"
"abundantia","0x5C6d9A2e0723c433eFaf23DcDa0ED06A1757a063","https://x.com/abundantia/status/2095331891182663372","","2026-09-04T21:18:37.000Z"
"abytex","0xDC16b1De5364343fEB3F0c65108fB43DE2840fBf","https://x.com/abytex/status/2095586799375779039","","2026-09-04T21:15:34.000Z"
"acawa","0x66cbE09699De3f92FDBbC5492509AbaBB991eacb","https://x.com/acawa/status/2095252950262000361","","2026-09-04T21:15:22.000Z"
"acc51","0xE2215A4E8607587487B0Df5f3E86537401AB05Fd","https://x.com/acc51/status/2095642157515047996","","2026-09-04T21:14:40.000Z"
"achanpi","0xb2fA78240a3a18B4df2B19d64fab4f5Cf753F611","https://x.com/achanpi/status/2095555259200657958","","2026-09-04T21:17:03.000Z"
"achebee","0x9c57c440b6988382e554b7076EA73a13efae71Fd","https://x.com/Achebee/status/2095592068611044008","","2026-09-04T21:15:27.000Z"
"acrollam","0xF74AF713dAB90Ab539371e7208C89f05d184FF9d","https://x.com/Acrollam/status/2094920251801503281","","2026-09-04T21:16:26.000Z"
"acsccc","0xF652C6d795A4d90D586a37987A45b41E0BAD4ecF","https://x.com/ACSCCC/status/2094944789468872346","","2026-09-04T21:14:03.000Z"
"active24","0x7234395439f16a8b3065B6a649fCA72F1AF8D24b","https://x.com/active24/status/2095611313299238594","","2026-09-04T21:17:48.000Z"
"saylor","0xd1360b87a56aa4b757c9609d7e78db28bfe49d15","https://x.com/saylor/status/2038949791577625046","122","2026-09-04T10:34:55.000Z"
"ada_captain","0xA1eD7A9313d8fFF6fd7F761D347Cbe3095B1C118","https://x.com/ada_captain/status/2095687935233228242","","2026-09-04T21:15:58.000Z"
"adabarbara","0xe53f1fbBd346f9eBB5E999f3FCc85fa9cDBC4C70","https://x.com/AdaBarbara/status/2095359425260050303","","2026-09-04T21:16:31.000Z"
"adadragon","0x9cB3e5Fb7e6BA29AfE637cd54FE42cD900f3A092","https://x.com/adadragon/status/2095069763643997122","","2026-09-04T21:17:39.000Z"
"adam7","0xB8DeF74610EeB057910b9906d0D31d1178B42CF0","https://x.com/Adam7/status/2095449007351519060","","2026-09-04T21:18:35.000Z"
"adam8468","0xB09daeF5DF3dD9519018d43a4Dd7F1B13B9c0688","https://x.com/Adam8468/status/2095740519658470782","","2026-09-04T21:18:23.000Z"
"adamsmiithr","0xba375d60a0ffeb4cf2f3321d4c9a10e9c3ff6b03","https://x.com/its0zen/status/2095884393848127669","279","2026-09-04T15:08:28.000Z"
"adamualiyu9877","0xa24546ebB26a0DB6Ae65b1cF506563960691e61E","https://x.com/Haunting_Hoods/status/2095880792765497711","507","2026-09-05T01:56:47.000Z"
"adaphoenix","0x7bdFe347ceB336B0648984380c8c1E0D3f635443","https://x.com/adaphoenix/status/2094918191306409372","","2026-09-04T21:15:35.000Z"
"adastar","0x851d5a0D8f7C61dB3b10CA7030bf4ffEfA7fce84","https://x.com/adastar/status/2095062375251593831","","2026-09-04T21:16:01.000Z"
"adc99","0xCC29E4619Ee460A7110A5a5e99CAe70F6ED90C2d","https://x.com/Adc99/status/2095719819411446796","","2026-09-04T21:14:47.000Z"
"addison721279","0x584952797F65f233ec46B7ef0aF0BBBeaE78bF96","https://x.com/Addison721279/status/2094900704334926433","","2026-09-04T21:18:20.000Z"
"adest","0x4F548DeDDe674A125eb92BBe30a51D08D5f8991a","https://x.com/Adest/status/2095383448048656709","","2026-09-04T21:19:11.000Z"
"adewahyudin912","0x8e50acddb305b623ffea515cb4dd4909f21cff1d","https://x.com/adewahyudin912/status/2095916554408087816?s=20","353","2026-09-04T16:47:39.000Z"
"adi85","0x8CEaf93360F2c4623a9B6f5d47c0Cc5ab257F861","https://x.com/Adi85/status/2095471812638764290","","2026-09-04T21:18:56.000Z"
"adiii1","0x554F8C5a2bc5c26f27733d6Dc9fDec805138556B","https://x.com/adiii1/status/2095311733469404000","","2026-09-04T21:17:46.000Z"
"adikur22","0x273e34B3B5c73999a2785F9CBaB5E99D657985Ad","https://x.com/adikur22/status/2095122787924570219","","2026-09-04T21:17:46.000Z"
"adirai","0x3A47ab3835A418Cc74Ae522CD427d2dcF0e89d5F","https://x.com/adirai/status/2095431209874677807","","2026-09-04T21:16:14.000Z"
"aditya1729","0x452f38F9D01018E1e6ef8A34f77323C5e5c8c23F","https://x.com/Aditya1729/status/2095004269512995970","","2026-09-04T21:17:50.000Z"
"adiweb3","0xFE935DD594b440Df46720b45FFEe7fba3a671eaC","https://x.com/adiweb3/status/2095431503177290686","","2026-09-04T21:20:21.000Z"
"adnansouthern","0x472F3898af47f0724eae64f7b16F11D3A319478B","https://x.com/Adnansouthern/status/2095356826129742245","","2026-09-04T21:21:01.000Z"
"adwdx","0x49D22d498c6F92539F18153C0f51Ed1Fcf4826BB","https://x.com/adwdx/status/2095950456384825214","","2026-09-04T21:21:04.000Z"
"aenaenge","0x7d86CF5B50BBae5AaFD524D0379E7d8A60E07d3e","https://x.com/AenaenGe/status/2095804156699254588","","2026-09-04T21:18:57.000Z"
"aerenerg","0xE2bc4d000c03f84F6e2A4bbd1C4Fe5dfde9564De","https://x.com/aerenerg/status/2095893730481046190","","2026-09-04T21:14:34.000Z"
"aertuoliy","0x2970e9c964c80ba17dF4Afb004C2665d923d272b","https://x.com/Aertuoliy/status/2095953278226218975","","2026-09-04T21:16:14.000Z"
"aeryn","0xfafA12a72e00868193F11e54d6Caac13d48Ac170","https://x.com/Aeryn/status/2095234122304950295","","2026-09-04T21:16:27.000Z"
"aezea","0x55510a3fa7a1f7618BA12A7CE4fb867580d110ee","https://x.com/AezeA/status/2095024478898626081","","2026-09-04T21:14:22.000Z"
"afa3000","0x8C96865a82A4c7116703a6D838c93466C54c339C","https://x.com/afa3000/status/2095639293861247419","","2026-09-04T21:14:20.000Z"
"afath_","0x516C3D1527214af68ea59D80DfD948BD6F2636C2","https://x.com/Afath_/status/2095751349747004746","","2026-09-04T21:19:26.000Z"
"afiex","0xa20E6927aCE4740cDBDc5c4b415EdD7B7a314e3b","https://x.com/afiex/status/2095526128550818667","","2026-09-04T21:18:24.000Z"
"afixyz","0x350D0758E0cBCC7817B755aF6d481804677fB276","https://x.com/afixyz/status/2095033318305699738","","2026-09-04T21:16:26.000Z"
"afshin","0xC9641dF9d2051F1E1d6b4980e54FE0B02Dd342FF","https://x.com/afshin/status/2095852093824931427","","2026-09-04T21:19:08.000Z"
"afvkd66353","0xC35899CFC7d8e71822B65B49Cd47AcE87003c227","https://x.com/AfvkD66353/status/2095948144131157381","","2026-09-04T21:20:38.000Z"
"agbjsghv94008","0x89b294108314BA42800bB60D381baeaE6768DCF3","https://x.com/AgbjSghv94008/status/2094996191616787063","","2026-09-04T21:20:39.000Z"
"aggelos1","0xd366E774Cb33Dbd76A0b4d7976fAAB84A478eF07","https://x.com/Aggelos1/status/2095978315762333675","","2026-09-04T21:16:43.000Z"
"agilan","0xB19AE8956C530f18aCDA718003E4f486C2868376","https://x.com/Agilan/status/2095107074306366248","","2026-09-04T21:15:03.000Z"
"agourai","0x2379FE51fA8de0AE365C202e888a27e11b298E1C","https://x.com/agourai/status/2095118927436824010","","2026-09-04T21:15:03.000Z"
"aguscute27","0x5543521F40d529AAC29F1743EEda4f620F80d213","https://x.com/aguscute27/status/2095289781374094044","","2026-09-04T21:15:56.000Z"
"aguspujianto","0x0fF32Fa2423C1377505Dc4B97Dac2E8Ec723c0A8","https://x.com/Aguspujianto/status/2095496882760386040","","2026-09-04T21:16:33.000Z"
"aguswibowo12","0xc33b69d402ed157e12edC39B2f62796b04F26FF4","https://x.com/aguswibowo12/status/1","620","1788588342070"
"agvkdjvk73908","0x879712C2f1B7722069A7Cae27dCde3Fc30bb8232","https://x.com/AgvkDjvk73908/status/2095379083765797429","","2026-09-04T21:19:17.000Z"
"ahamadhazzan","0x2977664b68840f31C640B9E9DB2F044E5426f5F0","https://x.com/ahamadhazzan/status/2096092770238615946","538","2026-09-05T04:29:48.000Z"
"ahmadfauzi77","0x27F6EC5Af28eCa714A31dF4C526B8c287d4a5927","https://x.com/ahmadfauzi77/status/1","616","1788588331652"
"ahmadzhd","0x5C5d86AEf73F568daC21Df4119D859Ba7097654F","https://x.com/AhmadZhd/status/2095877526180489542","","2026-09-04T21:14:51.000Z"
"ahmedhassan","0x7C48d3780164420383Cd3633385B29F8b26C04Fd","https://x.com/ahmedhassan/status/2095862744960360778","","2026-09-04T21:21:33.000Z"
"ahmet4866","0xaC9eBF8BE3324F1Cb6f0BF5F519a35E864098DFe","https://x.com/ahmet4866/status/2095264136392606478","","2026-09-04T21:14:57.000Z"
"ahmetaverse","0x84f0773Ca070c21d44f44D62A9F7676C500a4BB7","https://x.com/ahmetaverse/status/2095460622383306381","","2026-09-04T21:15:07.000Z"
"ahonx037","0x642cCC89e1770B889132C42aAbefC7B2BA54Bf37","https://x.com/Ahonx037/status/2095957506044908763","","2026-09-04T21:18:58.000Z"
"ahppha","0x271B95719291443e504b14dC07761847a2eC5Fa3","https://x.com/ahppha/status/2095429814312120318","","2026-09-04T21:17:37.000Z"
"ahsan1240","0x6c5eB50382a69D68459c9d1Da35894320cF391a2","https://x.com/Ahsan1240/status/2095009936082598793","","2026-09-04T21:18:04.000Z"
"ahsanmalik","0x9e28B5479b3Cb205A3d3541afD08221c6A0cE4bc","https://x.com/AhsanMalik/status/2095488903713006709","","2026-09-04T21:16:35.000Z"
"ahvmgckb72479","0xf351f0EFd5f13F49632779804650476541737900","https://x.com/AhvmGckb72479/status/2095916260760488739","","2026-09-04T21:16:38.000Z"
"ai_meme36922","0xc8BA831879b97FE511c2eaE1a51eE4eFDC6E7A8B","https://x.com/Haunting_Hoods/status/2095880792765497711","501","2026-09-05T01:13:53.000Z"
"aidaa","0x18DB90779de9405F3080404A921C7f9b661C77CD","https://x.com/aidaa/status/2095572949104333026","","2026-09-04T21:19:58.000Z"
"aiko9","0x670aFa2F50B3FB314670001e2BB5c01f4F79F098","https://x.com/aiko9/status/2095716332642151583","","2026-09-04T21:20:42.000Z"
"ailn","0x3d3e58Be178977869cc113cd75D4De086E928e0f","https://x.com/ailn/status/2095788559767971506","","2026-09-04T21:14:10.000Z"
"aiolos","0x585d2fb5864D21A1a5699c73fc938e417C59E1e6","https://x.com/Aiolos/status/2094988775603396292","","2026-09-04T21:18:54.000Z"
"airdrop256","0x49404885F3dcE983F68E28d06C54cFeD14709e83","https://x.com/airdrop256/status/2095582428621075508","","2026-09-04T21:21:08.000Z"
"airdrop3ltd","0xb19a1946669b94c0255AE3D79c6f9300908F4C84","https://x.com/Airdrop3LTD/status/2095008061844160395","","2026-09-04T21:16:16.000Z"
"airdrop_analyst","0x7c85C9b1E49D0c7834e997416a553F8e311D8266","https://x.com/Airdrop_Analyst/status/2095018568450763521","","2026-09-04T21:17:44.000Z"
"airdropadbae","0x3ce9C27A037867a72E70B7222fA5E617366Da64d","https://x.com/airdropadbae/status/2095736845322705107","","2026-09-04T21:15:33.000Z"
"airdropdesa","0x901dF3C532fbf3358225BB02F914943856f5196E","https://x.com/airdropdesa/status/2095598549974608463","","2026-09-04T21:14:50.000Z"
"airdropml","0x60F16A9f53E8EA049B7818c59a8934c64bEecEe9","https://x.com/AirdropML/status/2095126852104197133","","2026-09-04T21:17:39.000Z"
"airdropvanced","0xcA498B8fc11EeE386FeD915A85800502d4CABB42","https://x.com/AirdropVanced/status/2095004928638693470","","2026-09-04T21:17:44.000Z"
"aizenfald","0xBDC25f316F4B504d1240cbFCa5f9762309488Bd7","https://x.com/Aizenfald/status/2094961643762348698","","2026-09-04T21:20:29.000Z"
"ajayma","0x8406eB10E5b0c300E3AfEab29B40cF5A15532a44","https://x.com/Ajayma/status/2095968423448744069","","2026-09-04T21:17:56.000Z"
"ajdu401","0xC27138a382aC70b79Ef7f203Cf459d68C3f0F75B","https://x.com/ajdu401/status/2095036749891576064","","2026-09-04T21:15:29.000Z"
"ajdu512","0x05329710b98081e99a95692A6c9666944716D167","https://x.com/ajdu512/status/2095192977880132495","","2026-09-04T21:15:01.000Z"
"ajikristia","0x10B93b05cCb0f465D8Ea8Da3073f7DD5792b016d","https://x.com/AjiKristia/status/2095520099509522550","","2026-09-04T21:18:20.000Z"
"ajisaputra16299","0x9af40489c5f4c66d0760a781c8b2b3ec009cfe9e","https://x.com/AjiSaputra16299/status/2095914296282894708","345","2026-09-04T16:39:17.000Z"
"aka252","0x7327205690E0a4403427C87A72369a91390eE015","https://x.com/aka252/status/2094902706521086572","","2026-09-04T21:15:30.000Z"
"akansha123","0xB2B3eafc810126dEe2C88FE1159E8502AEf78493","https://x.com/akansha123/status/2095828972953422555","","2026-09-04T21:18:28.000Z"
"akashi430","0x35ebf7d95dd2a03c078c8eeb0aae3311e0dfac3e","https://x.com/Akashi430/status/2095888527523242394","270","2026-09-04T14:57:09.000Z"
"akehntucky","0x703adb7019ea5be7ca369e5b2020cde50b821891","https://x.com/akehntucky/status/2096037697563570308","497","2026-09-05T00:48:57.000Z"
"akh6","0xaff293d9943eda3568acd11d7244d5a202d54f4f","https://x.com/akh6/status/2095345355947757185","","2026-09-04T21:16:38.000Z"
"akiracd","0x059B7d4EE24C5609B6ac9Fc5DfF9A3d9ed5E5c43","https://x.com/akiracd/status/2095516768888386709","","2026-09-04T21:18:32.000Z"
"aknetwork","0x63d9e43d776c4b3579999Ec30C27A199154974D1","https://x.com/aknetwork/status/2095104207414082097","","2026-09-04T21:17:57.000Z"
"akshay991","0xf45EBCdCAD7802B3bEBC872f45eeeFf0D9276d3A","https://x.com/Akshay991/status/2095524641486927801","","2026-09-04T21:20:39.000Z"
"aku3","0x28822b37663699Af82B811De5E4DB79357718E7d","https://x.com/AKU3/status/2095856613373391409","","2026-09-04T21:16:48.000Z"
"alabde","0x21b25413B3Ee6Cf14fBe866a192A6cC34Cb00afe","https://x.com/alabde/status/2095331316326421795","","2026-09-04T21:15:36.000Z"
"alamin339","0x27C7cf4059015031f463f5dB32098fA64baC5084","https://x.com/Alamin339/status/2095402736084962848","","2026-09-04T21:14:12.000Z"
"alan18373440184","0x8Ad7d8e3588DC0e86558A3403f32d747b340843a","https://x.com/Alan18373440184/status/2095450161774674812","","2026-09-04T21:15:12.000Z"
"alaric142002","0xF134ebF1C66576AADa5cBef481B487Bf95ff70Bf","https://x.com/Alaric142002/status/2095067860010160838","","2026-09-04T21:17:29.000Z"
"albay27","0xCbfF6678d48Fab9b71B745219Ec0C430E0b6842C","https://x.com/albay27/status/2095659957217873690","","2026-09-04T21:18:43.000Z"
"alcan","0x8deAFB6bdA8e2d2238d6DB272f82bB62251380dF","https://x.com/Alcan/status/2095593777670471352","","2026-09-04T21:20:41.000Z"
"aldisaputra99","0x9e56535d69a1CEC06A3DcC5758C962008f7a304F","https://x.com/aldisaputra99/status/1","612","1788588320327"
"aldishelby","0x203a004692a8e1fe9C1D1Bb7dD0B3aE87AC171fa","https://x.com/aldishelby/status/2095843493593101931","","2026-09-04T21:19:57.000Z"
"aleix","0xb8Ee2Ded427eF6Ba21a2b060c6B015E9992A4bD2","https://x.com/Aleix/status/2094920285486977778","","2026-09-04T21:14:51.000Z"
"alejandrodark","0x19C697Ff4a4A7504201686082e03e34595135AF0","https://x.com/alejandrodark/status/2095745797994417825","","2026-09-04T21:14:22.000Z"
"alemhz","0x24b44be589602fCc1Bda01a0488430D20AC2b3C2","https://x.com/Alemhz/status/2095876638352095412","","2026-09-04T21:16:51.000Z"
"alesio","0x6406B61548614FAe5cc3566EabE958c2Aabeda17","https://x.com/alesio/status/2095311472851587952","","2026-09-04T21:15:42.000Z"
"alex","0x1171E39D0579ab608A1dB77B03ceE66d61713241","https://x.com/Alex/status/2095287048271152100","","2026-09-04T21:21:09.000Z"
"alex1234","0x593c42b608EF42E76c79A5Cb448399F0F41B316c","https://x.com/alex1234/status/2094924313406760734","","2026-09-04T21:16:22.000Z"
"alex97","0x974E408DD13ce473cf4Da611ee520C75D37Ea325","https://x.com/Alex97/status/2095381031054420777","","2026-09-04T21:16:26.000Z"
"alex_raven","0x2F9A99c2550Ecf4AFe9495d484889f88113Bee70","https://x.com/alex_raven/status/2095184218739945859","","2026-09-04T21:18:02.000Z"
"alex_sage","0x3Abf8ceFB4701fdE3491C221Ea0CD92Ee6E6AA5F","https://x.com/alex_sage/status/2095524206633397811","","2026-09-04T21:18:44.000Z"
"alex_tiger","0xD513ee81a72e3cb390ed183Bdc0cB93797fE7893","https://x.com/alex_tiger/status/2095092898730670020","","2026-09-04T21:20:44.000Z"
"alexanchor","0x80196064ef99e5F486C2131ced373Ea9a6140CdC","https://x.com/alexanchor/status/2095459273376770798","","2026-09-04T21:21:25.000Z"
"alexand53055837","0x3d6E2c254E70cDefa570bd0247e8eD67d6c4F6E0","https://x.com/Alexand53055837/status/2095785108084596658","","2026-09-04T21:20:47.000Z"
"alexand87673087","0xbeBaFF5F5607db52EdF692918B4AB4d7a7892c61","https://x.com/Alexand87673087/status/2095266415997373520","","2026-09-04T21:19:14.000Z"
"alexandres","0x7bc612fDB9417755dF4e297A1812BA6C4a3949F1","https://x.com/Alexandres/status/2094979130634612932","","2026-09-04T21:19:13.000Z"
"alexandria","0x6f51A9d7193bCe00b711F6c1Fe90dDB7340DB0f4","https://x.com/ALEXANDRIA/status/2095645766268801995","","2026-09-04T21:15:49.000Z"
"alexbokov","0x8Cb42352dA219ea219D52Add3B1A9aB8dEF9638D","https://x.com/alexbokov/status/2095349088218949746","","2026-09-04T21:18:14.000Z"
"alexcash","0xBd69813983Ac095A5E965FD3Db2b3FcAaE29f136","https://x.com/alexcash/status/2095605544895651408","","2026-09-04T21:19:39.000Z"
"alexch","0x5d6F14dD41F6f93ea34847Fc810f6667c67b2ec1","https://x.com/AlexCh/status/2095253982506929762","","2026-09-04T21:21:02.000Z"
"alexcomet","0x5391F835d02Afd0c67246388061e3035A105038a","https://x.com/alexcomet/status/2095394177241699023","","2026-09-04T21:19:46.000Z"
"alexenkit","0x1258D76a09D361210F42fB27ccCb6EcE79f6134f","https://x.com/Alexenkit/status/2095042898986295317","","2026-09-04T21:18:10.000Z"
"alexeysv","0x5e16bB8E1B1f109BfE3da080999E66621c0b8737","https://x.com/AlexeySV/status/2095360729641322205","","2026-09-04T21:20:26.000Z"
"alexmajul","0x3A1FCc5f38e53026990d62BA40833EB1C9CE3Edc","https://x.com/alexmajul/status/2095942726490469208","","2026-09-04T21:16:53.000Z"
"alexmorgan","0x8F7D820e02765cA4BF3b8Cd51D0D12B07512D613","https://x.com/AlexMorgan/status/2095237301214865071","","2026-09-04T21:21:06.000Z"
"alexphoenix","0x78E705F2D6B145a5F420312F20D207Ce40B321FA","https://x.com/alexphoenix/status/2095709271550194743","","2026-09-04T21:16:00.000Z"
"alexsasha","0xe3e927Ed791Bb2D8FFDf712c637dAffA7a34e3fd","https://x.com/Alexsasha/status/2094940961882028925","","2026-09-04T21:14:44.000Z"
"alexsh","0x2c32CdF9714D853695eE7E777fcb6602Aba475C3","https://x.com/alexsh/status/2095874063723958294","","2026-09-04T21:17:40.000Z"
"alextt","0xbCe4AB39617Fd0BE50A7a3B2270319444771f141","https://x.com/AlexTT/status/2095504124451925890","","2026-09-04T21:20:37.000Z"
"alexwoody","0xf878C8924f714f2DcB2ED7Ec87Aa8Af864bA86Fd","https://x.com/AlexWoody/status/2095008548590063062","","2026-09-04T21:18:42.000Z"
"alexyvins","0x6677930e11DaAd9501b3F89aDEd51103dfD2BA07","https://x.com/alexyvins/status/2094912734519626898","","2026-09-04T21:20:09.000Z"
"alfianr","0xF00A5Da3a3ABe9F1217E5f8fa7ef731e77793017","https://x.com/AlfianR/status/2095312806435947784","","2026-09-04T21:18:05.000Z"
"alfonsok","0x5A1af2187a43dD1F14B8ab19f15E9D8f19F9A816","https://x.com/alfonsok/status/2095810339943380698","","2026-09-04T21:17:17.000Z"
"alfred_and_me","0x37247B0b8E6F60a7d23a4085260bbdCdEAd53cBf","https://x.com/alfred_and_me/status/2095249674750524788","","2026-09-04T21:15:45.000Z"
"alfredseng","0x266486417aE96f2f0266C7285CD0B0554b31806a","https://x.com/AlfredSeng/status/2095199976557806234","","2026-09-04T21:16:31.000Z"
"ali10","0x52EE594d7e940865D676E2D8F2F5225232eF3Cae","https://x.com/Ali10/status/2095913029476145507","","2026-09-04T21:20:20.000Z"
"ali_bi","0x0e961b6fD3ffE23594572EF5c89A6631f87e37Cc","https://x.com/ali_bi/status/2095560192759041676","","2026-09-04T21:20:49.000Z"
"alicevip","0xe03912466D456763057c5c65b60fFeD81FEA1536","https://x.com/alicevip/status/2095773560300177142","","2026-09-04T21:16:53.000Z"
"aliciah","0x66F4f7cD4ee6EBBeb6C9Fa4A05a8b3A4DEfE537E","https://x.com/aliciah/status/2095008722182538591","","2026-09-04T21:19:40.000Z"
"aliden","0x1B75B7b74478D0e274CFeD8ac124Da3e27d5c5Cd","https://x.com/ALiDeN/status/2095457352283308516","","2026-09-04T21:17:04.000Z"
"alifathi1981","0x0E2A3dBA0190B9a33752eD6bc08A8beCd46579E9","https://x.com/AliFathi1981/status/2095915324452450723","","2026-09-04T21:16:17.000Z"
"aligoli","0x9B0467CA1E4A2a829861A7c5dE75C90dCD0A0d1e","https://x.com/aligoli/status/2095643354573269969","","2026-09-04T21:15:18.000Z"
"aliissimo","0xD2a965d9B1e378bc2DEBeBaFb04cE01903F5075E","https://x.com/aliissimo/status/2095588535978217431","","2026-09-04T21:14:06.000Z"
"alilia","0x7553BE30dfa107a2037b926714acDdb1034761b8","https://x.com/Alilia/status/2095795962854744765","","2026-09-04T21:18:31.000Z"
"alima_manisa","0x5d5421745d7d695fa1e5a44c10a61e33baf9ea5e","https://x.com/alima_manisa/status/1510646649877528577","581","2026-09-05T05:43:38.000Z"
"alinall","0xd4C512A41D3eBe600A56344A3CAe6fEBe4F3aCAB","https://x.com/ALINALL/status/2095308860223301010","","2026-09-04T21:18:22.000Z"
"alinaphine","0xfc9005c7add434e3ce7406dc17344b7ebea02757","https://x.com/AlinaPhine/status/1842098155032346670","597","2026-09-05T05:58:59.000Z"
"alipolat","0x33964D7b83d91dC0Ad1E2e2E7Ccf15D2979Db26b","https://x.com/Alipolat/status/2095282493861186039","","2026-09-04T21:19:51.000Z"
"alitariq","0x037F2fF96d1b446978163dCA1a7414B71B8cbC34","https://x.com/alitariq/status/2095839760947688058","","2026-09-04T21:18:50.000Z"
"aliyasin786","0x3b9AD9677955ACDAe95C51fE2b0364c1DeC8AfE0","https://x.com/aliyasin786/status/2095135335394122811","","2026-09-04T21:20:01.000Z"
"alleksey","0x3Be69C54C2EF519Eb3AB35B65e92e9522c31ac75","https://x.com/alleksey/status/2095404674827523355","","2026-09-04T21:19:06.000Z"
"allen","0x414f0689529F12A783E8C08813fA84b540BFE780","https://x.com/Allen/status/2095705507045146930","","2026-09-04T21:21:33.000Z"
"allenjenifer","0xAC6f4B8151D213AbE9cFe8Ae58f3685338f77758","https://x.com/allenjenifer/status/2095496544403085610","","2026-09-04T21:21:02.000Z"
"allgood77","0xA8b62EFE380Ea7d94F4cf726883Fa6B7592de4aA","https://x.com/AllGood77/status/2095468967148137799","","2026-09-04T21:20:32.000Z"
"almamun13106936","0x9fbfe4314C5924B7Ce2bE259e0bA63CB5ca29DEe","https://x.com/Almamun13106936/status/2095907328151495141?s=20","328","2026-09-04T16:11:07.000Z"
"almostrealdude","0xF39810B9027906828C07f733dC9F9CAE15D053a7","https://x.com/AlmostRealDude/status/2094931400457155646","","2026-09-04T21:19:33.000Z"
"aloofspace8900","0x4fd6015d936A777725bfeA4AF3a54aB6b6bC83D1","https://x.com/aloofspace8900/status/2095036859336737440","","2026-09-04T21:15:30.000Z"
"alpha0857","0xF5a1Df69f69C4382AF0e9E89E5CB1E360519Bd17","https://x.com/alpha0857/status/2095877840154782724","","2026-09-04T21:20:15.000Z"
"alphaaa","0x4824258e0f2226886176a0928123DBF904a2D7D1","https://x.com/AlphaAa/status/2095441931367395766","","2026-09-04T21:17:42.000Z"
"alpharin","0x4fDCA527DC5F9F6c650bFc65c9E06419a8Ed1680","https://x.com/ALPHARIN/status/2095687612515287759","","2026-09-04T21:19:03.000Z"
"alwaysbullish1","0x7aA529A6D346D4ef8DA7035B14C45a277e70A1B0","https://x.com/alwaysbullish1/status/2095247629678286775","","2026-09-04T21:14:17.000Z"
"amachbeats","0xdC2a03d9A97B2Ae0679802c57bf6C678A111A250","https://x.com/AmachBeats/status/2095457575437750914","","2026-09-04T21:14:36.000Z"
"amadison","0xc8BC5CED0f2fBd0aee3Ca0Ce03f409C47B277f5f","https://x.com/amadison/status/2095045706244435582","","2026-09-04T21:20:34.000Z"
"amalihossainsk","0x29b756515277D184EdD0402887C15c8b8C2Bc946","https://x.com/amalihossainsk/status/2094914630672154655","","2026-09-04T21:17:33.000Z"
"aman123","0x121A0DdD04474c8072E48AB8D8484341924B9A32","https://x.com/aman123/status/2095496295284627354","","2026-09-04T21:20:20.000Z"
"amangamr","0x86C6ce1cC061678029d70BF253dE60cb9c7C267c","https://x.com/amangamr/status/2095103235835504887","","2026-09-04T21:18:45.000Z"
"amar89","0x96dec814a90DfCfD08CFEd613715E70bB66d8e5e","https://x.com/amar89/status/2095934347040687646","","2026-09-04T21:14:43.000Z"
"amarjee","0xaC60fc3F4Afb43BA376DBCcD6146A11ef9f47047","https://x.com/Amarjee/status/2095459195983420748","","2026-09-04T21:17:19.000Z"
"amazink","0x047442DA45A185c547154ADcF56A9C26641C4cB6","https://x.com/amazink/status/2095108197554307169","","2026-09-04T21:16:48.000Z"
"amba1982","0x3CdD0b1Cf6d506f7FAAC12F1Cef907A2Be99E0F7","https://x.com/amba1982/status/2094914516826475448","","2026-09-04T21:17:29.000Z"
"amber_dragon","0x3aA7B6F5322e6d0EaE77fd1558b9D641F2752883","https://x.com/amber_dragon/status/2095183401320029552","","2026-09-04T21:18:04.000Z"
"ambercat","0xE4F71643385B385919f7D56d108Bd909367c67c7","https://x.com/ambercat/status/2095107435105962164","","2026-09-04T21:19:40.000Z"
"ambercrow","0xab552773204fa1A0867981816B07C9A54Ba8200e","https://x.com/ambercrow/status/2095727956492645974","","2026-09-04T21:18:50.000Z"
"amberfox","0x3EfE0634a732EdffB4e4866F240A7836e031bac9","https://x.com/amberfox/status/2095768968542037393","","2026-09-04T21:17:34.000Z"
"amberhare","0x9b1437E6136300bE7B1D82d29dCA14B9f4B2BC03","https://x.com/amberhare/status/2095084242143506510","","2026-09-04T21:21:34.000Z"
"amberhawk","0xEB0fA6cDe2e01d69cdb1c6Fa7Ff90b7D1dDcB8De","https://x.com/amberhawk/status/2095137451598881336","","2026-09-04T21:19:50.000Z"
"amberkoi","0xb3d7571982a08D82eB95231DdD9e77a33840425d","https://x.com/amberkoi/status/2095807943504686604","","2026-09-04T21:16:23.000Z"
"ambermole","0x1c55c2Ff7ACAa53AaF10e6606b9D04C93B4Bde1C","https://x.com/ambermole/status/2094970742903110402","","2026-09-04T21:18:03.000Z"
"amberotter","0x6D6444bD8BD12a72c2e667C45A1fbCA5979BdECE","https://x.com/amberotter/status/2094905641249454757","","2026-09-04T21:20:37.000Z"
"amberstag","0x2022cF02f8049f9eC34AF56bA019b64C68c8de37","https://x.com/amberstag/status/2095953361059833751","","2026-09-04T21:17:36.000Z"
"amberswan","0x334483F17B5acaDB80B1Fd2693B9cE334fa42210","https://x.com/amberswan/status/2095584204810625518","","2026-09-04T21:15:29.000Z"
"ambroy","0x876702cB96F754D5873b201569C50854d348e86b","https://x.com/Ambroy/status/2094933818302862192","","2026-09-04T21:18:51.000Z"
"amelewa","0xd396D72A4989a9dD7512821512c782f93D22863d","https://x.com/amelewa/status/2095868577009416923","","2026-09-04T21:16:17.000Z"
"amelia_m","0x6Cd02ac7abd557617eB770B0E6D154EA7Bc6A899","https://x.com/Amelia_M/status/2095303713071271469","","2026-09-04T21:14:34.000Z"
"amgad","0x6B3A54cE9123319a51d2303C6a14d1e5F1703671","https://x.com/AMGAD/status/2095249321521790761","","2026-09-04T21:21:28.000Z"
"ami1","0x5e7963AcC2F5Aa3591B8fF43AEBE4f485Dd145B1","https://x.com/ami1/status/2095294566013854333","","2026-09-04T21:15:20.000Z"
"aminovich","0xa822A96822cD2D62C460184FaE3Df1cAa4CabE4d","https://x.com/Aminovich/status/2095172522991526140","","2026-09-04T21:16:41.000Z"
"amir007_eth","0x8c6761becF56735E0e7B0ae66c9E0Be85870b447","https://x.com/amir007_eth/status/2095882071507952082?s=20","246","2026-09-04T14:30:21.000Z"
"amirbide","0x73395a036B733C355F3e322BeD24b6ac3ae5C930","https://x.com/amirbide/status/2095167445124165044","","2026-09-04T21:19:19.000Z"
"amirrezaeian","0x6d9069491450d429934D971eE1d3DC835Cf7E840","https://x.com/amirrezaeian/status/2095779231107230001","","2026-09-04T21:14:37.000Z"
"amirsa","0x27d5a2B0D523478d5cf57cBeba9A99095D2F8282","https://x.com/Amirsa/status/2095926099321372846","","2026-09-04T21:18:39.000Z"
"amish7","0x751E3E2a7132794EE97648Bfc5CC95905e366826","https://x.com/Amish7/status/2095497521079551657","","2026-09-04T21:20:35.000Z"
"amit6721","0x76Cd46C286591b65A4b936E3267Cd7Ac8c405A15","https://x.com/AMIT6721/status/2095559658735627444","","2026-09-04T21:20:59.000Z"
"amita1992","0x732875154b4A79bd549b70b6D5b58612Ef72e894","https://x.com/Amita1992/status/2094993281871789047","","2026-09-04T21:14:16.000Z"
"ammokelly","0x1D792965b4c5E87dF141500F4f265Dc14DdD465A","https://x.com/AmmoKelly/status/2095216871976516165","","2026-09-04T21:14:23.000Z"
"amoohossein","0x69070392a46e7aF611c70d43CC797b11dA45AD97","https://x.com/AmooHossein/status/2095942310823473214","","2026-09-04T21:19:28.000Z"
"amri28","0x05dBa938522118EE0e261ee0d10EEB9edA1ffe4c","https://x.com/Amri28/status/2095892475608198409","","2026-09-04T21:16:34.000Z"
"amuro_ray","0x6F733f16cB19e4b74dBA4Fe0714F3C69C6bef5EE","https://x.com/Amuro_Ray/status/2095646285817396625","","2026-09-04T21:14:45.000Z"
"anass","0x993f51293Da9ac762b46F0F68c6a9B9Aca80C46A","https://x.com/AnasS/status/2095451961632293610","","2026-09-04T21:19:58.000Z"
"anastalita","0xEFC4F81A9Fd7F359287AcDE9e3b5dfeEC21BcB32","https://x.com/Anastalita/status/2095926160099568448","","2026-09-04T21:16:12.000Z"
"anbuan","0x3c653fAa18E918D566C545BfA10Da2B3b28b27a5","https://x.com/anbuan/status/2095739654469321267","","2026-09-04T21:18:07.000Z"
"ancient_frost","0x848EA051E5df0226050B8fbAAA897636Bd030edF","https://x.com/ancient_frost/status/2095754748423811024","","2026-09-04T21:14:50.000Z"
"ancient_knight","0xd11936cE6f070684335CC5D784e5Ab867eaE4A36","https://x.com/ancient_knight/status/2095397700151120425","","2026-09-04T21:19:07.000Z"
"ancient_ranger","0xc5624A71Dc07F87067bCF4dD1454b9B047ffe2D2","https://x.com/ancient_ranger/status/2095694671639974962","","2026-09-04T21:15:07.000Z"
"ancient_rogue","0xDC09344aeBfD75Bf8045245e06DCC5c889e8Fc3E","https://x.com/ancient_rogue/status/2095172306410777012","","2026-09-04T21:20:15.000Z"
"ancientecho","0x5c9D354f99b3BB61b4837E5bf8bea3f894d17B40","https://x.com/ancientecho/status/2095740615438524440","","2026-09-04T21:16:39.000Z"
"ancientjester","0x8094344d8Dd1Ed4b4EEe2e5141c6bf20294fF8B2","https://x.com/ancientjester/status/2094968303383383923","","2026-09-04T21:19:12.000Z"
"ancientledger","0x219a060AbE7d15B5c86805195eef33B231a35B95","https://x.com/ancientledger/status/2095539299210476440","","2026-09-04T21:17:26.000Z"
"ancientmage","0x2eBa3d668ded9EC82De75dd52E8ee65f8f00bf04","https://x.com/ancientmage/status/2095334574264484586","","2026-09-04T21:20:29.000Z"
"ancientwarden","0x706a801f19aD8a339Be83D39eF2aB6ddC7b8Aaa7","https://x.com/ancientwarden/status/2095603996972330687","","2026-09-04T21:17:07.000Z"
"andiiyan1","0x588913D902BdD806473C15DfeA37E555010E9831","https://x.com/Andiiyan1/status/2095144441060254513","","2026-09-04T21:15:13.000Z"
"andiprasetyox","0x212F8B178cCf2fc55A2406b45C12faa276B5f971","https://x.com/andiprasetyox/status/1","632","1788588380375"
"andoni2","0x142848fCa414D14a8C32d6D59968097FCd1B3695","https://x.com/Andoni2/status/2095486887892052925","","2026-09-04T21:17:45.000Z"
"andreadong","0xef537033816f143748C9a72dF69ebf1170017e87","https://x.com/AndreaDong/status/2095867753863288811","","2026-09-04T21:15:01.000Z"
"andreasson95397","0x02ced5A35e59401bee0f65a2646A4C666fD4e01B","https://x.com/Andreasson95397/status/2095032051341799994","","2026-09-04T21:15:25.000Z"
"andrewa","0xdE4CD4B161362c058310A2187242C00C5CDC157d","https://x.com/Andrewa/status/2095077280930310457","","2026-09-04T21:16:23.000Z"
"andrewhalldil","0x28C839C7a082d8FC854c0e281AD53DF02657dBeC","https://x.com/andrewhalldil/status/2095011590071231360","","2026-09-04T21:17:00.000Z"
"andrewpham","0xB536B8C9e98A7776762C93CFB0153Ebf5B4cF1BA","https://x.com/AndrewPham/status/2095240939593096640","","2026-09-04T21:19:05.000Z"
"andrey111","0x2326e8724d683a25cE8629Fc284A174bF2A497D6","https://x.com/Andrey111/status/2095579583990889286","","2026-09-04T21:14:38.000Z"
"andreyfilatov","0x29BB4a428A720BB114EfdE69c180986E2946988A","https://x.com/AndreyFilatov/status/2095746030507919856","","2026-09-04T21:16:48.000Z"
"andreykv","0x60327B3a46ab28f58443E54bE00ed1d2f3843672","https://x.com/Andreykv/status/2094945662444568775","","2026-09-04T21:19:23.000Z"
"andri14","0xB0cD0B2326933e70BE0C50B517f5DE0EA57f9417","https://x.com/andri14/status/2095304152667977787","","2026-09-04T21:18:06.000Z"
"andriysl","0xFF3A6E7cdD8992584eD4Aa745ea6D4835796498b","https://x.com/andriySL/status/2095905494402531615","","2026-09-04T21:16:52.000Z"
"andy01045","0x7090872203e8fC73CC36e5b4315385729E7d09F7","https://x.com/andy01045/status/2095018449882011451","","2026-09-04T21:15:24.000Z"
"andydracula","0xc96515d0470325c92F95b64faa1e137ae1DA0B21","https://x.com/AndyDracula/status/2095378559366709746","","2026-09-04T21:18:01.000Z"
"andyfi","0xDD8085a20fbbCfFF729e2C78f31BBbBE820FC580","https://x.com/AndyFi/status/2095630959629865985","","2026-09-04T21:20:17.000Z"
"andylynch","0x7d0ce1d564E8B82E0f5FC62d7dF8Be33C36c3d1B","https://x.com/AndyLynch/status/2095472307603782045","","2026-09-04T21:15:45.000Z"
"andyp","0x983BEaAD6E1237ade8649db70235487c4c6df0C9","https://x.com/andyp/status/2095113670025825923","","2026-09-04T21:21:03.000Z"
"andysnowy","0x155DfD95007fa2efDBa455195e83f91Aa005659f","https://x.com/AndySnowy/status/2094914634135439197","","2026-09-04T21:17:48.000Z"
"angeline_pooya","0xed1cccb918f662990f321d06adf92c98751d8116","https://x.com/angeline_pooya/status/1510650837781008384","576","2026-09-05T05:43:23.000Z"
"anggasaputra9","0xBE34437d492E175bB4b498107F19453DE3d2C100","https://x.com/anggasaputra9/status/1","656","1788588450328"
"anggitalyda","0xca1896a3aab5dfb4753fe6088825e568bb1f568d","https://x.com/AnggiTalyda/status/1470421823267303425","562","2026-09-05T05:30:18.000Z"
"angm","0x95cCdefB6Ecd22fe02f5a0FA1b44b3e7B262FB63","https://x.com/angm/status/2095024110892054345","","2026-09-04T21:20:20.000Z"
"angrybird2k7","0x81Bda5f8c3F135dDAf2e542B8B354491176db959","https://x.com/AngryBird2k7/status/2094996076888669340","","2026-09-04T21:17:58.000Z"
"anh06a","0x67A792D5e576E9849Bfc8b9Ff8F7a5Beb2De5847","https://x.com/anh06a/status/2095288746721280631","","2026-09-04T21:15:49.000Z"
"anhhoc","0x934c063ac2C2a3A5BAFa404735736E2402F4e3E1","https://x.com/anhhoc/status/2095776590083597661","","2026-09-04T21:14:56.000Z"
"anhmun","0x947e0B9F614EE62d1D9EAE67a039C3f0d8c7ab03","https://x.com/anhmun/status/2095225106983069837","","2026-09-04T21:17:43.000Z"
"anhpnh","0xE9a354f66D388bEB2276d67EEA66C0C508000e7F","https://x.com/anhpnh/status/2095488103194864953","","2026-09-04T21:21:33.000Z"
"anian","0x205EA947474Dc18685C88A6B5F4a2828931C2eF6","https://x.com/anian/status/2095018948737042086","","2026-09-04T21:20:09.000Z"
"anima1","0x0Ce59bd8C5F562dd2f984A6DFfB4B9a1bCA4c436","https://x.com/Anima1/status/2095424808729470993","","2026-09-04T21:18:39.000Z"
"anisaputri_01","0xB6DEFe5f313e2c1D0Ff8860105d60Eb21903D266","https://x.com/anisaputri_01/status/1","625","1788588357494"
"anissa47640902","0x4c0bbB6e5F31585a0A7D47B8Db88D60F85a479C3","https://x.com/Anissa47640902/status/2095576334957894305","","2026-09-04T21:21:35.000Z"
"anix","0xd915f7A8e8270C3792da7Ce3D995aB2CA143F583","https://x.com/ANiX/status/2095973362705941225","","2026-09-04T21:19:32.000Z"
"ankcrypto","0x6B2e6FDe48c043c2BE17cCBe5A4AF2C4Ed33aD2F","https://x.com/AnkCRYPTO/status/2095780415131306822","","2026-09-04T21:21:21.000Z"
"ankit","0xa4D6182D6a420A2140aCb2fEB4d9417060Ca3B57","https://x.com/Ankit/status/2095241540944467899","","2026-09-04T21:18:47.000Z"
"ankuj777","0x31A3b4Bc63D005079222d8bCcB0F65b1bB5FB729","https://x.com/Ankuj777/status/2095216558741739309","","2026-09-04T21:20:28.000Z"
"anky07","0x1FEd4673c1D2D5cB20BeE6662B7Ba7ea80c56Fc6","https://x.com/ANKY07/status/2095317178945663069","","2026-09-04T21:21:32.000Z"
"anle","0x5347C33bD5bBb17690579cd3f42fE4EC35a87530","https://x.com/anle/status/2095715107746559541","","2026-09-04T21:18:30.000Z"
"annettecruze","0x485a29E640Fcf4296E3e17926b5666838ee28A97","https://x.com/annettecruze/status/2095275772933343177","","2026-09-04T21:16:32.000Z"
"annzz","0xB8692313630bF442324C711B69eB9aBD73aBCd95","https://x.com/Annzz/status/2095219864549027082","","2026-09-04T21:17:52.000Z"
"anomalous","0xE42932EDC92781B34df2eAC86b6637680954bEaA","https://x.com/Anomalous/status/2095919585345170850","","2026-09-04T21:14:51.000Z"
"anon31","0x9a39ff9d0bf2cd8f8b61621e484a2ac4e6db3412","https://x.com/anon31/status/2095656064746751510","","2026-09-04T21:20:03.000Z"
"anonixweb3","0xfF7e46F3EF5Fe8C7F7bBB7844e88489fd82918eD","https://x.com/AnonixWeb3/status/2095884380304474345?s=20","255","2026-09-04T14:39:46.000Z"
"anontype","0x6001254ce5441785544F477D030004c9e74a01a1","https://x.com/AnonType/status/2095691598505514237","","2026-09-04T21:17:41.000Z"
"anorak","0x90E4038B4A380F80Df1E63029Bb01dEE52e77aC7","https://x.com/Anorak/status/2095426529219207787","","2026-09-04T21:17:44.000Z"
"anpai","0x11Cd2D976F85986485EE64195A24d1eDfD5e18a3","https://x.com/anpai/status/2095468558703154521","","2026-09-04T21:20:04.000Z"
"anran1","0xF09Cf283c0C5a07421d89CD33f345A13b4D61781","https://x.com/anran1/status/2095836271024620479","","2026-09-04T21:15:53.000Z"
"ansen21","0xB6ea939E36088AAD87220d140fb537186cf2DA48","https://x.com/ansen21/status/2095061758868226403","","2026-09-04T21:15:27.000Z"
"ansheng88","0xBD4D07789673F09CF29F00b622D30fE73C2cb703","https://x.com/ansheng88/status/2095155228700760435","","2026-09-04T21:19:22.000Z"
"antarrow","0x4ee9F2e097BEABBf7bf64A7Cc7D73A2963313B3B","https://x.com/Antarrow/status/2095059377323811267","","2026-09-04T21:17:52.000Z"
"antheat","0x48995610D43ce8c0BaF964b229bc192f00612FFB","https://x.com/Antheat/status/2094990351180418220","","2026-09-04T21:17:55.000Z"
"anthonykingkoy","0x2526aA4Ae4ceB58dD80258D8DbdbD90B8862C910","https://x.com/AnthonyKingkoy/status/2095444491917019481","","2026-09-04T21:21:21.000Z"
"antlandia","0xF7eF3111178E084CDcF60C0e8f512A2d83F80a1F","https://x.com/Antlandia/status/2095908780617083448","","2026-09-04T21:21:06.000Z"
"antonistsa","0x8ac11c4923678fda4FaD6932efC85c12967F4a74","https://x.com/AntonisTSa/status/2095865470370442638","","2026-09-04T21:20:20.000Z"
"antonprofit","0x34219bBEc598f6fD52bf9BC1E64dDE565839757E","https://x.com/AntonProfiT/status/2095664999309679345","","2026-09-04T21:19:19.000Z"
"antonybones","0xd3E9C05673186B501e638C6e260F894e7D64Ad5d","https://x.com/antonybones/status/2095733834871723735","","2026-09-04T21:16:04.000Z"
"anubis512","0x3EEfE4086119d64C1DF40353c7e996d8Ff520a92","https://x.com/Anubis512/status/2095853675834206623","","2026-09-04T21:14:19.000Z"
"anunemuas","0x166FA1d6C02482f6BC9c9c5ad3f6641623309eCc","https://x.com/anunemuas/status/2095771634259279095","","2026-09-04T21:14:33.000Z"
"anvy","0xBdeD273B5a66748536F3C9b73211A8AaEDd2207B","https://x.com/Anvy/status/2095876016250842570","","2026-09-04T21:16:12.000Z"
"anxi","0xe3e1bfB65AeA07dD475856A21fbebf2ac5f080ad","https://x.com/Anxi/status/2095563367321201437","","2026-09-04T21:20:26.000Z"
"anyway808","0x0EA2fE02A24839fD1eEeF371597dEc308a799e5F","https://x.com/anyway808/status/2095430846508060696","","2026-09-04T21:17:15.000Z"
"aojin","0xba97a567F2A0565c7DCF789bFF52fD27B8B419d5","https://x.com/aojin/status/2095200072428950553","","2026-09-04T21:15:49.000Z"
"apeman","0xa9e2e9069928a6F130923d6B08167ffA36765B39","https://x.com/apeman/status/2095980707876381806","","2026-09-04T21:19:55.000Z"
"apgreensky","0xe5AE7AA1807af13deeD6e48d86dDB09651862496","https://x.com/APGreenSky/status/2095798861933947831","","2026-09-04T21:15:03.000Z"
"api3","0x5230354F503070eD76992C45e73bCff86e2EA27C","https://x.com/api3/status/2095654872571193470","","2026-09-04T21:19:31.000Z"
"apico","0xb1Ea8A567d9AabD9470238E3A353df39f2f4BB0E","https://x.com/apico/status/2095339302805656515","","2026-09-04T21:18:34.000Z"
"apollyon","0x3D007b09B53D15eD78641DBC37366E2A486fA696","https://x.com/APOLLYON/status/2095424799254928175","","2026-09-04T21:21:36.000Z"
"apon6t9","0xf4867464706433cFc9D1BFF3683Fcf4E174639bC","https://x.com/Apon6t9/status/2095058274440165344","","2026-09-04T21:16:14.000Z"
"apple","0x53F49DDEA46d1EA87e06c0417e937A356B4572b6","https://x.com/apple/status/2095852257930451365","","2026-09-04T21:15:05.000Z"
"appletv","0x808e16ad62E1431FDed1a060DD8DDBe3e82613BC","https://x.com/AppleTV/status/2095421830524163874","","2026-09-04T21:19:50.000Z"
"apps018","0x8F62884741770D5e2a09b640d7A0BC60d4a008CF","https://x.com/Apps018/status/2095174299424766338","","2026-09-04T21:20:07.000Z"
"aptomizeprime","0xDb4E41d7b3302f15E7071D362FDb13eE9E858c42","https://x.com/APTOMIZEPRIME/status/2095630457858746097","","2026-09-04T21:18:59.000Z"
"aqua444","0x1B27186aB404D55881353ec8933A6625B76c2Be1","https://x.com/aqua444/status/2095205075552955484","","2026-09-04T21:15:28.000Z"
"aqua7","0xC94620557f38d158aE2b549a0Fcd3a33A29B25a6","https://x.com/aqua7/status/2095138055885858223","","2026-09-04T21:17:50.000Z"
"aquasparkle","0xdBea5F28DD9C18b0C79200CC19bE5C04b256D49b","https://x.com/aquasparkle/status/2095953093241281595","","2026-09-04T21:16:55.000Z"
"aquilatomoon","0x6493fC9bdbF472862a329453a271Eb4Faeb226c1","https://x.com/aquilatomoon/status/2094970103322824869","","2026-09-04T21:18:32.000Z"
"ara_ara","0xCDee705Df37a78192340118C357B59364F323F39","https://x.com/Ara_Ara/status/2095029313746681702","","2026-09-04T21:19:02.000Z"
"aramz","0xEf528570E8d899A6A9016d75Bec4D85C8ee4AF98","https://x.com/aramz/status/2095384108449663632","","2026-09-04T21:20:06.000Z"
"arasafilia","0x7a79d744799f7b4bd3ae944aa88b354529f58dc1","https://x.com/ArasaFilia/status/1471015671936868352","554","2026-09-05T05:29:49.000Z"
"arash1366","0x355B78eC41C2c9cF14168E1BaC75B0A4A7E069bc","https://x.com/Arash1366/status/2095462950711975941","","2026-09-04T21:17:42.000Z"
"arashmohammady","0x9EbdC3c033d63b5F1eDDF44d82C2456894120bd9","https://x.com/arashmohammady/status/2095590076156436849","","2026-09-04T21:14:08.000Z"
"araz","0xA18eff0Ee68c90aFF31F520CD19429aC355B8f75","https://x.com/ArAz/status/2095765218601541275","","2026-09-04T21:17:37.000Z"
"arby2","0x10CF3B1847f3A1a4604122475341529548E9A318","https://x.com/arby2/status/2095849200507181609","","2026-09-04T21:16:19.000Z"
"arch1","0x2c86399d5bDC697A4bBa0b9Fe195A75C30ED6903","https://x.com/Arch1/status/2095223224088206377","","2026-09-04T21:21:19.000Z"
"arcideaco","0x1d3f7865fd013dFEE0D9490D2BD93ebaDc1DE788","https://x.com/arcideaco/status/2095518598336778176","","2026-09-04T21:17:55.000Z"
"arcling","0x54E791773c345bB6fd54baE0fa14D8d2232Cd009","https://x.com/ArcLing/status/2095248527125930599","","2026-09-04T21:18:14.000Z"
"arcsky","0x2DfdEB54c452aA620541d4340BeDC55E04b5F07e","https://x.com/Arcsky/status/2095118275941376078","","2026-09-04T21:17:07.000Z"
"arctek","0x1945862E98EC5d82a518fa476e32a14c7dc2B36C","https://x.com/Arctek/status/2094959748824061628","","2026-09-04T21:18:15.000Z"
"ardenrippin","0x13c6C5c7438e38455109C690Fccf6eA697f2958e","https://x.com/ardenrippin/status/2095283638661239087","","2026-09-04T21:20:46.000Z"
"arean","0xD87c21D002E3ddD060Ebe71202D4DE479E030ED5","https://x.com/arean/status/2094900458919977889","","2026-09-04T21:18:02.000Z"
"arefun89","0xc9d238141bFd1a6974EfedF82e6451e12e9f0F93","https://x.com/arefun89/status/2095507995677929586","","2026-09-04T21:14:34.000Z"
"arezozarei","0x39e194290c1843767bD2210D3c6Ad7c17Bd12f99","https://x.com/ArezoZarei/status/2095451627665540308","","2026-09-04T21:17:08.000Z"
"argos_defi","0xA5bcDEea60dB497e97Db5c8e3Eb3705cf8158408","https://x.com/Argos_Defi/status/2095729415361532518","","2026-09-04T21:14:23.000Z"
"arhostic","0xbDA4feB57629794e7082Ca52E4c2be84b819B555","https://x.com/zkpoap/status/2095832936876572733","390","2026-09-04T18:02:06.000Z"
"ari_eclipse","0xb83C434a189810F05Ae1FfF1023925e4258567bd","https://x.com/ari_eclipse/status/2095718388427600868","","2026-09-04T21:20:03.000Z"
"arib","0xCECe22FAF0341b0635c2055E2D0dEa311B8f2053","https://x.com/arib/status/2095573927563204654","","2026-09-04T21:15:34.000Z"
"arifnugroho8","0xbA0AfE7989EdDD83041d640Cedb8a45ADe67E83E","https://x.com/arifnugroho8/status/1","644","1788588414107"
"arifureta","0x1E96b887c0e6D6bc2d4Fb3057E5FA0a1B7B86f45","https://x.com/arifureta/status/2095511665064616772","","2026-09-04T21:18:20.000Z"
"arigo12","0x5EfF82e053E422Df8610D7e0288C5B0d13AC8647","https://x.com/Arigo12/status/2095806817856164477","","2026-09-04T21:20:29.000Z"
"aris","0xd38AFF5612264453A172e497556F3365b1B818B5","https://x.com/Aris/status/2095620180814653307","","2026-09-04T21:19:39.000Z"
"arisasmara","0x54b194566369F3c997bDa8aEF4fEba7e833822cc","https://x.com/arisasmara/status/2095666981380464676","","2026-09-04T21:16:57.000Z"
"ariwolf","0x37309d94f03c9b8B3523d38E3B184114b7098162","https://x.com/ariwolf/status/2095463383464598783","","2026-09-04T21:21:36.000Z"
"arjunniloy","0x125A34dA75FE9cd86E8De673e038472875Bb23Ef","https://x.com/arjunniloy/status/2095807812504408820","","2026-09-04T21:20:55.000Z"
"armadaxc","0x2EF35832B6e76303f0fbFc08ee7327d8BD303C09","https://x.com/Armadaxc/status/2095032424724698722","","2026-09-04T21:18:11.000Z"
"arnstew","0x22DCf7092B2739F10c120390a19D7D8347e4b3d5","https://x.com/arnstew/status/2095328351099694537","","2026-09-04T21:16:46.000Z"
"arsadar6","0x4028733c3DB6353c22Bc4ca938e29c46074a620a","https://x.com/arsadar6/status/2095187142823451852","","2026-09-04T21:18:31.000Z"
"arslan027","0x11a4fbB8E40b0924ab546c197e04F71f5bB42b22","https://x.com/ARSLAN027/status/2095755020845864408","","2026-09-04T21:14:40.000Z"
"art_painter","0x0135650F4D9E1Bc1C0E90C81D89cf2930880A8aa","https://x.com/Art_Painter/status/2095530151227414530","","2026-09-04T21:17:10.000Z"
"artasorias","0x70C7A7620DAD9d058705663069aE25a6941FF536","https://x.com/Artasorias/status/2095652190830903632","","2026-09-04T21:21:00.000Z"
"arthathu","0x0e8d03959767796f7f092198adfa1e43eda8cb43","https://x.com/ArthaThu/status/2095881637703946666","242","2026-09-04T14:28:54.000Z"
"artistmeta","0xdba7Dcb1C5bb8745d48Ed0EF2238329D4F6A688B","https://x.com/artistmeta/status/2095361000784985542","","2026-09-04T21:17:40.000Z"
"artmonkey","0x6B2C6c7C6608182763258B405B188CA0a67cd8A7","https://x.com/Artmonkey/status/2095867919496977270","","2026-09-04T21:16:49.000Z"
"aryan62444raj","0xECaf65D7089f64E0FfC7264A494562506b8b92f6","https://x.com/Haunting_Hoods/status/2095880792765497711?s=20","289","2026-09-04T15:16:41.000Z"
"arysigma","0x6B51424D9144Bfa41d94349322cA7a27Da08617E","https://x.com/intent/retweet?tweet_id=2095880792765497711","424","2026-09-04T19:30:45.000Z"
"asasin","0xaDfFb635A0D3626D8C17a62D86ce087671E0deB7","https://x.com/ASASIN/status/2095178965816796552","","2026-09-04T21:14:59.000Z"
"asasins","0x52EFE86922E8eF01738d6BD2B6DD3eeC4bA66F8a","https://x.com/asasins/status/2094979125638074110","","2026-09-04T21:21:12.000Z"
"asd48","0x96ee0a11e52A1Ccbe7Ea310156a3Da918Eb6c088","https://x.com/asd48/status/2095575266574741748","","2026-09-04T21:14:52.000Z"
"asdjames1","0xD53d4a9D1FBE32B1100e892F4bb3634d14934f0E","https://x.com/asdjames1/status/2095411376216086069","","2026-09-04T21:20:57.000Z"
"asdzxcz","0x1c91683559ff75E2147b795921e376C776804245","https://x.com/ASDZXCZ/status/2095185973231588429","","2026-09-04T21:18:21.000Z"
"asen123","0xa4678441326ff4661af3190CB669Fae253d3C36b","https://x.com/Asen123/status/2094936134605980156","","2026-09-04T21:17:33.000Z"
"asfag","0x6B1E861117ae51F3ee0e207bCc15822462218a1D","https://x.com/asfaG/status/2095038132440836666","","2026-09-04T21:17:16.000Z"
"ash_ren","0xE59031c269498EE8Bf3e55DaeeE0431034fe853C","https://x.com/ash_ren/status/2095419081620209664","","2026-09-04T21:16:37.000Z"
"ashiqcvkd","0x6a47d6601958DA3Bd2ffA00e093dD7f4aeD69A38","https://x.com/ASHIQCVKD/status/2096045619916018039?s=20","502","2026-09-05T01:20:39.000Z"
"ashish_0x","0xFE4788a64d28fE4d6e70D1B9F3d766108aE8D4Ff","https://x.com/Ashish_0x/status/2095892881970282924","286","2026-09-04T15:13:49.000Z"
"ashmosa","0x8F3F515B4109f5cDC862e6c8121F1290ecF3C086","https://x.com/ashmosa/status/2095619771410197076","","2026-09-04T21:14:16.000Z"
"asif3636","0xF58ECd9A0710f150CC73A84135B3dBED2BA01C52","https://x.com/Asif3636/status/2095912511511265421","","2026-09-04T21:18:26.000Z"
"asiujina","0x21c2b0f5f4d0833dcedfbaf66c87a9b827ed2749","https://x.com/AsiuJina/status/1476177086725320707","610","2026-09-05T05:59:19.000Z"
"aska1121","0x027c7446dE836bC764376ed7Ede4714Dd057d2DB","https://x.com/aska1121/status/2095890754006847656","278","2026-09-04T15:06:24.000Z"
"aslan75","0xb9b65872DB7F6b8488BF84A1D9a3e6ef10fB1AEE","https://x.com/Aslan75/status/2095091063781496193","","2026-09-04T21:15:37.000Z"
"aslan_kaz","0xB602fd9596973B0b37dB7eA5569aF91Aa27f9834","https://x.com/ASLAN_KAZ/status/2094932488728874669","","2026-09-04T21:14:55.000Z"
"asomlil","0xc530AE8B0E62c564bbCe2329846E869027c7d872","https://x.com/asomlil/status/2095969950990325512","","2026-09-04T21:16:27.000Z"
"aspo111","0xdce3dEAd78E5d332e01274cd4049FE0a3583cECc","https://x.com/ASPO111/status/2095037340666965894","","2026-09-04T21:17:51.000Z"
"asq4","0xD99Fe0f09B27fAaa464eCAE4901c408107A5731C","https://x.com/asq4/status/2095432887167089045","","2026-09-04T21:15:22.000Z"
"asq41","0x562afD11593BE9B0BE50D1597EA102d8ECaE52Bb","https://x.com/asq41/status/2095255892404652114","","2026-09-04T21:15:37.000Z"
"asrfasfrasfas","0xd32c427a35274fe7a683994628c6cbda65002676","https://x.com/Haunting_Hoods/status/2095880792765497711","416","2026-09-04T19:12:13.000Z"
"assassins","0x9E121dB615d70e3E66639e06FE9D7Ec042a59233","https://x.com/assassins/status/2095656574270719588","","2026-09-04T21:15:55.000Z"
"asset001","0x7D1d7aCdD9C6737A384e5615053Ac5d3B95690e5","https://x.com/Asset001/status/2095466160925584948","","2026-09-04T21:20:15.000Z"
"asterlok","0x857057462cf3e07F1Ce7085cd8b79a8DD6d5f476","https://x.com/Asterlok/status/2095407490277683505","","2026-09-04T21:17:48.000Z"
"astralsky","0x281b87782908C4c8418B469915aEDF4A2C4CBa82","https://x.com/astralsky/status/2095840376159495361","","2026-09-04T21:19:56.000Z"
"at2707","0x92fefeAD3242fbB7A00918d21b09BaFb8bBbE7BC","https://x.com/at2707/status/2095826752756526398","","2026-09-04T21:14:20.000Z"
"atajudien","0x8350f23f8e3c5CA35fE75a739a9aB31303dA9402","https://x.com/atajudien/status/2095651410443308612","","2026-09-04T21:18:58.000Z"
"atakanonr","0x7926a579DeabA25fc4e479bb1715D758A9431Ed3","https://x.com/AtakanOnr/status/2095207539210303553","","2026-09-04T21:18:33.000Z"
"atlas_dawn","0x954c19298014be3755d9939b268faFeE052802aa","https://x.com/atlas_dawn/status/2095296115490371410","","2026-09-04T21:15:33.000Z"
"atlas_prophet","0x9C534dF539de1Af1ccaE0c1B830787cB84653Bdd","https://x.com/atlas_prophet/status/2095522383866546917","","2026-09-04T21:19:55.000Z"
"atlaswarden","0x2f03a504935991E427b1a721Cf4d9936E18DBAC8","https://x.com/atlaswarden/status/2095165159068810604","","2026-09-04T21:20:51.000Z"
"atlaswolf","0x00601ee4748616Cd079D05C80027F1915a638eDD","https://x.com/atlaswolf/status/2095747878762479708","","2026-09-04T21:16:39.000Z"
"atx_1976","0x374f0de950F22A3dE2FE58ED41F5418d2D1474B3","https://x.com/ATX_1976/status/2095694508324918687","","2026-09-04T21:17:26.000Z"
"audreyowens","0xCed5f609A71Fe4AC336CEc9c318D32f8AAc3F02e","https://x.com/audreyowens/status/2095461490513830970","","2026-09-04T21:15:43.000Z"
"aura_gt","0xC7Fe6fAb3499Ad6A03B96A1a9f0112227d0087DC","https://x.com/Aura_GT/status/2095824280594483860","","2026-09-04T21:20:35.000Z"
"aurel23","0x80d1490A8068D80DA284ff6E3A4D9B8560947334","https://x.com/AUREL23/status/2095629066944512308","","2026-09-04T21:17:57.000Z"
"auroravoyage","0xEd3F6d7FfE5638D4D2582f42E35b8fa10B7b29AC","https://x.com/AuroraVoyage/status/2095887980726065047","","2026-09-04T21:16:46.000Z"
"aurorawisp","0xde1eF3016DAEcD2B9754494C8224D4A742b4B977","https://x.com/AuroraWisp/status/2095568221777610841","","2026-09-04T21:19:08.000Z"
"avangard","0xDc5E7d5d5Bc231B75762808Fd821e0d330d9b763","https://x.com/avangard/status/2095703627758763558","","2026-09-04T21:15:36.000Z"
"avatarjay","0xD76DdfAFC7FEa94665A31266f2b41465F968eD31","https://x.com/Avatarjay/status/2095092776331794992","","2026-09-04T21:18:34.000Z"
"avelinn","0x1f7C9266bCfc7D0cD60471c54b042Fb416C7145A","https://x.com/avelinn/status/2095587977129863941","","2026-09-04T21:17:21.000Z"
"avikd310","0xA2Fe8454a3921C9082B4D9084520A75FF023d81B","https://x.com/Avikd310/status/2095578351516861751","","2026-09-04T21:14:34.000Z"
"avink","0xCEC84A0611fCc057bB11b5f0BF7ed01DEaFDe056","https://x.com/avink/status/2095099669418610828","","2026-09-04T21:21:29.000Z"
"awdasdsada","0xCbA90157ee828b90B0b5C6b70849CD8E5eC860D8","https://x.com/awdasdsada/status/2095817459276413210","","2026-09-04T21:19:37.000Z"
"awesomedevelop","0xBdE1775284E8D7ff879D24b3b56fa59f9F3e71B4","https://x.com/awesomedevelop/status/2095788428883871841","","2026-09-04T21:19:29.000Z"
"awewz","0x4C93AbE27e821eD26EE6C5FE02cEb05806511949","https://x.com/Awewz/status/2095557361125572317","","2026-09-04T21:19:33.000Z"
"axax1","0xBEbE531305d869C11dea2D83b25A1c3fF79A0947","https://x.com/AXAX1/status/2095757287295918309","","2026-09-04T21:19:51.000Z"
"axmel","0xC588a1CB7ea423df6B3887Da1f65BcDAf8849bCf","https://x.com/Axmel/status/2095694546750964290","","2026-09-04T21:20:49.000Z"
"axue","0xab755D30BEf6947E92A0A3E1e69326d13ef6b2af","https://x.com/axue/status/2094917252776290151","","2026-09-04T21:18:19.000Z"
"ayhan444","0xF560F6003271d247cFcFAb986a941D3E92B76Ff1","https://x.com/Ayhan444/status/2095672695654197010","","2026-09-04T21:18:08.000Z"
"ayhandedek","0xdF2FDA8cb70EC847f4E59488AD4aDc3047Af4024","https://x.com/ayhandedek/status/2095445250742191639","","2026-09-04T21:18:39.000Z"
"aymanfaust","0x77e0BB27FC6238AE1fb8ab688E1ee0924b8a924F","https://x.com/AymanFaust/status/2095544133937737295","","2026-09-04T21:15:18.000Z"
"ayobangkit","0xD32c427a35274fE7A683994628c6cbdA65002676","https://x.com/ayobangkit/status/2095538633540763501","","2026-09-04T21:17:38.000Z"
"ayoub225","0x2A7c45aBB20e090738365C2DDbC8725aEC571eA5","https://x.com/Ayoub225/status/2095041960320053037","","2026-09-04T21:18:55.000Z"
"aysilapolar","0x915bf2158fd2cf069001f3faecaf1073c823e8be","https://x.com/AysilaPolar/status/1476222191582601221","607","2026-09-05T05:59:13.000Z"
"ayush2808","0xec839ea5F240E0956eBd3B0698d119a57125D38C","https://x.com/Ayush2808/status/2095395853752486861","","2026-09-04T21:20:47.000Z"
"az0555","0x9cdf7e9D80A55B578b8EA765876f79B32577e130","https://x.com/az0555/status/2095412180292645847","","2026-09-04T21:15:25.000Z"
"az1z1m","0x0cBb01181761FF23Ee72AdbA3F52f79533cBE5ac","https://x.com/AZ1Z1M/status/2095776040725226580","","2026-09-04T21:14:17.000Z"
"azeta","0x1B64870F93298eDbC06e3Ae9F13cb4E5e693297e","https://x.com/aZETA/status/2094974268244125117","","2026-09-04T21:17:53.000Z"
"azikai","0x58FCcE9CCb2FBB98709dfbd8ae7c5C191708f9E6","https://x.com/azikai/status/2095390611646562331","","2026-09-04T21:18:13.000Z"
"azimuthph","0x2E9FE4D5ae8AD2Cf8089C121fDea7ABe36B72301","https://x.com/azimuthph/status/2095741171121594820","","2026-09-04T21:19:51.000Z"
"azithkumar33","0xF70C5efCeAdDed3dABF1935e31EC70e64B342a0b","https://x.com/azithkumar33/status/2095953078927429881","417","2026-09-04T19:13:04.000Z"
"azka","0xe7E238D714d9de4D6e84aF4ca268C04d4a79F34B","https://x.com/azka/status/2095264121080377097","","2026-09-04T21:14:56.000Z"
"azumaxbt","0x68c5e1553C053313E7FFc45F7887f896727cBD84","https://x.com/AzumaXBT/status/2095638888001026416","","2026-09-04T21:16:23.000Z"
"azure_ghost","0x83Ce5B522A59452a04aa62F58d3E787b3AEBf0bF","https://x.com/azure_ghost/status/2095483019451499691","","2026-09-04T21:14:40.000Z"
"azure_spear","0x31960439297f9B4d298BD7e83861a5A6c119778d","https://x.com/azure_spear/status/2095043804117571975","","2026-09-04T21:17:57.000Z"
"azurebear","0x4413d7E58542096FAEE054c998dF89B4B4dE182c","https://x.com/azurebear/status/2094937804713467709","","2026-09-04T21:15:00.000Z"
"azurefrost","0xBCFa7CB710b100746f49ba87408dD0Bbf1DD535B","https://x.com/azurefrost/status/2095031710735918083","","2026-09-04T21:21:29.000Z"
"azurelion","0x2A7e2e944Cb68d9c95f8689862B7836f5a5f3640","https://x.com/azurelion/status/2094968773778441948","","2026-09-04T21:19:38.000Z"
"azurephoenix","0x1C4C9a56e3C3e94361acF38266902Dd88604142A","https://x.com/azurephoenix/status/2095005987682038945","","2026-09-04T21:21:36.000Z"
"azwear","0x992e76dAc857D00603B98FF12F4B7b702Dd95936","https://x.com/Azwear/status/2095348483703705216","","2026-09-04T21:16:03.000Z"
"CryptoSylar","0xe10d8dc03d8fdf6022b4f2b6572e1106c700888d","https://x.com/CryptoSylar/status/2017491253844193299","136","2026-09-04T10:35:09.000Z"
"CryptoJoeReal","0x66fc101effd5e05f1b9b7fd88c692302f49d0b0b","https://x.com/CryptoJoeReal/status/2041949257389715895","145","2026-09-04T10:35:21.000Z"
"Anak_herman01","0xe85970f9f2a6425b27b746eb48f3d904b4c80c0f","https://x.com/Anak_herman01/status/2095718141649461576","27","2026-09-04T03:39:17.000Z"
"b716","0xadcE1361D9AA66c3287D5D8474B56E5A6346F2ae","https://x.com/B716/status/2095024198148707054","","2026-09-04T21:14:06.000Z"
"ej3v4gfx","0x9c2338ba29461834e21857a20C47c29912290552","","12","2026-09-01T00:38:40.000Z"
"lepsoe","0xf68f238d4879b7315c4bbb016a210450c9f46aa9","https://x.com/lepsoe/status/2018524548339876036","124","2026-09-04T10:34:57.000Z"
"b9ee9","0xaf9fa43b7B9f38768771605FdAeFa2FEdb708258","https://x.com/B9ee9/status/2095688949264001378","","2026-09-04T21:15:05.000Z"
"letslive444","0xcbfb111cfdf3f25c44c3de247f42ebd4dcd24e7b","https://x.com/letslive444/status/2095859130946777507","209","2026-09-04T13:02:48.000Z"
"AmandaKingrusr","0x727C45f2f106D6A579Ea0Bde31675cD5a668AD1e","https://x.com/AmandaKingrusr/status/2093253305005244417","","2026-09-04T08:59:30.000Z"
"AnneKinglzzo","0xde05041fD2536BCF8F1AbFac8658A22D0f629C08","https://x.com/AnneKinglzzo/status/2095054982364528641","","2026-09-04T08:59:30.000Z"
"b_zee6","0x3732eb8db8f64bbe8040fa7c457ea813747a59e6","https://x.com/B_Zee6/status/2096021218461909046","486","2026-09-04T23:44:11.000Z"
"CryptoKaleo","0x8828ec0e8a356a4cea67d3c20f3bf42990391d20","https://x.com/CryptoKaleo/status/2022377641815249301","114","2026-09-04T10:34:47.000Z"
"babacryptonath","0x863b8a8557290C6D1BCDf7fEbc16e9E3E29cB6f2","https://x.com/babacryptonath/status/2095687983210021056","","2026-09-04T21:20:36.000Z"
"babakahmadpoor","0xD97dF09021A73Cdc242b85Ff8204D15D8b12633C","https://x.com/babakahmadpoor/status/2095754552393731050","","2026-09-04T21:18:03.000Z"
"babybus","0x88C83A5745b67B5ebcCAB608BcffC0ef0f288d31","https://x.com/babybus/status/2095815748421308973","","2026-09-04T21:15:20.000Z"
"babyjoey","0x43691730BDF33fC8d04a5755243331Fba3FDaF64","https://x.com/BabyJoey/status/2095224243941999596","","2026-09-04T21:17:08.000Z"
"babylones","0x1Cd74E56a7054ded1446B39f0688659237d2425d","https://x.com/Babylones/status/2095811035378707173","","2026-09-04T21:14:13.000Z"
"babypay","0x41065D9CE62DA1CDD6d928BBb07428106d5AE99c","https://x.com/babypay/status/2095607387945558989","","2026-09-04T21:17:58.000Z"
"babyshine","0xDE7Ef11Bcc878272AD6149F6667e5d7D1DE9aB72","https://x.com/babyshine/status/2095939060349670613","","2026-09-04T21:19:16.000Z"
"babytee","0xFE32EDb72c839dBFC5DFeEa2D4c2a5b7D7616116","https://x.com/babytee/status/2094939945304528374","","2026-09-04T21:17:46.000Z"
"babyz","0x7f1Aad7763eAeB1BAc3253925C5c2B9A68c433b9","https://x.com/babyz/status/2095936289691037254","","2026-09-04T21:18:32.000Z"
"bachho1595","0x2Ab0D6874302799180EB436c4D6710C047F1d553","https://x.com/bachho1595/status/2095562652206706301","","2026-09-04T21:17:48.000Z"
"backtomiami","0x8325947F9Bfb816367295e994DB984fCeC3a166B","https://x.com/Backtomiami/status/2095546011183377279","","2026-09-04T21:15:20.000Z"
"backyardjack","0x6efa2bf8997AA300a5966418DeB98082f5cCdB68","https://x.com/Backyardjack/status/2095808317133880221","","2026-09-04T21:16:56.000Z"
"badaki","0x3d3B2eaebcBb78C5bFd60BB2dcA5A10BEaeA80F4","https://x.com/Badaki/status/2094934441860349730","","2026-09-04T21:16:54.000Z"
"baddestiny","0x1CF131dDa8e0be6135F082B38eB70fF9c3D3e0e3","https://x.com/baddestiny/status/2095397140888479166","","2026-09-04T21:16:13.000Z"
"badhorse","0xecb1117d54A2eE85055bbD8d3b597cd7a0876feD","https://x.com/badhorse/status/2095715824739478969","","2026-09-04T21:14:28.000Z"
"badiacuni","0x2b6edfa35ba766885f6de53a572fb59bb64bce53","https://x.com/BadiaCuni/status/1476172866722795520","583","2026-09-05T05:43:40.000Z"
"bahadiryaz","0x89D71978a9847d9F820BCDbE0a92665F6dC4c205","https://x.com/bahadiryaz/status/2095481193229786016","","2026-09-04T21:14:56.000Z"
"baks","0x7989Ac464720Fa2646909b1943f64C6Ec95e545A","https://x.com/bAks/status/2095528831387397370","","2026-09-04T21:16:52.000Z"
"bambangsetiawan","0x591E348A35187450b84A1d6B9c6F43cEfE4FF3Ca","https://x.com/bambangsetiawan/status/1","646","1788588420347"
"bambunio30","0x68751e5C0f213FFdA76CFe4236FF67ED3Cc15586","https://x.com/Bambunio30/status/2094932033205667684","","2026-09-04T21:17:08.000Z"
"banditbann1985","0xc8CB75314a2F1665E114595B0471B423c13019ce","https://x.com/Banditbann1985/status/2094954427600980416","","2026-09-04T21:16:56.000Z"
"bang","0xB76B8a8194374B7C9c59E731740857B5280f288F","https://x.com/bang/status/2094969376408877729","","2026-09-04T21:14:34.000Z"
"bang1000","0x4F8eAA1d15A54ab7247756b8A5787FAE8b45cb7D","https://x.com/bang1000/status/2095726270678625653","","2026-09-04T21:20:40.000Z"
"banh","0x0e862De64b22B4F6b7103C58f71bdD280Aa565a1","https://x.com/Banh/status/2095421759168319305","","2026-09-04T21:18:20.000Z"
"bank","0x17b97EaFA169a08f13b58e193aA4c86BBf2c9A7C","https://x.com/bank/status/2095436166524538644","","2026-09-04T21:16:53.000Z"
"banktech","0x432B97f77F96f9422e697B311781F6633832a544","https://x.com/Banktech/status/2095344853023112953","","2026-09-04T21:20:36.000Z"
"bansilal","0xaf59e89AA4758d7C1E252152c16c2fA0c7608DFf","https://x.com/Bansilal/status/2095462449115951104","","2026-09-04T21:17:42.000Z"
"bantol","0xcB17dF1216AA21cb24cfB465C25cC706619959aB","https://x.com/Bantol/status/2094926720396868345","","2026-09-04T21:15:00.000Z"
"baobao09738874","0x62615e48F915DF317030B7cddB6ee695cf930056","https://x.com/baobao09738874/status/2095908530503274938?s=20","332","2026-09-04T16:15:51.000Z"
"baobao51770004","0x479E81D68160Ae0A73124Ae046FeF1Ba41795077","https://x.com/baobao51770004/status/2095909282193846507?s=20","334","2026-09-04T16:18:32.000Z"
"baoduy94","0x1A2463d6132d8B24010410D3195827c1C9c53fB1","https://x.com/baoduy94/status/2095396960012517093","","2026-09-04T21:20:56.000Z"
"baongoc","0x7c15618A9439a7C2D495ac0e4A9b0CbA057Ae8A5","https://x.com/Baongoc/status/2095266975859295101","","2026-09-04T21:20:00.000Z"
"baothu2502","0xAa499e53435D00104a4a8071CA759Dddb17F489f","https://x.com/BaoThu2502/status/2095879067959660976","","2026-09-04T21:20:27.000Z"
"bargog","0x02F6ffD563A22EaEcE73ea9568254F305Ab637FF","https://x.com/Bargog/status/2095705387756485115","","2026-09-04T21:20:05.000Z"
"barl8848","0x7173B8d23974484d011Ec256beCfce4C0EDb153E","https://x.com/barl8848/status/2095746354981753490","","2026-09-04T21:14:58.000Z"
"baron_neo","0x27c59cc48068C8A096959f0DD0635b1858B04441","https://x.com/baron_neo/status/2095838453105240496","","2026-09-04T21:20:43.000Z"
"baronghost","0xF7c374036b5F94719E2C95711b4Bba07178e9B69","https://x.com/baronghost/status/2095273009238657359","","2026-09-04T21:20:57.000Z"
"baronsamurai","0xf77f053f949F60275A4c04237fe903922a9D547F","https://x.com/baronsamurai/status/2095377739113476462","","2026-09-04T21:15:40.000Z"
"baroon","0x0848b4a7615d8Ac02C85953191ac2eA89C9F2160","https://x.com/Baroon/status/2095475173038989348","","2026-09-04T21:19:11.000Z"
"basat","0x1489D36d2Cc3f47084D562E17082Ce921398764e","https://x.com/basat/status/2095437518217728871","","2026-09-04T21:16:14.000Z"
"basbugahmet","0xF104281dC8acD21aF1689996d3a31eFf91334894","https://x.com/basbugahmet/status/2095676150236790909","","2026-09-04T21:15:23.000Z"
"basilla","0x430c752156f5748C208c31Bb36Ae0ac6ab51445e","https://x.com/Basilla/status/2095507885836167015","","2026-09-04T21:19:23.000Z"
"baskan","0x2D7279Bf38b6188C923990a6B3253B268190b13d","https://x.com/Baskan/status/2095356820808161991","","2026-09-04T21:14:47.000Z"
"bauhinia","0xf4e91248D2850b3EdC011b9f913E8a799b6F5060","https://x.com/Bauhinia/status/2095902571168475304","","2026-09-04T21:20:54.000Z"
"baw1","0xcC097cCb5eB461C1E5138143789441980C9A07C4","https://x.com/Baw1/status/2095087473706232454","","2026-09-04T21:17:36.000Z"
"baytarism","0x9d47639C97ae05C5295996208dA7ba837a8bbBCb","https://x.com/baytarism/status/2095286206588850774","","2026-09-04T21:14:39.000Z"
"bazi","0x4a5c5138b6b618AB8F558D16a714953Ff2FB1094","https://x.com/bazi/status/2095013522303000989","","2026-09-04T21:17:59.000Z"
"bb2ebb","0xEAfbEd8A661CA776A2fc3CD1ca3EEbaE5f87ff18","https://x.com/bb2ebb/status/2095315715850600960","","2026-09-04T21:16:21.000Z"
"scottmelker","0x06d1e42977fcb77fc76e9e32b9761889b4bc9ac9","https://x.com/scottmelker/status/1909956759688024444","163","2026-09-04T10:35:47.000Z"
"bb786","0x5Eed11EFe22d0f1993dBa129626b5F44225BE1ea","https://x.com/bb786/status/2095580536754639451","","2026-09-04T21:14:34.000Z"
"EidJohann","0x2a3c00a7e16baffb20d63078758f517817ff9cd8","https://x.com/EidJohann/status/2031616189114564642","120","2026-09-04T10:34:53.000Z"
"bcrypt3","0xbc75DbeF7219378481Ea582A650e315654CB29Aa","https://x.com/BCRYPT3/status/2095241115043140397","","2026-09-04T21:14:57.000Z"
"beankitchen","0xd003f1499eb45b8Fdc09d1D074587288F52A1ca0","https://x.com/BeanKitchen/status/2095957455066951633","","2026-09-04T21:21:08.000Z"
"bearbaba168","0x59418A928E50D82989A3B62505F43265Bd7E2fCF","https://x.com/bearbaba168/status/2095534493029376269","","2026-09-04T21:15:57.000Z"
"bearhunter","0xF06B72c79A33Bce409CA9DE40821Da97982b8BE8","https://x.com/bearhunter/status/2095359310787449625","","2026-09-04T21:19:29.000Z"
"bearnomad","0xB3861FE035aBFde9806CBB5a725a4eE52B14Ac54","https://x.com/bearnomad/status/2095312982882679931","","2026-09-04T21:16:05.000Z"
"bearscribe","0xC450888a10b11746ab6F84eF21ADBEE791330450","https://x.com/bearscribe/status/2095979021206561357","","2026-09-04T21:20:27.000Z"
"beauty_city","0x3118D744E19364C5266836C9BCbFeCe590c97B5b","https://x.com/beauty_city/status/2095679711223411280","","2026-09-04T21:14:59.000Z"
"bebls","0x63E421CB8aa10Df72d28D7a3BE280ab2fB3D3fef","https://x.com/bebls/status/2095713397116224752","","2026-09-04T21:16:49.000Z"
"bedo05","0xffF2bE5c82595EDB44c17b7F765882524D911a0B","https://x.com/Bedo05/status/2095479968112172412","","2026-09-04T21:16:51.000Z"
"beercoin","0xB620D8f28C7018c7c898C07Fb5D6690E465826b3","https://x.com/beercoin/status/2094925274847764873","","2026-09-04T21:14:15.000Z"
"beersect","0x03bBedE1b7ebf997c3Bb8a15C1895d238888eb40","https://x.com/beersect/status/2095488586711720407","399","2026-09-04T18:28:03.000Z"
"behlulbuyuk","0x15BC88FDa7fD82207D0B1C29e0fd4979B11451d0","https://x.com/BEHLULBUYUK/status/2095359937469772175","","2026-09-04T21:20:49.000Z"
"bektoz","0x786aDDfAED8db0480f557F783B639D4F0932A906","https://x.com/Bektoz/status/2095664734675088599","","2026-09-04T21:16:16.000Z"
"belaruss","0xDF0D53143Fa31bAE33a2056b00eb308B6f6b2597","https://x.com/belaruss/status/2095227370132640784","","2026-09-04T21:17:58.000Z"
"bella123","0x0ff6f8D86a240c7952681DcE3A18Bfc8B3E118Da","https://x.com/bella123/status/2095780845832222000","","2026-09-04T21:20:49.000Z"
"bellcat","0xb241e962DFaDAa87AeE2C5ae98953c637DF2586d","https://x.com/bellcat/status/2095732318327605672","","2026-09-04T21:15:02.000Z"
"beltex","0x8091BB3B6Bff43E3678b57c8983371F38845Cc0b","https://x.com/beltex/status/2095232275077014058","","2026-09-04T21:15:54.000Z"
"ben86933625","0xdc3f91d0182939aca5bbfdee1afe2fa8d67795cb","https://x.com/Ben86933625/status/2096019415603236948","484","2026-09-04T23:37:01.000Z"
"ben95","0x44A3E694A5eD89f04b1EF54b54D39989BcF583fe","https://x.com/ben95/status/2095813349035521732","","2026-09-04T21:19:30.000Z"
"bengarstka","0xC17F10855438994eC7f388602d1dD69DA2F720C0","https://x.com/BenGarstka/status/2095245164192222936","","2026-09-04T21:17:49.000Z"
"benjamin1moore","0x61fE1f95815776fB3D91a22f72BE24427c0D21D4","https://x.com/Benjamin1Moore/status/2095703467538128297","","2026-09-04T21:17:03.000Z"
"benjamin6699","0x643D905b3bB4A532813119f053DA7Be2D178e4ed","https://x.com/Benjamin6699/status/2095813025767114033","","2026-09-04T21:17:46.000Z"
"benji_0","0x3fbF357F5Cac198B45d87849F40500A06251465c","https://x.com/Benji_0/status/2095489777220135048","","2026-09-04T21:15:15.000Z"
"beorn1982","0x32a23Cd8d683ce518c680D7883B74d74aB583947","https://x.com/Beorn1982/status/2095545787037488406","","2026-09-04T21:18:00.000Z"
"bera0x","0x9B9380b590Ef6c8007908261979dD60673F9f598","https://x.com/Bera0x/status/2095884125028501365","","2026-09-04T21:19:52.000Z"
"berrimancarri","0x07D19d73C02F1a0b9bF39CA3219E47d9C498AB3b","https://x.com/BerrimanCarri/status/2095361085386217749","","2026-09-04T21:17:08.000Z"
"berttttt_22","0x407602d870ddfd17a96a19a2b86cd2c09bf2fb43","https://x.com/berttttt_22/status/2095890106762809663?s=20","276","2026-09-04T15:03:22.000Z"
"bertych","0x9E2EC424E52D73026c2afd9156F016dC52E36B35","https://x.com/Bertych/status/2095335288187121119","","2026-09-04T21:21:27.000Z"
"bestia87","0xD8C7C5195CF1fbeE0B5Ced5acd0800B661D2798C","https://x.com/Bestia87/status/2094900583505358663","","2026-09-04T21:19:34.000Z"
"bestya","0xF79a2fb7e684FC1D7e6A88B8e51F3aA6d7c6b2B5","https://x.com/bestya/status/2095218334924443658","","2026-09-04T21:19:50.000Z"
"bet8891","0x7587D76732A7954F9edCaFc74D97279F1b058c8B","https://x.com/Bet8891/status/2095147630826952440","","2026-09-04T21:17:59.000Z"
"betakey","0x0a995b3d74E387C563282c0d58f5Eb090023CD76","https://x.com/betakey/status/2095808477678641261","","2026-09-04T21:15:00.000Z"
"bethemen","0xa26D2CF2D1562Fbd587c1c08954FB0094818Fc36","https://x.com/bethemen/status/2095902946591979633","","2026-09-04T21:16:50.000Z"
"beydi","0xdC984508188B0c355770E79A737C9beC7B09EBF6","https://x.com/Beydi/status/2095151514423457578","","2026-09-04T21:18:39.000Z"
"beza","0x427C5DA794D7780445f6F4265386fCAAFc830597","https://x.com/beza/status/2095760123140323329","","2026-09-04T21:17:17.000Z"
"bezha","0x68D8701A37974c1EB89FB8e7b0777f01632Da0da","https://x.com/Bezha/status/2095145237680636275","","2026-09-04T21:14:27.000Z"
"bfbbfb","0x7EcF8342950c7a493Fb0633503793E179F770660","https://x.com/bfbbfb/status/2095251012183314294","","2026-09-04T21:17:34.000Z"
"bgfm","0x6E7fAc7183601c001617997821e6547dAEf8A630","https://x.com/BGFM/status/2095980736997159783","","2026-09-04T21:15:31.000Z"
"bhaga","0x66b7D8B98bC84Cd1025778F346e98140352cbF16","https://x.com/Bhaga/status/2095199503417840726","","2026-09-04T21:15:27.000Z"
"bhavesh008","0xCe5a023B46cD8Fcd05ddd444e536c75813a25F67","https://x.com/bhavesh008/status/2095791873194886107","","2026-09-04T21:19:23.000Z"
"bhjjk","0x94050980afce5f916578576EaBE5B2A6869BE323","https://x.com/bhjjk/status/2094946289572410907","","2026-09-04T21:19:28.000Z"
"biancalemst","0x10f62e36e9a33485dac050ee1a42f0b435f63c71","https://x.com/BiancaLemst/status/1470963417678708737","545","2026-09-05T05:28:58.000Z"
"bibon","0xbDe29cE98E0aA96eF48Ca624Caec28239046a876","https://x.com/BiBon/status/2095211440394130467","","2026-09-04T21:16:30.000Z"
"bifimrh","0x1831348eDe11f3cb53E7438bEb948585D303036d","https://x.com/Bifimrh/status/2095973654551302314","443","2026-09-04T20:34:27.000Z"
"big_pig","0xDe415425E73855024ae30834751A199B74D03A1C","https://x.com/Big_pig/status/2095909167975096211","","2026-09-04T21:16:04.000Z"
"bigbang","0xd4ee12b20Fe8a695CA50B2308B83e7f6E234BD6E","https://x.com/bigbang/status/2095685721500775270","","2026-09-04T21:16:29.000Z"
"bigbu","0x25f8c1B2B822AD2F1ab9F11E95935865147b0DE5","https://x.com/BigBu/status/2095903928727253535","","2026-09-04T21:18:56.000Z"
"bigdiao","0x06E638028d4Dd95813C771B070A545c22DC627C2","https://x.com/BIGdiao/status/2095631469013019213","","2026-09-04T21:18:33.000Z"
"bigeeni","0x25E88b9317053C03C32e0f6c2E50992bFe6Ea229","https://x.com/bigeeni/status/2095988093325111454?s=46","460","2026-09-04T21:32:11.000Z"
"biggiedabs","0x15ceD2c3890dFc3d8B0126eBB60D27279772146D","https://x.com/biggiedabs/status/2095569647909614797","","2026-09-04T21:17:16.000Z"
"bigguy4by4","0x5d2d62551eE85749593ACc0A66dEE780F2C67F0F","https://x.com/bigguy4by4/status/2095303518419046557","","2026-09-04T21:16:59.000Z"
"bigray0x","0xAb91D3Bd8ff5062C4dE46980fc5A7830bbA75313","https://x.com/bigray0x/status/2095011381139817851","","2026-09-04T21:16:29.000Z"
"biihz","0xF5b897782b40afEFE7C34C241709B6D549E6fD71","https://x.com/Biihz/status/2095583563542593016","","2026-09-04T21:20:46.000Z"
"bijanabite","0x062e91870F4c3438bf47F419ae79FDd701401724","https://x.com/BijanAbite/status/2095620081388094880","","2026-09-04T21:18:02.000Z"
"bilanacyuka","0x012a8076835f4d8590e07181d558e45dab1f03ba","https://x.com/BilanaCyuka/status/1476228277442285572","596","2026-09-05T05:58:57.000Z"
"bima802","0x9eaB8d3A175699BADaC6015f8861990cB07dF5e0","https://x.com/Bima802/status/2095600959753232326","","2026-09-04T21:15:09.000Z"
"bimsky","0xBBD1218888380456725b22b8a320ce64833c1A4B","https://x.com/Bimsky/status/2095579731518520391","","2026-09-04T21:16:09.000Z"
"bingo6698","0xb3665Dd0EA1C455C13193A97371f4a5683c50a8E","https://x.com/BinGo6698/status/2095198158981481451","","2026-09-04T21:16:09.000Z"
"binhminh","0x30Efa45452b7d66eCB618B23070d25f4fd9A788F","https://x.com/BinhMinh/status/2095735009161792953","","2026-09-04T21:20:30.000Z"
"binkids","0x87F9d211F97D99fD079dB6C943F2d2D955628372","https://x.com/binkids/status/2095447433626078266","","2026-09-04T21:20:31.000Z"
"biricoinmidedi","0xa4eAaff85d14B9b4c29919f175a232Dd72FFC1dC","https://x.com/biricoinmidedi/status/2094920333716808453","","2026-09-04T21:20:10.000Z"
"bishal977","0xf4d43a371aAe1eE4b583Fd949596716aD8da1254","https://x.com/bishal977/status/2095392355551308775","","2026-09-04T21:14:39.000Z"
"bishop05","0x645436360d0e31A23E3f686E7dfC6BD7634d6aA1","https://x.com/bishop05/status/2095623733679556875","","2026-09-04T21:20:39.000Z"
"bison22","0x223CDE67D8CE8B212bB985743A0e754f0590c894","https://x.com/Bison22/status/2095956772934923591","","2026-09-04T21:21:38.000Z"
"bitbi","0x4ff302D73df8a2ff97C0246513b21442136aBd16","https://x.com/bitbi/status/2095934460605060502","","2026-09-04T21:21:11.000Z"
"bitcoinbaron","0x2C2E2cC058e562c14562A5BB63f266b54B1A753E","https://x.com/BitcoinBaron/status/2095067929381616483","","2026-09-04T21:15:47.000Z"
"bithero","0x1673c79747d7e67C45D90DB6aC43f9B534E09103","https://x.com/BitHero/status/2094920872795427862","","2026-09-04T21:18:51.000Z"
"bitma","0x3CaDB6dc952a6a470bc76A7E7075796C6724EEc1","https://x.com/bitma/status/2095537350942482588","","2026-09-04T21:21:06.000Z"
"bitopol","0xf09909Fed363A3776525E636D8bA3D570afBe0ED","https://x.com/Bitopol/status/2095614237521277213","","2026-09-04T21:21:06.000Z"
"bizarhasani","0x6F18ca17c5c498006373E28d452b08e1602C307e","https://x.com/bizarhasani/status/2095264799454604981","","2026-09-04T21:16:39.000Z"
"bk555","0x082C898a23822A404f8bEc4bFBda6dc49F76FCD0","https://x.com/bk555/status/2095890352017731861","","2026-09-04T21:15:17.000Z"
"blackbanana","0x265570A8Ad9e7b7C9f4886C616F8f318c4412d9A","https://x.com/BlackBanana/status/2095849241096797563","","2026-09-04T21:17:28.000Z"
"blackbobtwo","0xDF4669a3aED82B2252Ad8584C861C882021bBfC6","https://x.com/blackbobtwo/status/2095390033824362732","","2026-09-04T21:18:29.000Z"
"blackboycardi","0x3D9CB4F8B1b51909C8C5cB996f15cB7bC725618D","https://x.com/blackboycardi/status/2095732147197271377","","2026-09-04T21:17:06.000Z"
"blackc4t","0x11F81Dacf96C0Dc7E82D5eAb249ffb542eE3e289","https://x.com/BlackC4t/status/2095776261372959852","","2026-09-04T21:15:01.000Z"
"blackcatlss","0x2d1937677Cc616Ba5d08D99D28C97baAD32B801A","https://x.com/blackcatlss/status/2095372274546682121","","2026-09-04T21:16:44.000Z"
"blackdrag","0x0Ca43a1642E8626CDba6e36eb69B13A4800F66Fa","https://x.com/BlackDrag/status/2095069694983980698","","2026-09-04T21:21:00.000Z"
"blackmoney","0x82bDE3dBb13AfA16F029A29CbA5361A6f6D6A7Ff","https://x.com/blackmoney/status/2095125822636847620","","2026-09-04T21:19:06.000Z"
"blackspider76","0x7c449d37B5444863792D50926d9507DF2Ad031E5","https://x.com/blackspider76/status/2095427298762083595","","2026-09-04T21:14:55.000Z"
"blade_dean","0x31f71e22A672f8C509654Ee19f1940dB40A928a3","https://x.com/blade_dean/status/2095139861062846214","","2026-09-04T21:21:31.000Z"
"blademist","0x362Dc2a2d7FbC642DB8CE99929336aD8e89e3F59","https://x.com/blademist/status/2095763476040519294","","2026-09-04T21:16:37.000Z"
"blass450","0xb38Fcb1DB6D89C9a9d10e2D6b0863FCa0d0Ea069","https://x.com/blass450/status/2095991637247987923","466","2026-09-04T21:47:54.000Z"
"blazefire","0x69C81EA80B0F01a5A9dE3eF764C96D2dB4D5C59c","https://x.com/blazefire/status/2095438145046182420","","2026-09-04T21:14:10.000Z"
"blazing_dusk","0xb06ff51C953C92249EA461c8E6c9E80Bc7Ddef10","https://x.com/blazing_dusk/status/2095216682532136098","","2026-09-04T21:19:14.000Z"
"blazing_ghost","0xB8799b696136BFfF281306fA371951e8eCF22c8f","https://x.com/blazing_ghost/status/2095085667034509547","","2026-09-04T21:19:35.000Z"
"blazingcaptain","0xC66F64925ffd1b4775EDC13AA42043b070c13A96","https://x.com/blazingcaptain/status/2095667504355844873","","2026-09-04T21:21:03.000Z"
"blazingronin","0xD4Fb6AC00999C33C18579cEDf3b9d4E2bd83Ade5","https://x.com/blazingronin/status/2095270888310179876","","2026-09-04T21:15:21.000Z"
"bleacher","0x9ae92Bce928Eb184a6873cdA7E632890841390f5","https://x.com/bleacher/status/2095514669962118603","","2026-09-04T21:17:34.000Z"
"blissfulfx","0x3b854e8467468bB36B85B966C1043EdA51bF71dA","https://x.com/blissfulfx/status/2095922342321180817","365","2026-09-04T17:10:24.000Z"
"blockbuccaneer","0x9c7541D40F89765C5633069AFBE6806279E08Dc9","https://x.com/BlockBuccaneer/status/2095831711028101306","","2026-09-04T21:15:19.000Z"
"blockchainbuddy","0xa4F7fa7684b2797caa319C8246DBcA9bf7eCD968","https://x.com/BlockchainBuddy/status/2095571272250040988","","2026-09-04T21:20:38.000Z"
"blodrust","0xD906f443401047C6F66DC6CE5CcBCDC9AA0c57B7","https://x.com/blodrust/status/2095876536234574083","387","2026-09-04T18:00:22.000Z"
"blubay","0xC672cf25e3a90748796A0c3052Fc85EaF6C09782","https://x.com/blubay/status/2095624339045408834","","2026-09-04T21:14:35.000Z"
"blue_baron","0x33B2D783F7C83036b87a08Ec2BD9574ad27cc7f7","https://x.com/blue_baron/status/2095762804936758497","","2026-09-04T21:19:05.000Z"
"blue_cipher","0xE9305032EB6F00d07c2BE968D18BBE5D6e36d576","https://x.com/blue_cipher/status/2095239411642394047","","2026-09-04T21:14:41.000Z"
"blue_dragon","0xb8a1a2C4Cad3e515325c3250d54A19616D9e1c34","https://x.com/blue_dragon/status/2094911384251810429","","2026-09-04T21:19:11.000Z"
"blue_ember","0xc125f6CcaF6970f13FD873b1D7344C38430b046d","https://x.com/blue_ember/status/2095261837194993187","","2026-09-04T21:18:48.000Z"
"blue_ranger","0x3730DA083D628753ff1F6acE457f14967D113BEf","https://x.com/blue_ranger/status/2095272277531665267","","2026-09-04T21:16:46.000Z"
"blue_sage","0xA39f9e9beD3ec76E0B9dEddcE43821ceF81227cc","https://x.com/blue_sage/status/2095672175167888782","","2026-09-04T21:16:10.000Z"
"blue_wave","0x7c08A0E41873d8610ff719CE28D60dDCe69605A1","https://x.com/blue_wave/status/2095917448936949140","","2026-09-04T21:21:16.000Z"
"bluecat110","0xF5C34A82D38F6A3962E3BF4349e8F49dEc0739aC","https://x.com/Bluecat110/status/2095599499565661885","","2026-09-04T21:21:22.000Z"
"bluedeer","0xFa138dA1d3A838CCC4D5eb1c93A97283D99bA1c5","https://x.com/bluedeer/status/2095821612456091883","","2026-09-04T21:17:46.000Z"
"bluedog","0x20a971227BD51d950E3d5E0d17e9eA4660c509BA","https://x.com/bluedog/status/2095066810314673720","","2026-09-04T21:19:47.000Z"
"bluegreeny","0x69CE2570ae119deA6737e98b5609373EB64736de","https://x.com/Bluegreeny/status/2095715394218055519","","2026-09-04T21:15:41.000Z"
"bluehawk","0x21fAc3Ba612f566455fe94a05cBeA13B6723c7b4","https://x.com/bluehawk/status/2095061355524412092","","2026-09-04T21:19:51.000Z"
"bluelamb","0xd96B6e8FF7B6Ac3433A22faF423307F1fE948AF6","https://x.com/bluelamb/status/2095578090057255821","","2026-09-04T21:19:30.000Z"
"bluelynx","0xA11a60C819473acf9671667b1FECd302ed4c2990","https://x.com/bluelynx/status/2094993911016324913","","2026-09-04T21:18:36.000Z"
"bluemole","0x08e20fc59D1F37E7e21219B81Eae25eA524513D1","https://x.com/bluemole/status/2095261128183921932","","2026-09-04T21:17:06.000Z"
"bluemt","0x2A7Fdb769F0B8aEe213f580bD6e583821e19Ae44","https://x.com/BlueMt/status/2095223853311193005","","2026-09-04T21:19:24.000Z"
"blueswing","0xdB97D4B7ef9CA57Ea77bA6430208F6C9bCAB3859","https://x.com/Blueswing/status/2095767545464187076","","2026-09-04T21:20:26.000Z"
"bluewolf","0x67F860Ca09225B5E709B57cE4a8b24875Ee809f0","https://x.com/bluewolf/status/2095494076934030491","","2026-09-04T21:15:35.000Z"
"blunt_dawn","0xa3ac46c1e47bfe13d8cd54acc0aad0770be9a328","https://x.com/blunt_dawn/status/2095923152319038689","","2026-09-04T21:15:56.000Z"
"blunt_phoenix","0x32F7f489E7f1B75F63B83D6A7c58b42Fa1B03e25","https://x.com/blunt_phoenix/status/2095277325302026935","","2026-09-04T21:15:17.000Z"
"blunt_witch","0x4E308171D1a2D8B3B2E9e9cfbeDb9Ef1Ba7c6f1C","https://x.com/blunt_witch/status/2095682646402390205","","2026-09-04T21:17:39.000Z"
"bluntdawn","0x2C38e5ad4A368d08c949Ac3FD3F833DDaFDbddf7","https://x.com/bluntdawn/status/2095627989360625628","","2026-09-04T21:19:03.000Z"
"bluntember","0x768016F19a07d5eED67b0999f40E846018C58c6b","https://x.com/bluntember/status/2095091661066735894","","2026-09-04T21:19:09.000Z"
"bluntprophet","0x2D417f972e703bF371c4F3BFF3CF1298a06A409f","https://x.com/bluntprophet/status/2095721814791765371","","2026-09-04T21:21:29.000Z"
"bmramzi","0x0B392Df47856ecf5f45128D85F439106e0DC214b","https://x.com/BMRamzi/status/2095819107041135622","","2026-09-04T21:15:47.000Z"
"bngoc99","0xcC820006CEa18b00bA6245c7D4b51392127E6cdC","https://x.com/Bngoc99/status/2095510823129812474","","2026-09-04T21:15:18.000Z"
"bobbi52","0x5A5372035C4C50786957cDEB6848D2D4d6036F72","https://x.com/bobbi52/status/2095299081368389515","","2026-09-04T21:19:17.000Z"
"bobonfa","0x788F88047082Bd4f83037bea77f7647bfE8C37e2","https://x.com/boboNFA/status/2095823942663951653","","2026-09-04T21:21:37.000Z"
"bobox","0xFa93E56ec58b884Fa6D9A0011D877FC80376769d","https://x.com/bobox/status/2095522410625074230","","2026-09-04T21:18:39.000Z"
"bobqq","0x4a7ee4313cbE33Fac7C8AccED6BE71bED10a68B3","https://x.com/Bobqq/status/2095635664976083139","","2026-09-04T21:15:30.000Z"
"boby88","0x9B015d484b0608Eda00cfEA96FD5206c42928e58","https://x.com/boby88/status/2094947150138271590","","2026-09-04T21:19:59.000Z"
"bodhisphere","0xA7bF1c8f9C123f1d655C6fDf9DE431EC3B76Fdb8","https://x.com/Bodhisphere/status/2095236445465576639","","2026-09-04T21:19:46.000Z"
"bogdmits","0x57D5350Fc7d4689936465b0Ab8E600F3854B75e5","https://x.com/Bogdmits/status/2095769331606248394","","2026-09-04T21:15:18.000Z"
"bogelhrmc","0x14aa71b260b303f975df314c8b0c32909eb0e68e","https://x.com/bogelhrmc/status/2095885200433778951","258","2026-09-04T14:43:12.000Z"
"bold_monk","0xeEf08C4dC81175247EE8F475E0F0f9822e3A45fc","https://x.com/bold_monk/status/2095815687773345113","","2026-09-04T21:14:17.000Z"
"bold_storm","0x58846cc719E9Ddf9eaE93d1c46Cc42652499492e","https://x.com/bold_storm/status/2095440501451898130","","2026-09-04T21:18:30.000Z"
"boldcipher","0xd8bEB580Ac138D3c5f20DA62Cd78ebdBcE45131a","https://x.com/boldcipher/status/2095823149706339486","","2026-09-04T21:19:33.000Z"
"boldherald","0xcBF01812C08bF47C3ba270F1fAd103Da6F377943","https://x.com/boldherald/status/2095433075015176910","","2026-09-04T21:18:23.000Z"
"boldknight","0xF013C37aC998d394c2b1B73b10E0D455784b27A8","https://x.com/boldknight/status/2095935190486142538","","2026-09-04T21:18:57.000Z"
"bolee","0xE5b3a74c1fD376d8B371eA094A75Ea8E3dd7B0D5","https://x.com/bolee/status/2095815103399910593","","2026-09-04T21:18:10.000Z"
"boloto","0xF4C3be1e98cFD2Cc728274f4B094C79607F1cF64","https://x.com/boloto/status/2095080882289728608","","2026-09-04T21:15:30.000Z"
"bombervikzz","0x766b47469DD6583D15360f82df9F4d2258Ab340c","https://x.com/bombervikzz/status/2095863163227692890","","2026-09-04T21:18:24.000Z"
"bonazzoli","0x97dCcB3aa301f55c948B796B6358d11edeA8cF6e","https://x.com/bonazzoli/status/2095540531996601095","","2026-09-04T21:14:20.000Z"
"bondiary","0xc1e1Fbe6CB6749B5a6459f3A70949B45b665C704","https://x.com/bondiary/status/2095662523827334214","","2026-09-04T21:14:13.000Z"
"bonniewilson","0x05d016448C34c0F4Fccd2Ec96E0f3e07785fF8cC","https://x.com/BonnieWilson/status/2095974730445256153","","2026-09-04T21:20:57.000Z"
"bono","0x8A657738977672dc103Cb2dd02cFb000e5D53487","https://x.com/bono/status/2095797032307884344","","2026-09-04T21:14:53.000Z"
"bookiroad","0x2d5C5D41C62925580a22135E4ccb0A5875421E02","https://x.com/bookiroad/status/2095890057207225728","","2026-09-04T21:20:02.000Z"
"boradayx","0x4C9E1fA080737edB3F740180fd48020FfBCE9694","https://x.com/boradayx/status/2095376486963503064","","2026-09-04T21:21:27.000Z"
"borang69","0x57392687CeEd444db0bAA9478F427F93D208B981","https://x.com/borang69/status/2094937675678437321","","2026-09-04T21:19:23.000Z"
"bores_","0xB9Ed486ada78e129269fef90a015f4A2942C4da9","https://x.com/Bores_/status/2095825843603913730","","2026-09-04T21:18:41.000Z"
"borgosborn","0xE0d6B740e8883eB81c008290C4fc17bA30f84510","https://x.com/BorgOsborn/status/2095434318031948512","","2026-09-04T21:19:31.000Z"
"boricat","0x0eb2fd592Ed04d4FEC058fA2008f159537Db92Ad","https://x.com/Boricat/status/2095366722321810625","","2026-09-04T21:15:05.000Z"
"born_again","0x7B618F0E046C8c2D14d55FF3D9297f69eF648649","https://x.com/Born_Again/status/2095111231093936936","","2026-09-04T21:15:19.000Z"
"borsch","0x45C6BA6a3751A1f9bAD4574CC7ef8E9B02242C69","https://x.com/Borsch/status/2095383911742811137","","2026-09-04T21:17:49.000Z"
"bosoco1","0x39B93D55E5200547F64F851B55797e172aFd1952","https://x.com/bosoco1/status/2095544940348284341","","2026-09-04T21:16:31.000Z"
"boss12345","0x7fAe2a93D42BaDC7c92D1c7Da289F737e8f189eB","https://x.com/Boss12345/status/2095471127386644010","","2026-09-04T21:18:12.000Z"
"boss4141","0xE030560f9C66D7190C436A85CEdb106FcF8ab078","https://x.com/Boss4141/status/2095083639831889416","","2026-09-04T21:20:13.000Z"
"bossalexandro","0xb4EFc57BE85ab2B373469a3CD305a4DEFa1B9492","https://x.com/BossAlexandro/status/2095542828465884177","","2026-09-04T21:17:39.000Z"
"bossming","0xC09C25F7D041d689ee3CCF798A4426d787A13Ab3","https://x.com/bossming/status/2095637230605100614","","2026-09-04T21:18:55.000Z"
"bossz","0x68c89927B1BcD4714df9Eb399D35BE9026476bd5","https://x.com/BOSSZ/status/2095199557503922179","","2026-09-04T21:15:17.000Z"
"botuyenmc","0xfc83Ce1DDB958360324e32B54abEd9c154bbdf82","https://x.com/Botuyenmc/status/2095521417934876744","","2026-09-04T21:14:27.000Z"
"boy8848","0x8B181a625D1Ff3735e4e5a3b88E7395AEA6c871A","https://x.com/Boy8848/status/2095645796887094040","","2026-09-04T21:17:14.000Z"
"boyu","0x968605531e1C569fc1842A0cfEdCAaBEc3E26F7a","https://x.com/boyu/status/2095547738964043753","","2026-09-04T21:19:01.000Z"
"boyzet","0x55DBc76E54844D9FC504C206974e028877C60F3d","https://x.com/BoyzeT/status/2095224827622591952","","2026-09-04T21:15:40.000Z"
"bptcrypto","0x83A763c14F4E81995A980dF319047E92690FAAa1","https://x.com/bptcrypto/status/2095930797372316100","","2026-09-04T21:18:47.000Z"
"bradleyni","0x90FF3EB1C48EB73eD58EC886BFC3a4eeCE7F7D8d","https://x.com/bradleyni/status/2095052907475677020","","2026-09-04T21:17:20.000Z"
"bragy","0xcA388a265fD93a29B2efa2d60764f5e6ac679033","https://x.com/Bragy/status/2095738528959606683","","2026-09-04T21:16:12.000Z"
"brainnotrenyes","0x6fd5adeeedce0228853690c8e799b40a7d4e9c1b","https://x.com/Haunting_Hoods/status/2095895534615904498?s=20","525","2026-09-05T03:55:42.000Z"
"braizakre","0x41212638f69faA1b90B0D6Df839433B3b12F8B4D","https://x.com/Braizakre/status/2095951796647231844","","2026-09-04T21:18:50.000Z"
"bramsak","0x4Bc2A8039BA06bc08ddB0aa0633975439587D2EA","https://x.com/bramsak/status/2095498883542735295","","2026-09-04T21:18:45.000Z"
"bramtzy","0x2D45bCd1D88759814b7e922163B836685E84d179","https://x.com/Bramtzy/status/2094949519955324109","","2026-09-04T21:17:36.000Z"
"brave_ghost","0x8c4464BF79f349B6F340845db14229AB3ddFc049","https://x.com/brave_ghost/status/2095930799690710152","","2026-09-04T21:16:09.000Z"
"brave_river","0x98d16F0E845c2c5A9670f8C5860674C409c43AF4","https://x.com/brave_river/status/2094900032362495334","","2026-09-04T21:18:48.000Z"
"bravecaptain","0xF812CAD9F027d10E32E9d0cA3c20676e94E9d4F5","https://x.com/bravecaptain/status/2095870821929279360","","2026-09-04T21:20:25.000Z"
"bravedragon","0x47cDb7858ca67e2E4A361831231E50181aCd8397","https://x.com/bravedragon/status/2095567939567634673","","2026-09-04T21:18:47.000Z"
"braver","0x192b3Fc37d1183D7AD06D2C1d10dA9B2dc41B0C5","https://x.com/Braver/status/2095190049163539082","","2026-09-04T21:16:42.000Z"
"braveseer","0x0718fB99600923856E86FB45D450d5D8a033BAE0","https://x.com/braveseer/status/2095266148191242470","","2026-09-04T21:18:14.000Z"
"bravojava","0x679B7835a21658312Bc83d150dB0f9327f28325E","https://x.com/bravojava/status/2095200238021563731","","2026-09-04T21:14:47.000Z"
"breaner","0x62A3ccd7F40755c18e5c78d16a5cEaE0E5573887","https://x.com/Breaner/status/2095744023298741233","","2026-09-04T21:18:56.000Z"
"brey9","0xc8cDA52d990884A1999cddf0F53A93e97504a6FC","https://x.com/Brey9/status/2095904463356723165","","2026-09-04T21:16:51.000Z"
"brianbnb","0xA3e3105b34F76cba4528eDdADD0C9Fc1888FCbbE","https://x.com/BrianBNB/status/2095073256488412759","","2026-09-04T21:18:27.000Z"
"brianpham","0xb913b1A4961CaCEd419C92F82771fcB7A56c8139","https://x.com/BrianPham/status/2095106965131453688","","2026-09-04T21:21:38.000Z"
"briant","0x331bC2E63035D68341F2ba374dA30B54907E8455","https://x.com/briant/status/2095331401295335753","","2026-09-04T21:14:10.000Z"
"bright_fox","0x2795Bc81a2c254f8C109fcBbDE54e7f8e89C5FE9","https://x.com/bright_fox/status/2095049069278807521","","2026-09-04T21:21:24.000Z"
"bright_ronin","0x3816E3DFF7C9934996233e4d6501CAf888f5ba8F","https://x.com/bright_ronin/status/2094950986920652202","","2026-09-04T21:21:33.000Z"
"bright_seer","0x9f328432E1aD4A5C20679d4c38663007A2C9F05c","https://x.com/bright_seer/status/2095447165245161326","","2026-09-04T21:19:16.000Z"
"brighteclipse","0xBf090367F943c068c51edEC5F53Fb3060977e247","https://x.com/brighteclipse/status/2095431995793869445","","2026-09-04T21:21:17.000Z"
"brightember","0xDb8431A1c310e6704e232b3E9c5e55E615c9d099","https://x.com/brightember/status/2095853833013987930","","2026-09-04T21:15:03.000Z"
"brightseer","0x72C58E43c0DEce4867560a930989dfD42F92Dca1","https://x.com/brightseer/status/2094955619374248175","","2026-09-04T21:21:30.000Z"
"brightsignal","0xdBf6e53BB5c83929dF3e6A66Fae7F136d176e891","https://x.com/brightsignal/status/2095753983934682393","","2026-09-04T21:21:11.000Z"
"brightwarden","0x123a2059ce1b68DC609922e66E068e5eC2D3a001","https://x.com/brightwarden/status/2095515450199531007","","2026-09-04T21:16:18.000Z"
"brightwitch","0xB6B6E122Ed98E43ffaBbC26Fa8EC1A5B88f7F3Ec","https://x.com/brightwitch/status/2095262958146537192","","2026-09-04T21:15:52.000Z"
"brobrocrypto","0xCA084F5dEe653E9D8779973757564940F3da3c20","https://x.com/BroBroCrypto/status/2095525796545462578","","2026-09-04T21:20:54.000Z"
"broken_blade","0x5aA60f3a241c247742ED119Aa31003013dcAF154","https://x.com/broken_blade/status/2095881511889699937","","2026-09-04T21:19:05.000Z"
"broken_lion","0x492586605603Be94b67c9B612dDe9aF381CDa34a","https://x.com/broken_lion/status/2095536612638297911","","2026-09-04T21:16:48.000Z"
"broken_panther","0xaE002F0EeEe4E8e690F10b5140c39Abb00d5cE96","https://x.com/broken_panther/status/2095914527855885438","","2026-09-04T21:18:45.000Z"
"broken_river","0xc8d0C2f403139bCdF4C007D6386B2990B4Ac4430","https://x.com/broken_river/status/2095768673725890704","","2026-09-04T21:14:13.000Z"
"broken_seer","0x97b3C1EEb2e4Ec4E8E85cE1fEd9a3190240F75dD","https://x.com/broken_seer/status/2095565364858134612","","2026-09-04T21:16:03.000Z"
"brokencaptain","0x844E8e622D1F7747C2EbaDDd8002E295d4Cb5A03","https://x.com/brokencaptain/status/2095473533398376747","","2026-09-04T21:14:23.000Z"
"brokenghost","0xE13A24Afb81F7B1E1FE884fAc8F7E35804547D18","https://x.com/brokenghost/status/2095886461566648572","","2026-09-04T21:19:00.000Z"
"brokenphoenix","0x09a803FDA3792a6d40D049999C0e4F61c317e7a1","https://x.com/brokenphoenix/status/2095781119078747154","","2026-09-04T21:18:20.000Z"
"brokenwraith","0x5fc6D92eE50D34C0AAdc0680fA990d2680585Be3","https://x.com/brokenwraith/status/2095888080668018568","","2026-09-04T21:14:03.000Z"
"broly27","0xAF5e8bcb3A30f458102f7E20570aE2C171C52562","https://x.com/Broly27/status/2095049368100482092","","2026-09-04T21:17:11.000Z"
"brontosaurz","0x54C57C70565D32A8910D944507E78Ce76da70243","https://x.com/BRONTOSAURZ/status/2095270757834672658","","2026-09-04T21:17:59.000Z"
"bruce1122","0xd31477EDC834B76FE491CFc417797C7574DEb1Ee","https://x.com/bruce1122/status/2095086830179705647","","2026-09-04T21:18:11.000Z"
"brucegod","0x2Ca64a29C88A8f5751eC38058f9a0F02BF50a66f","https://x.com/BruceGod/status/2095496959602264682","","2026-09-04T21:19:16.000Z"
"bruno","0x2e29Fa940D49443b2BF0fc188Ed0151C6Ef35383","https://x.com/Bruno/status/2095144624890937480","","2026-09-04T21:20:24.000Z"
"bsbsuwso62964","0x48523d8CD150E69202ebE2f1391d16d5Ba288C63","https://x.com/bsbsuwso62964/status/2095300490721730031","","2026-09-04T21:20:06.000Z"
"bsc1010","0x417e1C70Ee44657C74aB44bb381B95acff1064E1","https://x.com/bsc1010/status/2095520282618771735","","2026-09-04T21:14:02.000Z"
"btchope","0x74c11bFCe674e48D41d0dCFa8AC1c2386a3D2F22","https://x.com/BTCHOPE/status/2095789233462215704","","2026-09-04T21:17:21.000Z"
"buckhustea83747","0x5954D24b1939B72b592E35907f4718b5b4fd5459","https://x.com/BuckHustea83747/status/2095287056763659821","","2026-09-04T21:21:31.000Z"
"bucky_btc","0x7d257a45a8B840f5917Afb9D40d215bc67Dc9eC2","https://x.com/bucky_btc/status/2095093641529689427","","2026-09-04T21:21:38.000Z"
"buddha","0x1d103718E7B9D598D3caB229B03d04C19554A549","https://x.com/BUDDHA/status/2095497373004120379","","2026-09-04T21:19:57.000Z"
"budi_setiawan","0xF6E13cDD5F9611f73FADc457ce57F4AEe6C01Ac6","https://x.com/Budi_setiawan/status/2095305522509584444","","2026-09-04T21:17:47.000Z"
"budiharyanto88","0x569D7FF03a38F51d16096a4C311ea4BE1F04d320","https://x.com/budiharyanto88/status/1","614","1788588326462"
"buenahealy","0x63D0bB4e81c83b68BD3eE7BB47fD407Cd0259F41","https://x.com/BuenaHealy/status/2095361726643919012","","2026-09-04T21:19:57.000Z"
"bugaenkonastya","0x7ffd590b6f044A04E0f393987f8261ECDe5A1fa1","https://x.com/BugaenkoNastya/status/2095881999512670631?s=20","245","2026-09-04T14:30:21.000Z"
"bulabtc","0x03D8Cd0C018c35c82Bb31e3C205a09ba2A031E43","https://x.com/Bulabtc/status/2095554874016941209","","2026-09-04T21:19:24.000Z"
"bulltothemoon","0xd0a3fB46f03318D0E35707Ab084d023AcC44adAF","https://x.com/bulltothemoon/status/2095334574197815736","","2026-09-04T21:16:31.000Z"
"bumerang","0x4462eFc1D07f42D3721a614bf40938E0a7105fB8","https://x.com/bumerang/status/2095446046782280977","","2026-09-04T21:21:36.000Z"
"bungseula","0xe87117F3C46169Fbb90432a43844C20c7479503F","https://x.com/bungseula/status/2095912828016463929","341","2026-09-04T16:32:36.000Z"
"burakc26","0xFEa01D89Cd6A198087869A49EDf9849d4842e1D2","https://x.com/BurakC26/status/2095217960418407622","","2026-09-04T21:17:23.000Z"
"burhanh","0x4c49Fb6D17340a948B4C3B06F7C28e02d0A084DB","https://x.com/burhanh/status/2095122933229335022","","2026-09-04T21:16:46.000Z"
"burki123","0x92085dD515CcE5695672DbC2810B4be2308099F8","https://x.com/burki123/status/2095012171852628230","","2026-09-04T21:16:35.000Z"
"burning_eclipse","0xe434b4bF8C6791878250e23667E170C6623ed7c1","https://x.com/burning_eclipse/status/2095681394064933732","","2026-09-04T21:17:33.000Z"
"burning_knight","0xCfc56837e7ac7e0aFb6b8eAaF7A3F5C4be5f727F","https://x.com/burning_knight/status/2095639360259843061","","2026-09-04T21:16:56.000Z"
"burning_vault","0xC481154794f013B106F6a6f280C318a773c0b8dd","https://x.com/burning_vault/status/2095736314457971497","","2026-09-04T21:19:35.000Z"
"burningrune","0x8322A65A2D0166D778bC7100320748C0FD40E9A5","https://x.com/burningrune/status/2095359269100075163","","2026-09-04T21:21:26.000Z"
"burungketjil","0xDBE8DeEFA133402DD94d6a89157e53C040d5F527","https://x.com/burungketjil/status/2095387601102959800","","2026-09-04T21:18:01.000Z"
"busrak","0x73f4863EF8D7599fFf6DCFa576563b56C692fE67","https://x.com/BusraK/status/2095906398901696576","","2026-09-04T21:18:09.000Z"
"buzhi","0x0f3a325B20d0d138973C56C173FF1aba2623198E","https://x.com/BuZhi/status/2095132410793509739","","2026-09-04T21:21:32.000Z"
"wdnmd3296","0x0165113d2702ad22fc5c21ef9bc51edb30ea6642","https://x.com/wdnmd3296/status/2095717147112882405","25","2026-09-04T03:35:49.000Z"
"bykaralord","0xe53E4F394D998A2D548e525a7392723021638f57","https://x.com/bykaralord/status/2095802190494317777","","2026-09-04T21:16:28.000Z"
"byratina","0x644fDbCeF727a7dF0e793198587A46E1450eE926","https://x.com/byratina/status/2095618528012537975","","2026-09-04T21:15:05.000Z"
"bzone","0x3ED8f40Cd64B2372c57d38e66892B10C17Bef9fD","https://x.com/bzone/status/2095975160412595805","","2026-09-04T21:15:02.000Z"
"Innocent_013","0x510d018f7f39504b8b372b1de1012c18277c25e4","https://x.com/Innocent_013/status/2026629639414669747","121","2026-09-04T10:34:54.000Z"
"c3ffee","0x4348EB5D5ac3f5c24aC870E3c640Cb236F8C8583","https://x.com/c3ffee/status/2094902184300443970","","2026-09-04T21:17:07.000Z"
"kidsreallycute","0x735c90ae998c836c31f2d3ba2ffcdd37712d2422","https://x.com/kidsreallycute/status/2039761029438316564","128","2026-09-04T10:35:01.000Z"
"decodejar","0xbe6edf61659f41057cc7921fee8dfa0694914dcf","https://x.com/decodejar/status/2026050855536124100","147","2026-09-04T10:35:26.000Z"
"PhilMrlo","0x68fe440cb64370a154b5f624faa5c9355030bb71","https://x.com/PhilMrlo/status/1888917939887157618","112","2026-09-04T10:34:45.000Z"
"manlikedonaldo","0xbfcf8fb130b8d81ec40b778921c3fc02a4caa756","https://x.com/manlikedonaldo/status/2095857430806552906?s=46","206","2026-09-04T12:52:45.000Z"
"HenrySanchsx3v","0x240b5767FEf53d3F0bf2CFB2B6Bc60a80c21a258","https://x.com/HenrySanchsx3v/status/2092548154627981313","","2026-09-04T08:59:10.000Z"
"cabybara336","0x9E1b56Cf98473F79091e9EBEf606B1C0757cadE2","https://x.com/cabybara336/status/2095121137701905186","","2026-09-04T21:16:13.000Z"
"cadsila","0xed65B7a6265442920320364Dc0A7f52143036e28","https://x.com/cadsila/status/2095023612991154479","","2026-09-04T21:17:33.000Z"
"calibere","0x8F3e99Da7936729c800372c305622CcaD6c790e7","https://x.com/Calibere/status/2095752261882872574","","2026-09-04T21:18:17.000Z"
"callmehannn","0x3F7dc992E7542ad0d1ef63fD11D848be4465CB9e","https://x.com/callmehannn/status/2095314215281256873","","2026-09-04T21:18:32.000Z"
"calm_ronin","0xA2de00e6b1528BAD808Ec7fDd2B59B82B4a958f0","https://x.com/calm_ronin/status/2095106365439031974","","2026-09-04T21:14:51.000Z"
"calmcomet","0x48E0E1A7E9FC507F2e5f03C7E1b6d468F0CE2Ba0","https://x.com/calmcomet/status/2094990445252140643","","2026-09-04T21:17:59.000Z"
"calmcompass","0x0d3Ce2582a6128631535e0283A5A9a865E528129","https://x.com/calmcompass/status/2095290093453558153","","2026-09-04T21:15:58.000Z"
"calmmonk","0x2FF1cA4bB91Ae5B12b9019A1d4C14A7620c5d085","https://x.com/calmmonk/status/2095471047110681084","","2026-09-04T21:19:12.000Z"
"calmprophet","0x2fB11Ac6ebf7eA1A7114F16D65D295d54442DEDb","https://x.com/calmprophet/status/2095268835285181562","","2026-09-04T21:17:38.000Z"
"calmwolf","0x2ea6998a4DEab83Bf0B2a446304970121fDE34b6","https://x.com/calmwolf/status/2095300439287866354","","2026-09-04T21:21:28.000Z"
"candy2018","0xe6630563a3f31dFDF6B67FA3d9282a2582E40b26","https://x.com/candy2018/status/2095951004701459360","","2026-09-04T21:16:23.000Z"
"caninalalita","0x796b3c46fc2f1b5adf7dbedeb7ef077c65c88606","https://x.com/CaninaLalita/status/1476173270915244033","579","2026-09-05T05:43:35.000Z"
"caninaligs","0x82a890d74d77ed27548ee239db370183570fb18d","https://x.com/CaninaLigs/status/1476211778270875649","590","2026-09-05T05:58:51.000Z"
"canttype","0xa9660A53637E9eC3d33B15B8430EDB673E0A13C8","https://x.com/canttype/status/2095028908299340044","","2026-09-04T21:17:54.000Z"
"canyd","0x69Caa5eCDf69C5FA9509F6734605C1cDFCd87E06","https://x.com/CanyD/status/2095700728956457673","","2026-09-04T21:18:36.000Z"
"caosl","0xE99bA99e0C0b4AD44566810027FDFfBf5b3C3683","https://x.com/caosl/status/2095775254650714414","","2026-09-04T21:19:47.000Z"
"caper","0x9e378c30fb4722D13C3b2B759Af8Bf925112fdE0","https://x.com/Caper/status/2095384688187889478","","2026-09-04T21:21:16.000Z"
"capital22","0x063A3884B0fB0EC7b5EFC666F7f094b49bB2DDcf","https://x.com/capital22/status/2095334877066554970","","2026-09-04T21:16:12.000Z"
"cappuccino","0x43858AA47c4E2F69Af544625aC1E4Ff6920cf0f7","https://x.com/cappuccino/status/2094970617205927488","","2026-09-04T21:18:46.000Z"
"cappybaa","0xF388D0d6c7E029F36823C92d8df6bECA041428b4","https://x.com/cappybaa/status/2096078765449474084?s=20","520","2026-09-05T03:32:23.000Z"
"capriciousy","0xf88F18724e29531A495A8cc92cC74Cf4f6d75399","https://x.com/capriciousy/status/2095392993367597001","","2026-09-04T21:14:16.000Z"
"captain_leo","0xeA79dF26Fb7f387d77c1b25425894048458fE94a","https://x.com/captain_leo/status/2095390462811471180","","2026-09-04T21:20:39.000Z"
"captainhook14","0x0919A9099b7323A5b268C4A56f2391FC5dd0732d","https://x.com/CaptainHook14/status/2095203434566079642","","2026-09-04T21:18:05.000Z"
"captainriver","0x9E781e96DaF1eb77DdB579dE0C6bfB63c83238Bb","https://x.com/captainriver/status/2095781035646020780","","2026-09-04T21:18:19.000Z"
"captainsilverr","0x7775d2c9379dca19f7EE3f87CDb7f0cbB680c905","https://x.com/CaptainSilverr/status/2095659793440045710","","2026-09-04T21:14:30.000Z"
"carapia","0xBC7f9151D81A4fE4727F0142e94FC1eDf1eB3542","https://x.com/Carapia/status/2095855877252843323","","2026-09-04T21:16:05.000Z"
"cardo","0x280e14BB27288b378e372D3576b7f1AF6194e484","https://x.com/Cardo/status/2095924155934266433","","2026-09-04T21:16:02.000Z"
"carinaemane","0x1b2c14150609d9e06895a55a9d8e8c1e1550035c","https://x.com/CarinaEmane/status/1470963667088785409","555","2026-09-05T05:29:54.000Z"
"cariocaxy1","0xb6e04dD856B208a6f30e7ab365d0A4372cfF0596","https://x.com/cariocaxy1/status/2095961428704276877","429","2026-09-04T19:45:46.000Z"
"carirejeki","0xE3eB5754e3F97fc0e330C80C7A308bCd8089D2dD","https://x.com/CariRejeki/status/2095980882139166171","","2026-09-04T21:16:24.000Z"
"carllahouston","0xBbF7700A5a45917Fe160E8fE81995BA9c7b5495d","https://x.com/carllahouston/status/2095777772778526409","","2026-09-04T21:14:22.000Z"
"carlos74","0x8700ed9BB7AbDEceaC1A3D21B564dbE9935B2539","https://x.com/Carlos74/status/2094902573450884126","","2026-09-04T21:19:53.000Z"
"carlyls","0x25f4999Cd52AF8f431DbF90848e25570BA8350Ba","https://x.com/CarlyLs/status/2095799048890072992","","2026-09-04T21:19:27.000Z"
"carrera97","0xfCb5470bf0deA21a47832c764A5D76E86917B7Da","https://x.com/carrera97/status/2095859520934367478","","2026-09-04T21:19:48.000Z"
"carroll12","0xb02A5Fd64B41201c83E12faA8E3071A8050BFb25","https://x.com/Carroll12/status/2095129797778655211","","2026-09-04T21:14:46.000Z"
"carydax","0xE1D8bDB8752Fc34BAc5E904e0A5f4d4a3f6FE3C0","https://x.com/Carydax/status/2095475862693275946","","2026-09-04T21:16:35.000Z"
"cas22","0xa8BD6abEE7b2097c390808465984498D4DbdAa3f","https://x.com/Cas22/status/2095012745066760095","","2026-09-04T21:14:07.000Z"
"casper_airdrop","0x68481233e64d03ce2188ada1058423Ec2744E35B","https://x.com/Casper_Airdrop/status/2095385636785041588","","2026-09-04T21:19:48.000Z"
"castello","0x62e8300785ea57798821717956FcA9b42DC4Ce0A","https://x.com/Castello/status/2095318524094680512","","2026-09-04T21:18:07.000Z"
"catchfire","0x9c6134d6eF5d7f17549F5A78a5C7Be92B0C8e6f4","https://x.com/catchfire/status/2095867824809335577","","2026-09-04T21:18:00.000Z"
"cathy12","0xF83F7E1018a2Dff390d6FD1bB3C401DDD2842cEB","https://x.com/Cathy12/status/2095908540055282653","","2026-09-04T21:14:47.000Z"
"catneh","0x911Ad25a5F32d9f29691966cffbdA141e2ff3df6","https://x.com/catneh/status/2095106601681532835","","2026-09-04T21:16:17.000Z"
"cayne","0x9659adba5C6e100C30E916cfd26ddAa54AD2D12E","https://x.com/cayne/status/2095723438726349134","","2026-09-04T21:18:13.000Z"
"cbvbv","0x0DA123A71cc22765f9F547D193213348990F39CB","https://x.com/cbvbv/status/2095121761596896040","","2026-09-04T21:15:48.000Z"
"Crypto_Jargon","0xba63c16e7a51494a1133c13cd3ac1b25901bb2bf","https://x.com/Crypto_Jargon/status/2042916750640230901","132","2026-09-04T10:35:05.000Z"
"jdorman81","0x8a00e732115f2569c8e19f30049d91ff5e40c0f9","https://x.com/jdorman81/status/2012219830527517143","141","2026-09-04T10:35:14.000Z"
"ivan_nomadz","0xe39d557d6c61c9cf83bda0cb417cbc6ca0fecae6","https://x.com/ivan_nomadz/status/2024847800031445364","120","2026-09-04T10:34:53.000Z"
"Redhox_Core9X","0x51193ac33FE74ee5d46C63Fa9ba397c74F948C7a","https://x.com/Redhox_Core9X/status/2095842259321421984","181","2026-09-04T11:52:12.000Z"
"celebez","0xFF2f71d2260acce161EaFAE02138C17116B90A1c","https://x.com/Celebez/status/2094989339857325078","","2026-09-04T21:15:59.000Z"
"celestialecho5","0x11C00db9a3f6A51a408CAfC86C313B9a5Bb0b388","https://x.com/CelestialEcho5/status/2095076851160436077","","2026-09-04T21:21:17.000Z"
"celex","0x869c0039cc5C6ad930CAABDb2f10fc98F9967e62","https://x.com/celex/status/2095292213802956140","","2026-09-04T21:16:46.000Z"
"celinarumina","0xf0ff9360b2065c983186b4a70b85ce3b1742155a","https://x.com/CelinaRumina/status/1470417994132062217","543","2026-09-05T05:28:56.000Z"
"celo","0x91084f5F28E450223d1d67FE9848cB3d3489EBc4","https://x.com/celo/status/2095466881549136993","","2026-09-04T21:14:31.000Z"
"cem1977","0x36e5372bCA520c01606D0B998921E537770Ea369","https://x.com/Cem1977/status/2095458637102603816","","2026-09-04T21:16:46.000Z"
"cendy838","0x6518650327FC1F7d9F3D7A0EE814506802f3983c","https://x.com/cendy838/status/2095944244310455380","","2026-09-04T21:19:19.000Z"
"centi_00","0x33d90b402854d6a429245eFA0955fA43d0058a19","https://x.com/Centi_00/status/2095298367139262493","","2026-09-04T21:18:00.000Z"
"ceria","0xF4D6A45152eb0d67E52a5222521Dd7aD1dC8C055","https://x.com/Ceria/status/2095635142053281668","","2026-09-04T21:16:59.000Z"
"mary40fx5","0xF2111eB22F1Ce9286b6a323D33C025E85317cCE0","https://x.com/mary40fx5/status/2094490163416662017","","2026-09-04T08:58:47.000Z"
"cezarir","0xe8F21E8D9272403F42C5bf791cdFBde14Db9317c","https://x.com/CezarIR/status/2094949831078447089","","2026-09-04T21:21:36.000Z"
"Bookof_Eth","0xbd5729b7d4cde7ee7c3a3547febc0619832242a4","https://x.com/Bookof_Eth/status/2036819885855048117","151","2026-09-04T10:35:31.000Z"
"jessica69xh1","0x512673431BfA5269751AEe9543656Ef4dFE50393","https://x.com/jessica69xh1/status/2093604694789193729","","2026-09-04T08:58:22.000Z"
"cfrylmz","0x67E20D265b80Ddd0785E2B18495D61e3755cC025","https://x.com/cfrylmz/status/2095913541524102740","","2026-09-04T21:15:46.000Z"
"cgarlie5298","0x258CBfb356948f5B38c182d5e1365840072F27cd","https://x.com/cgarlie5298/status/2095940602608706634","","2026-09-04T21:17:20.000Z"
"chachubit","0x13f51AA04eaCC8f2e4a460b47dc64E6C3c78f6dB","https://x.com/chachubit/status/2095239121550306934","","2026-09-04T21:20:20.000Z"
"chad69","0xEbA6eCB7B1BeD37fc23681F3d38eb7980EE2A9f9","https://x.com/CHAD69/status/2095914211725777614","","2026-09-04T21:18:16.000Z"
"chamikapeiris","0xdc5C491Bda4c011E057431d102EAfe78CBAc5a73","https://x.com/ChamikaPeiris/status/2095712282580401234","","2026-09-04T21:14:38.000Z"
"champ","0xF1EbF3094a8D420f1eFee36Ab1e5d9ccde13A5D9","https://x.com/Champ/status/2095557378468214028","","2026-09-04T21:17:49.000Z"
"chandus279","0x2AE947F203C16E9E83037e49d18913864C0A2e95","https://x.com/ChanduS279/status/2095962601817883120","430","2026-09-04T19:51:06.000Z"
"channnyeinn12","0x8683fe814364e4c6d9e7002fe9656799848f57b5","https://x.com/channnyeinn12/status/2095864515590324304","219","2026-09-04T13:20:55.000Z"
"channyein","0x1D1e472225fd75E7b478e9A768C20B293526EcF2","https://x.com/channyein/status/2095820785978199300","","2026-09-04T21:16:56.000Z"
"channyx_","0xD3dbCE32839A0c319f6C5553678017a90Dc227D8","https://x.com/Channyx_/status/2096095125508387279","539","2026-09-05T04:36:53.000Z"
"chaosmos","0xeF805Fbba0CDf7cdf7D921FCdD2070A246f4ca7e","https://x.com/Chaosmos/status/2095136668154452476","","2026-09-04T21:19:37.000Z"
"charlottema","0x4c51d0a96a735D80cB4B5E125A9E310b2eC5f9BD","https://x.com/Charlottema/status/2095917448611773194","","2026-09-04T21:17:23.000Z"
"chauanh","0xd26B60D1455dA89b6C8E649d87Aa2c672B32D58b","https://x.com/Chauanh/status/2095265356808467688","","2026-09-04T21:18:40.000Z"
"cheburashka","0x1830c1f2Ba18783d76D1D80A6dAd23F0af76D195","https://x.com/cheburashka/status/2095675613010858365","","2026-09-04T21:21:35.000Z"
"checco76","0xf9e3c5DFBbeA15471BC6B65AcAB83514d31FB0f6","https://x.com/checco76/status/2095144945171696451","","2026-09-04T21:19:56.000Z"
"checkra1n","0x0524f0561a5454D316818D6599d73cb24cEeB3C6","https://x.com/CheckRa1n/status/2095669245909805300","","2026-09-04T21:19:25.000Z"
"chen1450","0xD0736eDA4313907564EDBae0Cc9c0724425B6C45","https://x.com/chen1450/status/2095735665843266970","","2026-09-04T21:14:34.000Z"
"chengsheng1028","0xe7Ad67250E0b1Ef6A3F7A550946F1b7084244225","https://x.com/chengsheng1028/status/2094973044246750457","","2026-09-04T21:21:18.000Z"
"cheolgu3","0x9a74bF9Bc5B7C11ABc975a77ebf0A5F5C6494213","https://x.com/cheolgu3/status/2095765398518897540","","2026-09-04T21:14:17.000Z"
"cheongdam","0xE66D9F7f24D0625346563e9B273fF8faf6C11342","https://x.com/cheongdam/status/2095230225438393404","","2026-09-04T21:19:49.000Z"
"chibiren","0x132cb20a5598abbb2fce305168ce35734973489e","https://x.com/chibiren/status/2095944396304285195","","2026-09-04T21:21:13.000Z"
"chicharrero","0x4A268B08d5648569b029940f8FfCdd2C305B5640","https://x.com/Chicharrero/status/2095173769779121376","","2026-09-04T21:17:20.000Z"
"chichi3310","0x4Bc719dA7d4e3db74729bD8B191CDCb12f31eA67","https://x.com/CHICHI3310/status/2095724574275241503","","2026-09-04T21:20:24.000Z"
"chickenboy","0x4638baA2B2bAB2B44aDEc0B62f9EC8e28C409B6c","https://x.com/chickenboy/status/2095805896014261871","","2026-09-04T21:20:07.000Z"
"chideramorgan","0xe05985dE722893A03Bbb9F25Dce2606c010f2757","https://x.com/Chideramorgan/status/2094977116322574564","","2026-09-04T21:15:00.000Z"
"chihuu97","0x672526C140f8FDEaeEcEB1595eA2Fe4f4553693c","https://x.com/ChiHuu97/status/2095063643990795690","","2026-09-04T21:18:57.000Z"
"chiku1998","0x6959F2BB2BA3730dF76ecb06bE153653F352BB63","https://x.com/chiku1998/status/2095019967388668756","","2026-09-04T21:19:23.000Z"
"childofrose","0x5d2a0Fd6bD2C5e0EC222e05D64Dabf0A58DBa8a3","https://x.com/childofrose/status/2095332616438514138","","2026-09-04T21:20:39.000Z"
"chimo9","0x7584FfF1018a47260cf467b9F09B7040a4159EFD","https://x.com/Chimo9/status/2095832011800488307","","2026-09-04T21:16:28.000Z"
"chinesedevil","0x2A892E4CbDf83A5A0f02a55fE73340cd9Bb597ba","https://x.com/chinesedevil/status/2095644080552460448","","2026-09-04T21:17:12.000Z"
"ching","0xC62Ad0dd5795FE3919EAd4BF0fF5019B81686a08","https://x.com/ching/status/2095396562335220972","","2026-09-04T21:20:39.000Z"
"chinnie","0x7B002Cddf49DB4a8b82Ef0A3e9f8A8DF5b942088","https://x.com/chinnie/status/2095704439352367032","","2026-09-04T21:18:38.000Z"
"chins2024","0x07D89CAA904487f762B4b7bF6f1C3eCd3832cf08","https://x.com/chins2024/status/2095200232641607056","","2026-09-04T21:21:30.000Z"
"chiquast","0x09Bf43A3E52A0e4585bbC0409C9123dB584C01D1","https://x.com/chiquast/status/2095960932702966159","435","2026-09-04T20:13:59.000Z"
"chitranshkiaastha","0xc0ffee254729296a45a3885639AC7E10F9d54979","https://x.com/Haunting_Hoods/status/2095494665466237398","221","2026-09-04T13:23:07.000Z"
"chloemia687549","0xA6B1d649A2D00a90B369bF30b53B97816e81d4b2","https://x.com/ChloeMia687549/status/2094901052651557776","","2026-09-04T21:21:32.000Z"
"chokichoki","0x58Ad230fB4be90086e5e2d2B6E5E23DECe6E3374","https://x.com/Chokichoki/status/2095566298142773882","","2026-09-04T21:16:59.000Z"
"choouuu","0x0d0c4F1f1Cd94192F3538e360Db77cF278423c8F","https://x.com/Choouuu/status/2095978136946446459","","2026-09-04T21:16:35.000Z"
"christian2022","0x5cA6eFEf7Ac9CE47Ba4eed787Bb83873a66e1571","https://x.com/christian2022/status/2094971032538585279","","2026-09-04T21:21:28.000Z"
"chucktardio","0xB01772532C6288C9B93d4D966e8e81302EaBfc63","https://x.com/ChuckTardio/status/2096010066931417271","482","2026-09-04T22:59:43.000Z"
"chugrud","0x6b803C00F725D2f92665D81Ea5Dd1E0070988A70","https://x.com/CHUGRUD/status/2095839526057046740","","2026-09-04T21:21:38.000Z"
"chuky","0x0957Ab6749801B2a59f8A2c22c8563baEF314344","https://x.com/Chuky/status/2095853217625493352","","2026-09-04T21:14:50.000Z"
"chumboi2006","0xBF83484Df7194FFd8E6871d39744479F566EEF2F","https://x.com/Chumboi2006/status/2095232564617608332","","2026-09-04T21:20:44.000Z"
"cilmo2","0xD81C0c3E2c771Ef136FcE37BbAd36A53e0982653","https://x.com/Cilmo2/status/2095585484022615324","","2026-09-04T21:15:27.000Z"
"ciol","0x3c07b559D26d0E22bf23cBF8cC3010a5FD787426","https://x.com/Ciol/status/2095360727576442300","","2026-09-04T21:17:24.000Z"
"cipoz","0x20d508881Db9F00a02648C3d1Eef6266f9c55a24","https://x.com/cipoz/status/2095752024836244366","","2026-09-04T21:19:13.000Z"
"cistcea","0x85AC744076662b358C8dbAe962042e634b7C6000","https://x.com/fameratuai/status/2095832936876572733","392","2026-09-04T18:02:11.000Z"
"cistsea","0x00854B9c5293ab523d64bee3D86b52137c9fA300","https://x.com/cistsea/status/2095488586711720407","401","2026-09-04T18:28:06.000Z"
"civiv_i","0xd1edbf3aab54b5516edc5af359f1057144fa8730","https://x.com/Haunting_Hoods/status/2095895534615904498?s=20","529","2026-09-05T03:55:47.000Z"
"cjac","0xe50Ba0A81C372b4033397A09278fAfa137f21d7b","https://x.com/CJAC/status/2095415990495828525","","2026-09-04T21:15:53.000Z"
"cjmorrell87","0x149961f8B27fD4bBaB738eb5C3fec30C72eaFAf7","https://x.com/cjmorrell87/status/2096096046883766325?s=46","540","2026-09-05T04:41:59.000Z"
"ckghau","0x0A5F85Cc5b9dad965B414eDA7Fb45AF79F2dADB6","https://x.com/ckghau/status/2095053605691162990","","2026-09-04T21:15:23.000Z"
"claption","0x9Bd58240b32fDaD6Dd787AEaAa5D094fdf3eBE6d","https://x.com/claption/status/2095721981701333962","","2026-09-04T21:21:05.000Z"
"clclcl","0x15BBbF5F451801Aa1D34EBf7aF2a4A38212a7c18","https://x.com/clclcl/status/2095033432846874761","","2026-09-04T21:17:59.000Z"
"clemente_e6885","0x1F75E5dB8563B4286E06483e4D0e970A1882E84a","https://x.com/clemente_e6885/status/2095936647292473358","395","2026-09-04T18:09:46.000Z"
"clinkz","0x9b3Ca637C7DC1B6A9ab8D25195a6250eE2ef2ef4","https://x.com/clinkz/status/2095144765508754293","","2026-09-04T21:14:50.000Z"
"cloudrisma","0xC9F9Fe6c8448499FFce44DFbf170Af10Eb3B059E","https://x.com/cloudrisma/status/2095917156051435966","489","2026-09-05T00:07:35.000Z"
"clover_pips","0x2C890DB734368B85FebfFe29b8A2a8191c2C9FD4","https://x.com/Clover_pips/status/2095887996369224061","265","2026-09-04T14:54:16.000Z"
"cmaning","0xE811a819C540Cde9F29cB38b3198006726F98f3C","https://x.com/cmaning/status/2095839392272810600","","2026-09-04T21:19:04.000Z"
"coinpichigal","0xf6FFF82d1bEB3EAbfb76eb7d9b225c7f98Bcf67F","https://x.com/coinpichigal/status/2095248090726901505","","2026-09-04T21:21:32.000Z"
"cokoo","0x7121A70B1bC7E2AFc68EFa0E8D5424118fC1947b","https://x.com/cokoo/status/2095545281792035451","","2026-09-04T21:20:10.000Z"
"cold_pirate","0x5d882eD42d3649748075cB8eb88E9c8CB311392C","https://x.com/cold_pirate/status/2095623782546789827","","2026-09-04T21:18:26.000Z"
"cold_rogue","0x5d301a57c84D099070c5f5888E92c62Dcb207B4d","https://x.com/cold_rogue/status/2095931593664859063","","2026-09-04T21:16:14.000Z"
"coldblade","0x14F72071C04E677dCc6D71344476946719cDE502","https://x.com/coldblade/status/2095221020694838822","","2026-09-04T21:18:13.000Z"
"coldledger","0x4f4629211c747f58F8dc15734657Ab842d442390","https://x.com/coldledger/status/2095382688457666864","","2026-09-04T21:16:16.000Z"
"coldpirate","0x106d23Df96C8F73c0758EA7d695246aFeC434405","https://x.com/coldpirate/status/2095616842378347467","","2026-09-04T21:19:12.000Z"
"coledusk","0x8b0C08778F30EF4937F7042B6a255AE62F75Af65","https://x.com/coledusk/status/2095500728290014089","","2026-09-04T21:14:31.000Z"
"coleraven","0x45F34B33BDC463Ea79e26F50E4b42a1885134Ab9","https://x.com/coleraven/status/2095952301334591171","","2026-09-04T21:17:24.000Z"
"colewarden","0x9f4cC7469350D5AC05E0A75e1d075CEC6DDcfefA","https://x.com/colewarden/status/2095382255019210851","","2026-09-04T21:18:14.000Z"
"colombb","0xF9a4a742D30C0B29b31d6134A4E5D1749ee5589F","https://x.com/Colombb/status/2095455943194826000","","2026-09-04T21:14:49.000Z"
"commyrich","0xE6599363Ab51326e50E0b4bB11eF6435F3909ec4","https://x.com/CommyRich/status/2095861064984059374","","2026-09-04T21:21:21.000Z"
"compassledger","0x094A46324884182B6817297d9780c1ddc21622bE","https://x.com/compassledger/status/2095691135693130853","","2026-09-04T21:17:33.000Z"
"conanyb7","0xCd2d15136C4206C6828278fA7A00cB5a2Ee3f961","https://x.com/conanyb7/status/2096021970999746976","487","2026-09-04T23:46:19.000Z"
"coneravilina","0x690a1b24ec09027e02ddcbadf49c3556122c28ea","https://x.com/ConeraVilina/status/1472600135855005701","578","2026-09-05T05:43:26.000Z"
"congge918","0x01DA134B50Fe1ff9199Bfa2DC5659aC07ff067b0","https://x.com/congge918/status/2094912645678563009","","2026-09-04T21:20:58.000Z"
"congidau999","0x9bf9c730c7840a3b03fdfc91d0a4d06a8b38a6ca","https://x.com/congidau999/status/2095865238201700378?s=20","222","2026-09-04T13:23:47.000Z"
"consensys876","0x337dCb0a07961E39195c532F13937AF7df9b6eEF","https://x.com/consensys876/status/2095916504537784383","355","2026-09-04T16:50:27.000Z"
"coolart","0xc7783C29E39Df43a80674985e8F1C5D86F9D654C","https://x.com/coolART/status/2095878157855269982","","2026-09-04T21:14:21.000Z"
"coolestg","0x05d140bBb59900f11fb4d65905a062D3F9A5eD16","https://x.com/CoolestG/status/2095067015748214354","","2026-09-04T21:17:47.000Z"
"cooltaker","0x6A627756689E57d83408071D2316277019A322b3","https://x.com/coolTAKER/status/2094949841486307330","","2026-09-04T21:19:22.000Z"
"corahunter","0xe3305Fc5A6fe55154AdF6768FB855F1ff50F2696","https://x.com/corahunter/status/2095016550439019094","","2026-09-04T21:16:03.000Z"
"coralcrow","0xf3AFAf776136CAf314d9ffADBD0C115bB68f6a20","https://x.com/coralcrow/status/2095116960936864113","","2026-09-04T21:20:10.000Z"
"coralfox","0x47Aa5C120Ba70B615789d6792E126500A94ab8b3","https://x.com/coralfox/status/2095243338788166629","","2026-09-04T21:18:12.000Z"
"coralowl","0x5AAD7558E1dD011e6D737CFb4382ff6967FEf1D5","https://x.com/coralowl/status/2095230136261377084","","2026-09-04T21:20:14.000Z"
"coralrat","0x54177639E55559fE423db8dc08fA4ecfa3A9326c","https://x.com/coralrat/status/2095261428508781509","","2026-09-04T21:14:31.000Z"
"coralraven","0xD22BDb77Cf0a761702Aa334DEFb0041B05D4FDB2","https://x.com/coralraven/status/2095393109223555935","","2026-09-04T21:18:08.000Z"
"coralswan","0x3685A27EaE08745AD490A6f144Ff84ad9586E044","https://x.com/coralswan/status/2095260710097950608","","2026-09-04T21:17:54.000Z"
"coralwolf","0x477E1393Cb15f2b8Bd9d7e9BdDa2B0F3DE3c251f","https://x.com/coralwolf/status/2095619020517229804","","2026-09-04T21:15:58.000Z"
"cormick","0xe4F9eDA9f3228DD62b7BADC0dD209626914A46B0","https://x.com/Cormick/status/2094915451802488424","","2026-09-04T21:15:43.000Z"
"cosmicwave","0xdC3a18dF49701Cd3C1324dc4520da6accD710109","https://x.com/cosmicwave/status/2095731335482120166","","2026-09-04T21:15:37.000Z"
"cosmonew","0xC29E8978eF1A8a6e5654de80D200ceB3850B55eB","https://x.com/COSMONEW/status/2095786021371902857","","2026-09-04T21:21:22.000Z"
"cowooding","0x4336aB4D287de4F9e8ac2D7D935CDeB3C3aE42Ec","https://x.com/cowooding/status/2095018428597258206","","2026-09-04T21:19:34.000Z"
"coxseeker","0xE6F8bd723949402ca8f44c7340450c30DCb43283","https://x.com/coxseeker/status/2095580169797218094","","2026-09-04T21:20:55.000Z"
"cozyhomes","0xe8B3a6F0Fd9a032c6BDF5FcA397Bd222856F53bd","https://x.com/cozyhomes/status/2095092178336717292","","2026-09-04T21:14:13.000Z"
"cpektor","0x19268da891F583a36465552cD89aba38199D3537","https://x.com/Cpektor/status/2095280345337720007","","2026-09-04T21:18:54.000Z"
"cphuong","0xd18e7f753dEfB158240BF29BE8Bb24f0d9e3F53b","https://x.com/cphuong/status/2095243759203714273","","2026-09-04T21:20:17.000Z"
"cptn_ten","0x34ecD6Ab0aD0b7A9e37B7b1F2e9BCb4E8384aB98","https://x.com/cptn_ten/status/2095999958780715120?s=20","477","2026-09-04T22:19:15.000Z"
"crafty_junior","0xbc3d4dcca4086c3ae31b90d8f8415a2a1dd1cd4a","https://x.com/crafty_junior/status/2096110630298337412","564","2026-09-05T05:38:44.000Z"
"craysis","0xdB5c3ea1212d038A43A6c6A58A39C77030aeDEc4","https://x.com/CRAYSIS/status/2095863855687477612","","2026-09-04T21:18:17.000Z"
"crazedave2","0xaF8a0A11786a6d5bC1Ff61dF8E228C9F554b188f","https://x.com/CrazeDave2/status/2095904676084384118?s=20","317","2026-09-04T16:00:26.000Z"
"craziefingers","0xA98c7880A52099BfCBA4632c789Fde5A35BEDFB7","https://x.com/craziefingers/status/2094972866555678758","","2026-09-04T21:21:11.000Z"
"crazyfunnybuild","0x75c8f0601b36857FD0aDd5DE2c399fB30675C156","https://x.com/crazyfunnybuild/status/2095275922010276639","","2026-09-04T21:18:23.000Z"
"creaaaaate","0xB6Bc608bC153c39DB57056E4394BcB4a908fecce","https://x.com/creaaaaate/status/2095921345822196104","","2026-09-04T21:21:18.000Z"
"crekto","0xb587eD179de0654Bcc7F0F7dD004d805737a2B32","https://x.com/crekto/status/2095223637925070625","","2026-09-04T21:19:28.000Z"
"crimson_hawk","0x6519F640BD6bD9D053a0ecFED52E38e528856F7D","https://x.com/crimson_hawk/status/2095516053012403502","","2026-09-04T21:16:38.000Z"
"crimson_moon","0xdC2F19b1dd6a6E4c0B1b774268d5097c2B9e963a","https://x.com/crimson_moon/status/2095116857736965322","","2026-09-04T21:17:48.000Z"
"crimson_oracle","0x802FbA26129f9D2048B4AC043a04fB31aA1c3CBA","https://x.com/crimson_oracle/status/2095954371856919150","","2026-09-04T21:16:30.000Z"
"crimsonhawk","0xa770CF0F546cECF2C8D3611E28370bBc9a4FFd19","https://x.com/crimsonhawk/status/2095797247519475110","","2026-09-04T21:16:20.000Z"
"crimsonmonk","0x594cCF21706ACB8b4443273913a0254FD0635390","https://x.com/crimsonmonk/status/2095346736844782778","","2026-09-04T21:16:01.000Z"
"crimsonraven","0xD02e567280465244A8d0e2fbc451FEb0d0328870","https://x.com/crimsonraven/status/2095560957622491837","","2026-09-04T21:16:10.000Z"
"crimsonstorm","0xA121635193C858B7aa6b12e142Cb7011688B55a3","https://x.com/crimsonstorm/status/2094979112331618437","","2026-09-04T21:19:30.000Z"
"crimsonvortex","0x33a160101fDa5D6B3Bd2792b35c084301C0Ca2DD","https://x.com/crimsonvortex/status/2095971823658058243","","2026-09-04T21:21:06.000Z"
"criptoleo","0x505EfAde148B0c3942E61Ce65C42408768C9691e","https://x.com/CriptoLeo/status/2095551769916090644","","2026-09-04T21:18:44.000Z"
"criptotemplario","0xD5b8739Da5C6019Bd62f9b05BE2Cc5263C35C986","https://x.com/CriptoTemplario/status/2095012922424491675","","2026-09-04T21:16:54.000Z"
"crm2","0x8c7d4AfF35497eD4538A2510d2f4A0FEb033BD35","https://x.com/CRM2/status/2095225381009098835","","2026-09-04T21:14:21.000Z"
"cronosmag","0xAeCD9B9151d998022Df4FB3b1C426dcdC34f4196","https://x.com/cronosmag/status/2095258848463979154","","2026-09-04T21:16:08.000Z"
"crossline","0xe42F1328b09cd205b6fA5e9baBb747605caE6767","https://x.com/crossline/status/2095873234084234433","","2026-09-04T21:14:47.000Z"
"crypd","0xD11dbFb712164c3b44Ba63D0E9DF0a61F3bbB180","https://x.com/CrypD/status/2095817568310357545","","2026-09-04T21:20:24.000Z"
"crypt00","0xA1bEB16Fd5D8B1490882281D7A3D4C6Ffe3aE867","https://x.com/Crypt00/status/2095888378315708457","","2026-09-04T21:18:49.000Z"
"crypt0_shinchan","0xc45aa399aa75ace0ae56c372898abcb36d33161f","https://x.com/Crypt0_shinchan/status/2095884039127257212","252","2026-09-04T14:38:22.000Z"
"crypt0xfan","0x0aB0dEAAAcf2Da1249Fa49acF52823034c1bF9F9","https://x.com/Crypt0xfan/status/2095729517465905120","","2026-09-04T21:15:45.000Z"
"crypto2021","0x7f2d3966c7a7F0b8C62a183e0b085b60494B48D6","https://x.com/crypto2021/status/2095609600950629650","","2026-09-04T21:15:02.000Z"
"crypto2dot0","0x06602CA14829eC73042d7a1C0BAC2Cc493217700","https://x.com/crypto2dot0/status/2094949954490842533","","2026-09-04T21:17:47.000Z"
"crypto345","0x4594d1Eb8035186d826A9dFddeCd85D6727C74b4","https://x.com/Crypto345/status/2095661504541257768","","2026-09-04T21:18:42.000Z"
"crypto777nft","0x2359DC3353d9846f9cC61ea84F514c40B6553DF9","https://x.com/crypto777nft/status/2095636025238942604","","2026-09-04T21:17:31.000Z"
"cryptoagent","0x47A75db65C9C1d25B1969A9E3c1FD6fB2eD1b5e6","https://x.com/Cryptoagent/status/2095082102220139024","","2026-09-04T21:19:06.000Z"
"cryptoakun2","0xFACb4f4Cf6ab7e3fbA3Cae8E10FE67E22c6fa535","https://x.com/cryptoakun2/status/2095881139458290045","238","2026-09-04T14:27:00.000Z"
"cryptoalert","0x991A824be58c581927DFcCFD0A52af49c8C7182B","https://x.com/cryptoalert/status/2095089358750651435","","2026-09-04T21:15:09.000Z"
"cryptoashwin","0x68fB42ab4964e2aDE1bB0e0a42A45799eb1CCE87","https://x.com/cryptoashwin/status/2095574463205302653","","2026-09-04T21:17:48.000Z"
"cryptoavatar","0xaBCA374723cadbEE17cee5EA9889aA23218844B5","https://x.com/cryptoAvatar/status/2095409797952869063","","2026-09-04T21:14:45.000Z"
"cryptobhaisahab","0xfC433eF92C9C53240Df3224503F1E7cd1F54e811","https://x.com/cryptobhaisahab/status/2095287700329208606","","2026-09-04T21:15:06.000Z"
"cryptobharat","0x9f12463b3e0258a2BD2e5DE14e8573F3A4401765","https://x.com/cryptobharat/status/2095463360364207472","","2026-09-04T21:19:15.000Z"
"cryptoburger2","0x5B9f550d989f8FFe299233f98e3451A43119B290","https://x.com/cryptoburger2/status/2095355392459434458","","2026-09-04T21:20:09.000Z"
"cryptocat222","0x5047a8586E5B2BbD5d15Ae6b486d88D36bFE46e1","https://x.com/cryptocat222/status/2095964206608741554","","2026-09-04T21:19:12.000Z"
"cryptocmok","0xE090ADe706CC7C2e4E352dD3585faC720aaC7945","https://x.com/cryptocmok/status/2095887781480621743","","2026-09-04T21:17:36.000Z"
"cryptodavy","0x5921BfaE4E2ECae2ec39Ace5aA3bf4DcA0Fc38E2","https://x.com/CryptoDavy/status/2095209205973710763","","2026-09-04T21:18:06.000Z"
"cryptodiggerx","0xd8114e9C518A146BceabCD94FB31D122e686Af3f","https://x.com/cryptodiggerx/status/2095741285344635455","","2026-09-04T21:18:48.000Z"
"cryptodovetw","0x77787694fA86b3717A2D337599850244fB8A2255","https://x.com/cryptodovetw/status/2095634326245524356","","2026-09-04T21:21:27.000Z"
"cryptodumbs","0xA5B7CCa451f70a396Bfa865dD08171de4ba07070","https://x.com/Cryptodumbs/status/2095683731072554080","","2026-09-04T21:16:42.000Z"
"cryptofire","0xf757CB3dEC48C396A188D89F84857b3e74f38b4C","https://x.com/CryptoFire/status/2095829047863578612","","2026-09-04T21:14:07.000Z"
"cryptoflashboy","0x3e1fa6A1f5abc4b02B4329DBE84685F6E7b7B850","https://x.com/cryptoflashboy/status/2095010761540107999","","2026-09-04T21:21:38.000Z"
"cryptogao","0xf208c0b5f50297A18eA53DC87d93614816B21057","https://x.com/CryptoGAO/status/2095062395428793126","","2026-09-04T21:15:36.000Z"
"cryptohapip","0x85bCf24Cc229dfB34605487A99912148ed5b792E","https://x.com/Cryptohapip/status/2095593850561715736","","2026-09-04T21:18:30.000Z"
"cryptohass","0x4d732600DA671FFA0A1faCf80B009886Cd2ba789","https://x.com/CryptoHass/status/2095274356582133944","","2026-09-04T21:17:36.000Z"
"cryptohassan","0xFFF215dcC7e71fF25603544BDd132fA25972fD72","https://x.com/CryptoHassan/status/2095108483249283344","","2026-09-04T21:18:07.000Z"
"cryptohedonism","0xd931D41f3bb6263F76251Dc2Fc511d94c427F2a1","https://x.com/CryptoHedonism/status/2095587488789344259","","2026-09-04T21:17:43.000Z"
"cryptohilbert","0x63A1d21F14010295db31D6772A67B9Ac68e1263C","https://x.com/cryptohilbert/status/2095350261934276244","","2026-09-04T21:14:58.000Z"
"cryptoid217","0xCfC488a3f527A2861E7ffd45E293c5f6591C57a1","https://x.com/Cryptoid217/status/2095189835965750872","","2026-09-04T21:17:22.000Z"
"cryptoless","0xF9178AF28c0aF5712485C9D469b203adA16AdfDD","https://x.com/cryptoless/status/2095550404818730644","","2026-09-04T21:19:49.000Z"
"cryptoman55555","0x71AF618c9641A261F28471f1680FC85390B53332","https://x.com/cryptoman55555/status/2095175255856782559","","2026-09-04T21:16:47.000Z"
"cryptomantube","0xcE02189D2571A21C368E5be8cb0Ce638AD9FCdF9","https://x.com/cryptomantube/status/2095286218651662174","","2026-09-04T21:19:00.000Z"
"cryptonaveen","0xd9D5855464dAd23F84aaF6C05968AE5069A10FBA","https://x.com/cryptonaveen/status/2095409747906599822","","2026-09-04T21:17:02.000Z"
"cryptopool","0x8b2C5607c568B73ae16B54923AA547CB20eDa91e","https://x.com/cryptopool/status/2095079604588359937","","2026-09-04T21:19:24.000Z"
"cryptopq","0x0101fA95b2d7271e3Fa405a341c36b75D15AC2Fc","https://x.com/Cryptopq/status/2095486043781514471","","2026-09-04T21:18:41.000Z"
"cryptoqube","0xF746d040333b9F9E420b28Fe39a5dA0a078fCe33","https://x.com/CryptoQube/status/2095703108890771335","","2026-09-04T21:14:10.000Z"
"cryptorahul12","0x4bAf3248F3f478cB512846cF306d812F801a2034","https://x.com/Cryptorahul12/status/2094934672077623625","","2026-09-04T21:14:19.000Z"
"cryptoraindz","0x186023dB7bD335A662C7dB6d93E35A89A9B74e03","https://x.com/cryptoraindz/status/2095550377386287347","","2026-09-04T21:20:58.000Z"
"cryptoseaman","0xEEE17631f45f34c057B9b9F11FEE0Fe6A25fa99D","https://x.com/cryptoseaman/status/2095875859776275123","","2026-09-04T21:21:11.000Z"
"cryptotitan","0xc4dd5B3E6E06944167D619F3A0cadf5E289d5101","https://x.com/Cryptotitan/status/2095589275494125959","","2026-09-04T21:20:02.000Z"
"cryptovas","0x9402cA6914BeaB2938aB6Ce353D7959C672e4607","https://x.com/Cryptovas/status/2095920229718630426","","2026-09-04T21:21:19.000Z"
"cryptovibes101","0x42d7204867c10546e009B0E7bF274e68C7118C3B","https://x.com/Cryptovibes101/status/2095258032912795002","","2026-09-04T21:21:24.000Z"
"cryptovic","0xac55259c8FdEA8FEEe4583BDeC0950f8bFAE0Ad4","https://x.com/Cryptovic/status/2095779202500200428","","2026-09-04T21:17:24.000Z"
"cryptoworlldz","0x9E11961e7bC3FB53bE77C8b5f2012f29480EBEdF","https://x.com/cryptoworlldz/status/2095032530281025799","","2026-09-04T21:18:24.000Z"
"cryptozero000","0xCF35832a97Abd13157820F9f9Bc9C6599896Fe1e","https://x.com/cryptozero000/status/2095296204018604286","","2026-09-04T21:15:49.000Z"
"crytanzz","0x141fC3f6bf2D9Bc3f7c0B0d337084D12d5aEc67a","https://x.com/crytanzz/status/2095178032596135813","","2026-09-04T21:15:11.000Z"
"crytohead","0x0F458Cd9fCE4870e386141D3671Cf1B88E2151a4","https://x.com/crytohead/status/2095897601870877611","","2026-09-04T21:14:29.000Z"
"cscs4","0x74Ba96CCBF6F7868bCA2c883DB611BDb576Da081","https://x.com/cscs4/status/2095589813671936244","","2026-09-04T21:21:21.000Z"
"cska5","0x4c13f663D728F457fF659926F71cE8Fb945e19Bc","https://x.com/CSKA5/status/2095423167649509730","","2026-09-04T21:18:26.000Z"
"AmyWatsonifti","0x2d838Ca1A468A4CbC8A021b448DaEC05A12bf2fb","https://x.com/AmyWatsonifti/status/2093673271265329153","","2026-09-04T08:59:19.000Z"
"csyzz","0x7f2B90844c057263d9E7F2f6CF8944CbD2e69F0a","https://x.com/csyzz/status/2095643639630619864","","2026-09-04T21:14:10.000Z"
"cuancok","0xD08C7a657E3be62E148ccae48C5351D2bCD0a06C","https://x.com/cuancok/status/2095795870275884139","","2026-09-04T21:15:42.000Z"
"cukur21","0x557fd690d5d91BC79E91a25610Bc441d7570c7B3","https://x.com/cukur21/status/2095092107964170976","","2026-09-04T21:18:14.000Z"
"cuneytgdk","0x4a657EB378A93b1a983aE63CbE011476e60db527","https://x.com/cuneytgdk/status/2095649273347157840","","2026-09-04T21:18:00.000Z"
"cunong","0x88e6446Ef6e0f78cCAD4e80433eFF4B4cab81E33","https://x.com/CUNONG/status/2095394464498740682","","2026-09-04T21:18:33.000Z"
"cuongdrao","0xdb401716e1E16e3d63ad1fA81dD3aC7E67cF2A14","https://x.com/cuongdrao/status/2095344886194761955","","2026-09-04T21:18:20.000Z"
"cuongtn","0xa8476CD2dC41c27c2E26FBcEb3822EB320D817Af","https://x.com/CuongTN/status/2095043530330591836","","2026-09-04T21:15:15.000Z"
"curitare","0xF46C51AEB148F4868F78480cab4f0CA1E4d1F507","https://x.com/CURITARE/status/2095384923768898367","","2026-09-04T21:17:51.000Z"
"curut","0xc3daAeBd3d6b867bfeC830f16f351C3501f6bF06","https://x.com/Curut/status/2095144095002313860","","2026-09-04T21:16:12.000Z"
"cybermax","0x0147c786fa395D58B407036e3aA85D0f0935C9a6","https://x.com/Cybermax/status/2094900064793748179","","2026-09-04T21:15:12.000Z"
"cyberprong","0xb62935392caa7C083044e27d269d901B8eDA26ef","https://x.com/cyberprong/status/2095872224762863572","","2026-09-04T21:17:29.000Z"
"cybird","0xC67888c9a428Be378dd9464874E2050daDd509ca","https://x.com/cybird/status/2095866081110904613","","2026-09-04T21:14:25.000Z"
"cyprenai","0x8a4393D158c31Be13390e807e427ccb31eCFE0d8","https://x.com/Haunting_Hoods/status/2095880792765497711","305","2026-09-04T15:35:26.000Z"
"czooas","0x085016f8d68dd750B3DcE1d4055a823cC8f5131C","https://x.com/czooas/status/2095714600325174820","","2026-09-04T21:20:45.000Z"
"czytjkp","0x8F1c873640493B2D2458341fca4D925462d18C17","https://x.com/czytjkp/status/2095461113410072010","","2026-09-04T21:17:28.000Z"
"czzcp","0x2d13c2Ed36bAC7Db5136E1657Ec2340BFF869a99","https://x.com/czzcp/status/2094997888475294826","","2026-09-04T21:14:09.000Z"
"david191987","0x36b697062ba1c0b4e2a320a6538152a7daed21f5","https://x.com/david191987/status/2011549381845983576","150","2026-09-04T10:35:30.000Z"
"MatthewWoo62ax","0x8aeA67490847F5fC6e2E66529838F0dD028FF717","https://x.com/MatthewWoo62ax/status/2094126179182182401","","2026-09-04T08:59:05.000Z"
"rajgokal","0x5d960288698e8cca8e6cfc26044fd14687731648","https://x.com/rajgokal/status/1910044072667078955","157","2026-09-04T10:35:40.000Z"
"amanda42ds6","0x2B629AE41B21bb142f22EEFcEC45FE64B23bB0c0","https://x.com/amanda42ds6/status/2094852124381806593","","2026-09-04T08:57:42.000Z"
"pam75nm2","0xa3e567421f49E0060AED806AeFef930136f01620","https://x.com/pam75nm2/status/2092697839032336385","","2026-09-04T08:58:31.000Z"
"teresa28un0","0x35cdEC4107732E1E1c7A5F79af4Fec99B7B76169","https://x.com/teresa28un0/status/2093913540791369729","","2026-09-04T08:58:16.000Z"
"DefiIgnas","0x0758813c81285528a54601f4e174c46e02ee5fd8","https://x.com/DefiIgnas/status/2026948876687864224","134","2026-09-04T10:35:07.000Z"
"daadyo12","0x3fBdDABA752750413E7C6bB08Dd8D3F0c3dA909C","https://x.com/daadyo12/status/2095898442864764692","","2026-09-04T21:19:33.000Z"
"dabid","0x877D7fAA893DdCfc62f929316c21c04384f7b78f","https://x.com/dabid/status/2095792881732270798","","2026-09-04T21:14:50.000Z"
"dadas","0x96404A7576DD5d87F551dE489D30E4eB500C0213","https://x.com/dadas/status/2095291323406653422","","2026-09-04T21:16:11.000Z"
"dainagon","0xd5e7a1b85d46c8d5971f3cd5f6e2fa7fC0872c3c","https://x.com/dainagon/status/2095211549700168244","","2026-09-04T21:19:33.000Z"
"dairajean","0x1ef9ada7d3493c8c071cf862581495c1d711c048","https://x.com/DairaJean/status/1476173598167502850","580","2026-09-05T05:43:36.000Z"
"daisuke","0xEEB699d3e5cB852D42e4a61ef6f26198901f4A7C","https://x.com/Daisuke/status/2095824595151063761","","2026-09-04T21:14:56.000Z"
"dalang","0xE5D5D3f7df1c1A34fACEdEAcb4950932688b166a","https://x.com/Dalang/status/2095121372773097338","","2026-09-04T21:14:37.000Z"
"dambulat","0xe268d544f821c04fb0f64a2953C9296c22b65C5b","https://x.com/Dambulat/status/2095354745717832607","","2026-09-04T21:19:41.000Z"
"damianwwwrobel","0x5f31B14153d4C8f3cC30CB70c01aAE715c8872EC","https://x.com/DamianWWWrobel/status/2095981097001261854","","2026-09-04T21:20:04.000Z"
"damienethan","0x2Dd9d336ca221Fd1Eef91e80cf1b97CB1C2B464d","https://x.com/DamienEthan/status/2094962226579072077","","2026-09-04T21:16:15.000Z"
"dani","0xB7219E1bfA5164a45DA347BeDEB3a22aaBef1133","https://x.com/Dani/status/2095040644867154544","","2026-09-04T21:17:05.000Z"
"danicryptocc","0x6755db60a40c22b232606c9c664b81e129722f80","https://x.com/Danicryptocc/status/2095900230248194144?s=20","309","2026-09-04T15:43:25.000Z"
"daniel_g06","0x975A230250a3a52f64ecB1a8823eEbeF75959DCb","https://x.com/Daniel_g06/status/2095456593518985174","","2026-09-04T21:16:40.000Z"
"danieliyo","0xc8c203d1873A994d2EaE5C428d6b73D61AF45516","https://x.com/danieliyo/status/2095778732000966515","","2026-09-04T21:14:31.000Z"
"daniellewisword","0x9c5394D6A0c96558Ff97b6B6CCDE9cb181619b21","https://x.com/DanielLewisword/status/2095468295477443897","","2026-09-04T21:16:16.000Z"
"dannex","0x1097d924dbC26ac1430B4582A627f65A816F9Cd6","https://x.com/Dannex/status/2095122303828354342","","2026-09-04T21:16:12.000Z"
"danyyoung0","0x7548B9A0063f14e1F6a15b7b5d880f03E3258125","https://x.com/i/status/2095933173884469546","385","2026-09-04T17:53:36.000Z"
"dapipi","0x3123397b8A6cb94EF6438BA935781769144F61a3","https://x.com/dapipi/status/2095829457353714991","","2026-09-04T21:20:09.000Z"
"dark00","0x1D9CA9ECe01280f7A6CFe586265a045E62292c4a","https://x.com/Dark00/status/2095752843778056420","","2026-09-04T21:19:29.000Z"
"dark_oracle","0x0e9E629D61035Eac2127991879579b4Fcb1421bf","https://x.com/dark_oracle/status/2095168066759994792","","2026-09-04T21:21:07.000Z"
"dark_phoenix","0xAF6E7f8bBf8D869d3256650CF8F8Aee729731420","https://x.com/dark_phoenix/status/2095670505031346969","","2026-09-04T21:16:07.000Z"
"dark_shrine","0xe714032995Ec4A30F13dAa6E7E981d3D8EE4B87F","https://x.com/dark_shrine/status/2095300815480189261","","2026-09-04T21:16:33.000Z"
"dark_vortex","0xB6032be9fDd5Af7a222BaF5085bf5469A7A0D878","https://x.com/dark_vortex/status/2095643473601429350","","2026-09-04T21:17:10.000Z"
"darkchocolate","0xEAAFFeFf9640C24e90ba37c656F344e801525067","https://x.com/DarkChocolate/status/2095456911552141315","","2026-09-04T21:18:11.000Z"
"darkdragon","0x735B3a5B81C8cAb7CbF3cd50e6FdEF1DFF99D616","https://x.com/darkdragon/status/2095143322715273045","","2026-09-04T21:19:06.000Z"
"darkknight94","0x52C79c0e27dc359d47cBDCeD69C3766Fc46F35B0","https://x.com/darkknight94/status/2095764904346381190","","2026-09-04T21:21:29.000Z"
"darkmert","0x002B5F137E0b7321aCB69FBa8283595021E4dF01","https://x.com/darkmert/status/2094894338912182524","405","2026-09-04T18:29:59.000Z"
"darkprophet","0x8660de023ACBD785f3CA26049D594659BF570bFc","https://x.com/darkprophet/status/2095029712409589548","","2026-09-04T21:15:37.000Z"
"darksailor","0xB7492c2d15A48B49A606a27C8Ac32BdBb3d676c6","https://x.com/darksailor/status/2095041855920881585","","2026-09-04T21:19:53.000Z"
"darkshrine","0x62D0C004a63300878AA4e47B8027d2b75CE99C0a","https://x.com/darkshrine/status/2095111872973299931","","2026-09-04T21:16:22.000Z"
"darkstar","0x7221fd6aA04B00283e15fE45ef68b984509734b3","https://x.com/darkstar/status/2095123874583803367","","2026-09-04T21:18:57.000Z"
"darktiger","0xBB358218f36dC0F614c6a982a51151987289fe84","https://x.com/darktiger/status/2095466283975399418","","2026-09-04T21:18:42.000Z"
"darktuhwj123","0x644Ffa5A53B962BE3237B6C3A49159d52AaBfBD8","https://x.com/darktuhwj123/status/2095220744682536123","","2026-09-04T21:16:05.000Z"
"darkvoice","0x7013BBC6398F39a9bCEF1d3792534c777F100C46","https://x.com/DarkVoice/status/2095904887501456195","","2026-09-04T21:16:04.000Z"
"darq51","0x4456431E7C65B19796fA31894D793aD0e0C6Ac7D","https://x.com/darq51/status/2095669813209058631","","2026-09-04T21:17:18.000Z"
"darshan1128","0x682B9DC10964e83a71FDd825BD1585b3E7A82631","https://x.com/Darshan1128/status/2095237371300353372","","2026-09-04T21:16:52.000Z"
"darthvaderz","0x32Acdaed3501Fe5fCB8e9878312822f4EB1E17F3","https://x.com/DarthVaderz/status/2094913743366627072","","2026-09-04T21:18:03.000Z"
"dasd121ss","0xa6D64c1d867495a6DF9376755aE207dFcf070736","https://x.com/DASD121SS/status/2095663678697389084","","2026-09-04T21:21:24.000Z"
"dasmror1","0x53528223BB4497afC06472f020BAc475e8e629fF","https://x.com/tehbotl7772/status/2095906416754364486?s=20","441","2026-09-04T20:33:07.000Z"
"datieth","0x9Fcbdc2cB3c8FD9273b4E0eA7612471Da053c160","https://x.com/datieth/status/2095288115938152292","","2026-09-04T21:19:17.000Z"
"datz","0xb9aF1d773b1f6e0BF03849Db3F1E131bA1225A5B","https://x.com/Datz/status/2094906349621614664","","2026-09-04T21:17:30.000Z"
"dautay","0x001a2A5111f593201d6d8f29826B9E3900FBe90d","https://x.com/dautay/status/2094994545509100756","","2026-09-04T21:15:12.000Z"
"dav7777","0x97fF1c5261A5d55319C78F5347Cc75ACEdcE0AcF","https://x.com/dav7777/status/2095156656633683714","","2026-09-04T21:18:02.000Z"
"davechiggy","0x9D626085edd6a55fD5274Ec24d66DE5E51CC2e0e","https://x.com/Davechiggy/status/2095297057267616268","","2026-09-04T21:17:45.000Z"
"david0995","0x1A60Bd258BF5c394629E20C02bCe8A8a051E9fA9","https://x.com/david0995/status/2095347908444749705","","2026-09-04T21:18:56.000Z"
"david203","0x607De9DaA4bc13Daf32EFF833614Cf51803c3734","https://x.com/David203/status/2095054522555460475","","2026-09-04T21:16:08.000Z"
"davidco1832097","0xb475b45d9d56334a86aa4e907ad8573f93fd6cb3","https://x.com/Haunting_Hoods/status/2095880792765497711","457","2026-09-04T21:27:36.000Z"
"daviddex","0xB09F388b18783973FC45640c6Cb10a05f7DF4483","https://x.com/DavidDex/status/2095243174680451898","","2026-09-04T21:16:14.000Z"
"davidof83359689","0x1fb74d3872f4549b1c593c1700c446b5cbeee42d","https://x.com/Lukk_isme/status/2095922816202023098?s=20","522","2026-09-05T03:52:44.000Z"
"davidosacksfan","0xdEEcf77cF5a8062EF5c25B917c5c6578D6252B8b","https://x.com/DavidOsacksfan/status/2095924255787729169","368","2026-09-04T17:18:39.000Z"
"davidtenha","0x2A0dCb351E5d586eF2A88265fa7502217B1bD543","https://x.com/davidtenha/status/2095841392412750186","","2026-09-04T21:17:17.000Z"
"davidtinh02","0x1D44F7a4243Fb94C266850dD642eFEFd13140336","https://x.com/DavidTinh02/status/2095955945755319111","","2026-09-04T21:15:07.000Z"
"davielovesgravy","0x6639B65a7217A2500E77Fb7D196caC0ac9661B1E","https://x.com/davielovesgravy/status/2095738412233442589","","2026-09-04T21:17:36.000Z"
"davinchi","0x93D0E781D21c2C81143a3d7B02822F3FbCA2E976","https://x.com/Davinchi/status/2095225263287694786","","2026-09-04T21:14:08.000Z"
"davinciz","0x5aC08f4f8827494649F35F976e93d0DCFB72adE6","https://x.com/DaVinciZ/status/2095868963303970416","","2026-09-04T21:19:03.000Z"
"dawn_emma","0x1CdBb417ad46F0c4a5494a00bD94FBFc7C26C851","https://x.com/dawn_emma/status/2095793981488751539","","2026-09-04T21:16:48.000Z"
"dawn_lara","0x87b02074AfA03fA33da184c94FcA3312B6D344EA","https://x.com/dawn_lara/status/2095353680814219824","","2026-09-04T21:19:27.000Z"
"dawn_rey","0xef50e058cFB6E128551bFf67D60ffdf81B2eE28f","https://x.com/dawn_rey/status/2095432899891463290","","2026-09-04T21:17:23.000Z"
"dawn_vera","0x5536d47CD0e012bE1882E4cF349bfB22407897b8","https://x.com/dawn_vera/status/2095079350878440769","","2026-09-04T21:19:16.000Z"
"dawn_zoe","0x18969768Cd475B5E5Eef675954716385429EE5EF","https://x.com/dawn_zoe/status/2095370019358569043","","2026-09-04T21:14:31.000Z"
"dawnbear","0x84987704d8596F7A42CDD2ac4D5C2F699a7Cf573","https://x.com/dawnbear/status/2095082510913951493","","2026-09-04T21:17:42.000Z"
"daysinastia","0x9c32e7d7e3e06de496d58e6ceecf9ea9bed47901","https://x.com/DaysiNastia/status/1470414180809203713","561","2026-09-05T05:30:04.000Z"
"daz3d","0x7ddc0cff06f1a4dEf82f57BBe8eaa372ee2972Db","https://x.com/daz3d/status/2095530317548973014","","2026-09-04T21:15:06.000Z"
"dbcd","0x13F4E7BA902831bcedDAE61C9aBFF18C7C427B5f","https://x.com/DbCD/status/2095375378804662886","","2026-09-04T21:17:18.000Z"
"r3achntwrk","0x2d7ec386dfa7c37ab6795b8e8376fbcb58575d39","https://x.com/r3achntwrk/status/1897000000000000000","105","2026-09-04T10:26:32.000Z"
"dcire","0xC9C2D52022093e7F1A615bd7D0b02cBB7d32191B","https://x.com/Dcire/status/2095117019257165048","","2026-09-04T21:16:15.000Z"
"dcodex21","0xEaee3F646D0C89f1bc9E385Ac7c958c4Aa38b5A5","https://x.com/dCodeX21/status/2094981197839427594","","2026-09-04T21:17:58.000Z"
"dd183421","0xFb60f37AcD2F071349B0203F71c17c0BE7AdB35b","https://x.com/dd183421/status/2095638387888847923","","2026-09-04T21:16:12.000Z"
"deadmovski","0xeF2118B68B5D272D0b2cB6897659dE1808C38A7e","https://x.com/deadmovski/status/2095115271550904133","","2026-09-04T21:16:26.000Z"
"dean205","0x536b10f2db2d888dd47F5Ed830FAe731FE90E8cf","https://x.com/Dean205/status/2095316526320562892","","2026-09-04T21:19:33.000Z"
"dean777","0xEB67578e66D181e6334903ACEe5d33Db659263bd","https://x.com/Dean777/status/2095951376784791938","","2026-09-04T21:16:04.000Z"
"dean_hunter","0x65f2337770e501d27D5F96C67434cDF4A5ccAFd5","https://x.com/dean_hunter/status/2095386603695137476","","2026-09-04T21:21:32.000Z"
"dean_ronin","0x8e1a34703986A8bBD43BFe3e778b14Ec32E0566D","https://x.com/dean_ronin/status/2095910325687383253","","2026-09-04T21:17:43.000Z"
"deanknight","0xf232Fc8695E4697F7197A1EE1e3a12d0DBC8229B","https://x.com/deanknight/status/2095335186049690169","","2026-09-04T21:19:30.000Z"
"deannomad","0xe80600c5999E3B51f60a45d28bdaf772197B4324","https://x.com/deannomad/status/2095693314227163070","","2026-09-04T21:20:03.000Z"
"deanrado","0x572CE9d826F6e6bd287805216f0C1Fc80d412796","https://x.com/Deanrado/status/2095879377116672303?s=20","232","2026-09-04T14:19:49.000Z"
"deanriver","0x2374AEB8DEd643473FE51D6ebb5B9927bC690edE","https://x.com/deanriver/status/2095457716447783017","","2026-09-04T21:17:34.000Z"
"death45","0xf0626Ab2a7E2cbBfc309B3ccA7222511d703C507","https://x.com/death45/status/2095634728519340448","","2026-09-04T21:20:14.000Z"
"death95","0xFdd213720748Fb8fFBe5F60E43cc0fEC10f523e3","https://x.com/Death95/status/2095962549300359049","","2026-09-04T21:17:14.000Z"
"debeliqm","0xe64bF7da5E5507F49065519B4db53EeE6d1d22fB","https://x.com/DebeliqM/status/2095093577104978772","","2026-09-04T21:17:11.000Z"
"deductiveamanda","0x37Df5D9Ec3fE288A09C6085DAd0B92C634DBCbaa","https://x.com/DeductiveAmanda/status/2095409533526855477","","2026-09-04T21:20:06.000Z"
"dedy2626","0x2EA880bA40009305a76EB10E90DEB30E68e762a0","https://x.com/dedy2626/status/2095110654892487360","","2026-09-04T21:14:26.000Z"
"dee18","0x545161426E5F27D09C95071d33e54cD8266b468e","https://x.com/dee18/status/2095111673499316304","","2026-09-04T21:17:59.000Z"
"deep_prophet","0x7BcdFF546441616Eb4CeD890fff2d0dB1B20FA52","https://x.com/deep_prophet/status/2095103855045104621","","2026-09-04T21:17:30.000Z"
"deep_ronin","0x88F623D3134e062Cd57154Fbd8EFe43Cf7f660a3","https://x.com/deep_ronin/status/2094974528951790098","","2026-09-04T21:17:18.000Z"
"deeparyan","0x5a482493cF84a39b0D609e78C248F628f9e0637c","https://x.com/deeparyan/status/2095602341654292293","","2026-09-04T21:19:40.000Z"
"deepcomet","0x8cB14f77F9EB550856D452886ca524C3175805D1","https://x.com/deepcomet/status/2095794814415011232","","2026-09-04T21:19:53.000Z"
"deepecho","0x110F7453B0A7cB06e30f293844AFa3C94cB1Aab1","https://x.com/deepecho/status/2095814745770897086","","2026-09-04T21:18:15.000Z"
"deepranger","0x4aB6A8B7ee5177DB8F1288654b4B356D37B73C3d","https://x.com/deepranger/status/2095616720323821694","","2026-09-04T21:15:46.000Z"
"defibont","0x3cCaa7C9Fe11e301e42c93478522EE08D13F43D0","https://x.com/DeFibont/status/2095915319147811253?s=20","350","2026-09-04T16:44:30.000Z"
"defiflow1","0x7fc7ac52296493ab4cbcea39bba6ef1247b7bf04","https://x.com/shadropp/status/2095906846951305540","327","2026-09-04T16:10:25.000Z"
"defigen","0x66456d58c8a37703904b1c17cAA05B5ED84044f2","https://x.com/defigen/status/2094983715565456391","","2026-09-04T21:14:06.000Z"
"dehbeh0815","0x171d811b4fe45bF76fBBB8e72c4A2930e8bC75E2","https://x.com/dehbeh0815/status/2095305910646198292","","2026-09-04T21:18:16.000Z"
"deitysa","0x51cf1AEeE51fF3444d03c62d280a525Be265047a","https://x.com/Deitysa/status/2095088687099939194","","2026-09-04T21:20:35.000Z"
"deltafoxtrot","0xF21Ab898461f108c55ABC288489476B63AeEf2cC","https://x.com/DELTAFOXTROT/status/2095507376613669886","","2026-09-04T21:20:51.000Z"
"den4iks","0x4b7cDd0D2EF72FF884D953AF2e022c2009169be7","https://x.com/den4iks/status/2094992926292641138","","2026-09-04T21:15:39.000Z"
"dendimopoy176","0x9a76cfcd2e44e4ed629d7c892d72bbea21c6a13d","https://x.com/dendimopoy176/status/2095616020606312661?s=20","261","2026-09-04T14:47:53.000Z"
"denikurniawan8","0x05D332a66f7e206BF1D0B88FB5F2C6A3F3b2e51f","https://x.com/denikurniawan8/status/1","622","1788588348218"
"deriki","0xAB7D362a569E8407cf2fC5FcB64Eba53c023a924","https://x.com/Deriki/status/2095828367556994421","","2026-09-04T21:18:52.000Z"
"derv1900","0x65905261f3B528834236237a644aA97F6F05608c","https://x.com/derv1900/status/2095889663295212950","","2026-09-04T21:17:11.000Z"
"dervit","0x078125C0C19B346895D67D5B17AB1D582b24abfb","https://x.com/Dervit/status/2095753593811599075","","2026-09-04T21:18:18.000Z"
"derxiss","0xd3a8189B7eb74dD8fD374fda234992B6cB0c84A1","https://x.com/Derxiss/status/2095312273234181856","","2026-09-04T21:18:50.000Z"
"desiratnasari","0xa851562FAAe98A1ba6b0bfc57bAAa062f34305De","https://x.com/desiratnasari/status/1","659","1788588458513"
"desmotes","0xEc0b006d1Fb487D96FD97830510146eC949909e6","https://x.com/Desmotes/status/2095003123989652174","","2026-09-04T21:18:08.000Z"
"destructor","0x39412d1Bd2E112C3b898D57824A5916f2ce0885a","https://x.com/Destructor/status/2095006673749801535","","2026-09-04T21:17:03.000Z"
"desuza_rya95","0x8Fe492FfB9244D94f20b8A6C5055D19cAAfD3f2F","https://x.com/desuza_rya95/status/2095346053338988199","","2026-09-04T21:18:57.000Z"
"detergen","0x0151F1BfF03f41633994E01F3773Be82834e3c4A","https://x.com/Detergen/status/2095577964762542536","","2026-09-04T21:20:52.000Z"
"devios","0xFcE82AD9BF18f992156c3CaFa95Bc06882B0f575","https://x.com/Devios/status/2095378840269004906","","2026-09-04T21:20:43.000Z"
"devran","0xdA491D0A82CAB7510a569387Fe6f06129c87e9FA","https://x.com/devran/status/2095558357469118455","","2026-09-04T21:21:34.000Z"
"dewialya","0x1E4fcB8e6E52b9705B04C73F8b2B6E38b2D4fC7f","https://x.com/dewialya/status/2095212861781489568","","2026-09-04T21:15:52.000Z"
"dewilestari01","0x966bdbBA211D4e4D7Ce70188A6D939E9743f9D78","https://x.com/dewilestari01/status/1","615","1788588328514"
"dexakin","0x2414A889B5947283053B5096E734A0e601f83149","https://x.com/DexAkin/status/2095258705394461488","","2026-09-04T21:20:47.000Z"
"freakypandazzz","ox219739137139713","","1","2026-08-30T09:36:37.000Z"
"dfgdfgdfg4","0xbF7e5F841347cAd8616D631b6a0A68A329b1530F","https://x.com/dfgdfgdfg4/status/2095560117620688949","","2026-09-04T21:16:16.000Z"
"dhigul","0x044cC71491dEa2Ff76f923CFCd854DEF31147d95","https://x.com/Dhigul/status/2095576435834871760","","2026-09-04T21:18:31.000Z"
"dhillon","0x275857DB8b62c27E2b278BA5b4BA79fe4e5B44b5","https://x.com/Dhillon/status/2095495485208595277","","2026-09-04T21:19:37.000Z"
"dhimasgs","0x134199E02332FF51979d69C8F063dd32459A2400","https://x.com/DhimasGS/status/2095316727932201266","","2026-09-04T21:15:09.000Z"
"dhmyye","0x6dEd6eDdCc8D2eE06405D1D80A147c77e7446Dcf","https://x.com/dhmyye/status/2095124505741960237","","2026-09-04T21:17:58.000Z"
"diablozz","0xa6A17b0513329D1B36604104C014C43B3E0201cc","https://x.com/diablozz/status/2095194304155023208","","2026-09-04T21:20:04.000Z"
"diamustikrixie","0x5b2887bc86c37fd1ec9be2bd41f9ec7f63f522d0","https://x.com/diamustikrixie/status/2095918423352148160?s=20","359","2026-09-04T16:55:18.000Z"
"diana009","0x1Bc5A4Eb73A95E8be37690386E72Ac84be5C7EEE","https://x.com/diana009/status/2095627134467701986","","2026-09-04T21:17:15.000Z"
"diandra4","0x88bb5d12910ED7Bdc970406f2b6a4d1777439726","https://x.com/Diandra4/status/2095124831959070679","","2026-09-04T21:18:11.000Z"
"dianee","0x6Ac5b3A4A997E3dF5EC17Abf24Cd81905d0e8dDB","https://x.com/dianee/status/2095972197229422913","","2026-09-04T21:14:57.000Z"
"dianpurnama01","0xD09529870A3dA2C2FEC07FB46B4cd864C5A2b024","https://x.com/dianpurnama01/status/1","633","1788588383429"
"dicanho","0x3D7dBA8d39eC6103495515A173eDB3cE1F7aD8C4","https://x.com/dicanho/status/2095277600813353338","","2026-09-04T21:18:50.000Z"
"didar9923","0x30DD761B6Df2cfa1DC36f85A8744547e1bee1E72","https://x.com/Didar9923/status/2095910290735157424?s=20","336","2026-09-04T16:22:50.000Z"
"didas","0x00C62B533C00DC1cdC1Ed7371E778912C36E21DE","https://x.com/didas/status/2095561462599152276","","2026-09-04T21:16:45.000Z"
"didikh","0x8DF47d005479Afd8C839324Cf36434660162d750","https://x.com/didikh/status/2095235752508928747","","2026-09-04T21:15:54.000Z"
"diegocalde","0x30D22461444541cb97BAc1Ce8a26a0d66ed1c311","https://x.com/DiegoCalde/status/2095504430486970389","","2026-09-04T21:16:58.000Z"
"dieuha99","0x34c73199c968871DAC1969800bf3e1d34a6f5d22","https://x.com/DieuHa99/status/2095783878023097160","","2026-09-04T21:18:23.000Z"
"diggy","0x0af4383add2B0f3e710d277C3486779B1a2a4050","https://x.com/Diggy/status/2095555155864965331","","2026-09-04T21:18:11.000Z"
"digijoe7","0x7A83286E704401E5a5D5E8D284cAD233143469bC","https://x.com/Digijoe7/status/2095622200271195244","","2026-09-04T21:17:01.000Z"
"digipulse","0xC1D7dDA4AFdB5D76f28a6189D607488959a7B012","https://x.com/DigiPulse/status/2095402861968366070","","2026-09-04T21:21:21.000Z"
"digitaldigger1","0x0039Aa266B4e3aA894883FD41de2c5BB1cc21b33","https://x.com/DigitalDigger1/status/2095929099016350755","","2026-09-04T21:17:27.000Z"
"dikfaj","0x5F5609A251D6d96cD393d8Bf0000B106f21E9079","https://x.com/dikfaj/status/2095527126496920299","","2026-09-04T21:19:27.000Z"
"diki86","0x952B1b9371c9F742d9a52880d6737Aa236c42409","https://x.com/diki86/status/2095426555160153552","","2026-09-04T21:15:53.000Z"
"dima_rzaev","0x492050B66cdd98dF837088DdE575cf412e0CDDf3","https://x.com/Dima_Rzaev/status/2094947373637738348","","2026-09-04T21:15:06.000Z"
"dimitrijones","0x2B29be3ecfdeb09F924dB4a7217E9ff21A782dcE","https://x.com/Dimitrijones/status/2095539205895377415","","2026-09-04T21:14:37.000Z"
"dimka","0x80d3F6B9d2F94A719273BCcF8E871E66345f83d7","https://x.com/Dimka/status/2095933103452147610","","2026-09-04T21:21:03.000Z"
"dinamarlinax","0x3e8C89ac2cf854ED46D1F8F11F3336579008A09B","https://x.com/dinamarlinax/status/1","655","1788588447305"
"dinhoft","0xdf8EF52cD45011f8DaeB00f203C52002D1668873","https://x.com/dinhoft/status/2094934578236484616","","2026-09-04T21:15:49.000Z"
"dinhtuyen","0xe77C0F99BCb9D96A6Ba33540Ee50794D950b071F","https://x.com/Dinhtuyen/status/2095788200854713223","","2026-09-04T21:18:17.000Z"
"diniz","0x9C8605124d9112966f2Fd7892efB465DbEc739A9","https://x.com/Diniz/status/2095924925982429768","","2026-09-04T21:21:32.000Z"
"dino","0xbBbe8C9B120d61F6A6D13baB3AafDDf550bC9396","https://x.com/Dino/status/2095237630582968080","","2026-09-04T21:16:01.000Z"
"dionysos","0xEc346094aA2Dd812829FCe03dbd0EBa4757AE05C","https://x.com/dionysos/status/2095634670019058248","","2026-09-04T21:20:30.000Z"
"diplucky7","0x1f1bbd6d39d4103574d27fa57f60d4bef9266abe","https://x.com/diplucky7/status/2095977048078708802","447","2026-09-04T20:48:18.000Z"
"dipti01","0xAbC950fb18b1aF4E4Bc73ffc4c0C0A224b9dc1f4","https://x.com/dipti01/status/2095362979112133168","","2026-09-04T21:18:34.000Z"
"diranauran","0x090feac37735fd91383d78487cce9bc57202a28a","https://x.com/DiranaUran/status/1470964095293681666","557","2026-09-05T05:29:57.000Z"
"disc05158012","0x876EAfED0F772035A50A80e2F20251Fd908a7b8B","https://x.com/disc05158012/status/2095530347540372575","","2026-09-04T21:17:46.000Z"
"disseven","0x81534402Fc730438b365fB7bF12c4bb693E11665","https://x.com/Disseven/status/2094934846045285297","","2026-09-04T21:15:48.000Z"
"diwymr","0x41AdADEd36E623f0F011BfCe862592Fe237E7371","https://x.com/diwymr/status/2095498499700399025","","2026-09-04T21:15:04.000Z"
"dizzynomad","0x44467e805C27C1D1d6302B2D645de4AcA85dc91b","https://x.com/DizzyNomad/status/2095674529104142748","","2026-09-04T21:14:42.000Z"
"django007","0xFa620755a65CB8DA2a5d74232fC70A1db9Cd68fd","https://x.com/Django007/status/2095902854705921516","","2026-09-04T21:17:32.000Z"
"dlabs","0x74A935AC028C7D98084dCa4B0FE0B2648b98f25B","https://x.com/dlabs/status/2094945271392913535","","2026-09-04T21:17:00.000Z"
"dlfdmsgksk1","0x9fb62e51f12e0cB9678999B584EA5CC1796743a1","https://x.com/dlfdmsgksk1/status/2094972482795245167","","2026-09-04T21:18:48.000Z"
"dlsmsenfdlek","0x3530513cB89Ca54bafc6ddA99Ed18e35Cc6dE37F","https://x.com/dlsmsenfdlek/status/2095905375163955274","","2026-09-04T21:17:02.000Z"
"dmitrik7","0x8Ef817BB423b6db93CC651064E2f5725a8f446AB","https://x.com/Dmitrik7/status/2095035199229521290","","2026-09-04T21:14:38.000Z"
"dmitro111","0xD80073524B6704a992677e1afEF83252D0E6Ef49","https://x.com/Dmitro111/status/2095365403152168754","","2026-09-04T21:17:06.000Z"
"doad1","0x53633713b00cB86C1C037C05180cAE0966c8DB33","https://x.com/doad1/status/2095980715541035916","","2026-09-04T21:14:16.000Z"
"doan_lanhdd","0x4f3182de6e9b654ce0f7aacb210a1277f9faba44","https://x.com/doan_lanhdd/status/2095864364872114319?s=20","218","2026-09-04T13:20:12.000Z"
"dobby1998","0x6D4e5227880d24710b689e903d3485495C978Bc1","https://x.com/Dobby1998/status/2095347132596705594","","2026-09-04T21:19:57.000Z"
"dobrinya","0xc9ECFb8a5ca8867c0a1d20aECcB8A3Dd8A84cFdd","https://x.com/dobrinya/status/2095425974105671250","","2026-09-04T21:16:27.000Z"
"dobro","0x2bCcCA19a0c410629Ad04b95334D1F965002aA8A","https://x.com/dobro/status/2095592168143826982","","2026-09-04T21:16:42.000Z"
"dobzber","0x708fA4646fD3f040aBF0fb22C4424B6473F75Aae","https://x.com/dobzber/status/2095710084386397895","","2026-09-04T21:20:36.000Z"
"dochithanh","0xFD9958F37E54EcbD6A79464f7363a5C2ea46F997","https://x.com/dochithanh/status/2095151848504153448","","2026-09-04T21:15:23.000Z"
"doclulu","0x7874f7693db73fB3a75379176b16f2D01c438FCA","https://x.com/Doclulu/status/2095314623477644296","","2026-09-04T21:17:45.000Z"
"doddy","0xaFcCeC65531b2bCdD7274DF771361f148D54b6E7","https://x.com/Doddy/status/2095146405921321893","","2026-09-04T21:17:59.000Z"
"doge2049","0x5525C99854eCEF362354435965195FDa839a746F","https://x.com/doge2049/status/2095842569074716347","","2026-09-04T21:14:11.000Z"
"dogssss","0x5DA6e4954A249227E4A430d292b8769f4D0E7a41","https://x.com/dogssss/status/2095642443059174730","","2026-09-04T21:20:54.000Z"
"dolby","0xA5C74CFa7e8d95d27c20ff3414B7bBA4ab27354A","https://x.com/dolby/status/2094941324196983970","","2026-09-04T21:17:45.000Z"
"dominik8911","0xA1389Efae384de5835cb1917da06c858fD0F2603","https://x.com/dominik8911/status/2095309838418003667","","2026-09-04T21:20:29.000Z"
"domking777","0xb429C15cDf7203Ce84b1d76597424093Fc3d909A","https://x.com/domking777/status/2095893675633242385?s=46","290","2026-09-04T15:17:53.000Z"
"don20","0x24852F0a2FC3D03d1353a64812fe71B6C19f8b7E","https://x.com/Don20/status/2095561918571031181","","2026-09-04T21:18:00.000Z"
"donbas","0xbfA4FBE45C1f31a50bD59a0C30F355a11b51d23f","https://x.com/Donbas/status/2095392312958112603","","2026-09-04T21:18:02.000Z"
"dongg","0x0580a93d7C7239aD1F3890D2131663EBE8D0DFFF","https://x.com/DONGG/status/2095777591345463130","","2026-09-04T21:21:16.000Z"
"donghun","0x1cDdd7E6618f5584c57f5DB58daa06d9FA6DfA03","https://x.com/donghun/status/2095949110336794156","","2026-09-04T21:14:12.000Z"
"dongshan4038","0x8a496E15C4eb7E775180f116d0D211fD327B6D75","https://x.com/Dongshan4038/status/2095180913996483020","","2026-09-04T21:17:02.000Z"
"donlast","0x1dd75BCA520486197E5F5b244f843ff147401dC7","https://x.com/donlast/status/2095127567407250270","","2026-09-04T21:18:34.000Z"
"doodly","0x49F57E104d28bE23AA6d6Fc68968235aD22b32fB","https://x.com/Doodly/status/2095758074529219549","","2026-09-04T21:19:28.000Z"
"doofygilmore","0xe5401be0e8fD68B0A0199326986694a80C7beb09","https://x.com/doofygilmore/status/2095926352099574931","","2026-09-04T21:17:02.000Z"
"dookoong","0x6C2ae74ec1bd2F4F6138a89ca4fa41063A550c72","https://x.com/Dookoong/status/2095344017849858476","","2026-09-04T21:15:36.000Z"
"doong","0xB9A08C0fDF5B4f8B865173E9EAd51B5a956Fae32","https://x.com/doong/status/2095957088911820341","","2026-09-04T21:16:26.000Z"
"doral","0xa5B6422681472094289CA7B224AE22313496E970","https://x.com/doral/status/2095344849755994470","","2026-09-04T21:20:56.000Z"
"dotrung","0x676Ef34aD5950Acbe479B22b09A148dfBa4B8243","https://x.com/DoTrung/status/2095705453365864673","","2026-09-04T21:15:00.000Z"
"dotsent82","0xc02F6ACD09487c5595d0f2899c89C748Fd9458E6","https://x.com/dotsent82/status/2095238064338746135","","2026-09-04T21:15:23.000Z"
"dovedove","0xC85cfF4Cb5d47D449cCd13C70eC7599674Ed7f20","https://x.com/DoveDove/status/2095441180342692796","","2026-09-04T21:18:46.000Z"
"hadist_hs","0x832B7477045471A101736B38340c07a64049c8CA","https://x.com/Haunting_Hoods/status/2095494665466237398?s=20","84","2026-09-04T09:11:06.000Z"
"dphatdz","0x1C113110d6B419f20E72A9Fd9ea9D07f12fc71A3","https://x.com/dphatdz/status/2095873629028508002?s=20","228","2026-09-04T13:56:54.000Z"
"dqs998","0x076169A489b615E5C73DCaF725e9F0b6630b3DD0","https://x.com/dqs998/status/2095520648070366463","","2026-09-04T21:16:31.000Z"
"dragon28","0x8Bff9545d0df37E72f1BB0e9d256d7e362e75b9a","https://x.com/Dragon28/status/2095714027247233207","","2026-09-04T21:21:05.000Z"
"dragon_kai","0xe7421B21e5591a9EC70f85227702489a0161f390","https://x.com/dragon_kai/status/2095807731635864007","","2026-09-04T21:17:15.000Z"
"drdremf","0x140232BF11cB85e2D0b816413b392391C54A38BB","https://x.com/DrDreMF/status/2094947972228415957","","2026-09-04T21:15:11.000Z"
"dreamlunat","0xc0D5CA5C9a43668a0c85ab939b63FD6E0875A997","https://x.com/dreamlunat/status/2095886845561205091?s=20","263","2026-09-04T14:49:53.000Z"
"dreamsiren","0x5eB44439627C2355d424F5b74f1F4D05164b75b1","https://x.com/DreamSiren/status/2095571487344688344","","2026-09-04T21:20:36.000Z"
"dreyk","0x94E90d37a429b288d753A6B24bD744a1ddadbb1a","https://x.com/Dreyk/status/2094952829238244367","","2026-09-04T21:15:23.000Z"
"drifting_dragon","0x1BDE021BCb0F8F225e0388e6733d0834d5293A51","https://x.com/drifting_dragon/status/2095062985124123527","","2026-09-04T21:15:56.000Z"
"driftingdrifter","0x906D737A923E7A32db3aD6a8dcD4115a0e497595","https://x.com/driftingdrifter/status/2095295519300879117","","2026-09-04T21:15:22.000Z"
"driftinghunter","0xC0072BA6720701B655f19d8cab767b6B7367801E","https://x.com/driftinghunter/status/2094970275100764738","","2026-09-04T21:19:00.000Z"
"driftingmage","0x361D0656bFF331aAB7C69422B96914605783dFf4","https://x.com/driftingmage/status/2095641866968127209","","2026-09-04T21:19:03.000Z"
"driftingnomad","0x698236eaeE6695eCBf7Ad45f8142F1560dAb3702","https://x.com/driftingnomad/status/2095926533743302726","","2026-09-04T21:20:27.000Z"
"driftingpirate","0x86E94A63e66FBe954b2D13046EC6C60Ba58ddEeb","https://x.com/driftingpirate/status/2095180500604372431","","2026-09-04T21:15:10.000Z"
"driftingstorm","0x21F46558EBB977537707228b46C3853df293b294","https://x.com/driftingstorm/status/2095371921852204960","","2026-09-04T21:16:05.000Z"
"driftingtiger","0xdd49E05FE8D968A5329669310451574B780F438d","https://x.com/driftingtiger/status/2094902168386598518","","2026-09-04T21:21:24.000Z"
"dronys","0x58d35033d0059A73229AcCd48d135e822C26DB79","https://x.com/Dronys/status/2095518732903345865","","2026-09-04T21:21:03.000Z"
"drop2","0xaC0cC6031a41E49866326358F55Ecf2a901A61CF","https://x.com/Drop2/status/2095836118069128414","","2026-09-04T21:18:54.000Z"
"drra","0x5f1c862C3A9d2209fe6EDA23dB3C884257D915cB","https://x.com/drra/status/2095755202943386272","","2026-09-04T21:21:35.000Z"
"drunklizard","0x8dD09F908EE1444CFBBBC80098F665B63EffFF02","https://x.com/DrunkLizard/status/2095605813239924260","","2026-09-04T21:15:25.000Z"
"dryh","0x409cf62CD5299979284fEBb3E9597b3756e5300a","https://x.com/dryh/status/2095621445873292420","","2026-09-04T21:17:48.000Z"
"dsdv","0xdF81d7Bf6418E2b9cC1Bf539bD79CE21d8Ea1235","https://x.com/dsdv/status/2095796977112148567","","2026-09-04T21:20:42.000Z"
"dsf58","0xEc7e5AD69C63e0efF2Da54A18431d41C2CcCa78C","https://x.com/dsf58/status/2095289711046798895","","2026-09-04T21:18:34.000Z"
"dsmokyyh","0x21d62b66d542ec2e633811597354d573862653f7","https://x.com/DSmokyyh/status/2095864673279320538?s=20","220","2026-09-04T13:21:41.000Z"
"kamotekor","0x0f36f43E2Bf62fD6004C412A9D071C34fFb6DF3D","https://x.com/Haunting_Hoods/status/2095494665466237398","53","2026-09-04T05:40:32.000Z"
"dtech_ie","0x8754ef24b1213486082516a2eee260687bbdc7f2","https://x.com/dtech_ie/status/2095898342811218288?s=20","304","2026-09-04T15:35:16.000Z"
"dubplate","0x3977cFF85a6e9f4f1ab5fBB214f0a9a8342bF749","https://x.com/dubplate/status/2094903477580073710","","2026-09-04T21:21:13.000Z"
"dubplate8784","0xE7b8f3615A55793De275ad8D7B56F718a0069064","https://x.com/dubplate8784/status/2095818489102238008","","2026-09-04T21:15:46.000Z"
"dudaml","0xC4ea924413e073fFadd12702C79C933aB3bbF775","https://x.com/DUDAml/status/2095067902981941711","","2026-09-04T21:19:47.000Z"
"dudee","0x9434D7C686B8295C64f66d6fe092FFFb744e6fac","https://x.com/Dudee/status/2095338300347968274","","2026-09-04T21:15:08.000Z"
"duggang","0x23b8b98713A974cE20BEdEd0DF10dFd3456804BB","https://x.com/Duggang/status/2095682972821218194","","2026-09-04T21:19:52.000Z"
"dukalis","0xd3f2000e915505F3bac145BADA880F91595d0E49","https://x.com/dukalis/status/2095115034243790871","","2026-09-04T21:20:02.000Z"
"dukdue","0x88CEa605C0f6d429b2c6545a35B4b4b8e2d71b4B","https://x.com/DukDuE/status/2095871406298107654","","2026-09-04T21:19:36.000Z"
"dullie","0x1D9A92B11385D680181753648D76685c130aA38f","https://x.com/Dullie/status/2095523538790410493","","2026-09-04T21:16:03.000Z"
"duocd","0x5ad3cbEC759ec61D340C1544810EB3738657cb13","https://x.com/duocd/status/2095084890984991955","","2026-09-04T21:17:43.000Z"
"duongthao","0x3C5F13Ac27Ed88128B072b19a14fdc75677adFB7","https://x.com/duongthao/status/2095874989590956443","","2026-09-04T21:16:44.000Z"
"duongthuong","0xfe2d52DCA1D9bA03664b66365ba4962B76678557","https://x.com/Duongthuong/status/2095151938737341730","","2026-09-04T21:17:30.000Z"
"duongtran","0x0A2C4F142D3ef92f8466623B00366018DA9653c9","https://x.com/Duongtran/status/2095375965507102431","","2026-09-04T21:14:31.000Z"
"duongtran19292","0x5137fFd939b79Ec5d7255F3e84097D0Cd059C62b","https://x.com/duongtran19292/status/2095731979899444575","","2026-09-04T21:21:15.000Z"
"durga2726","0xD74Ff6Fbf783e711491B53fe61fe7007aF0B6477","https://x.com/durga2726/status/2094922562730734731","","2026-09-04T21:14:54.000Z"
"dusk_ren","0xbec53d04A04faFe8BDc451Ef66cbB9d4bc0E8aF1","https://x.com/dusk_ren/status/2095252231381494658","","2026-09-04T21:16:04.000Z"
"duuuude","0x6DE93d5b359d7e95f33D98eA73547c48eab248AD","https://x.com/Duuuude/status/2095921256117266813","","2026-09-04T21:14:10.000Z"
"duyenhtm","0xE26ccE87D771b2B34b860472c1F0abD72Fa8A7b5","https://x.com/duyenhtm/status/2095061991972951384","","2026-09-04T21:20:13.000Z"
"duykhang","0x74eED41Ca267Acf491B5d5e1bc12CC981023840E","https://x.com/duykhang/status/2095739913196978257","","2026-09-04T21:15:42.000Z"
"dw88888","0x2f6122f43A8f36102362c30854fa3745a8A1fA55","https://x.com/dw88888/status/2095112479807401790","","2026-09-04T21:20:57.000Z"
"dwifachrez25259","0xc6F45d903ccf7Ee61a3b8C8121CDE2badf79B702","https://x.com/i/status/2095906242002858238","321","2026-09-04T16:10:59.000Z"
"dwifachreza18","0xdb92ce6263F1cDFBCee92e8Ee8617c9d04090152","https://x.com/i/status/2095906292795871289","322","2026-09-04T16:10:59.000Z"
"dwipurnomo99","0x5241abfb13e9C2A6406957224691477F47f331F6","https://x.com/dwipurnomo99/status/1","647","1788588423575"
"dwirahm39962005","0x781663604ede0b172c69ef89641fefa50c466836","https://x.com/DwiRahm39962005/status/2095903491223158904","313","2026-09-04T15:55:42.000Z"
"dxgv","0x45c8b60887e7ddA6A2591A108894b2d9D29bc944","https://x.com/dxgv/status/2095065735461651406","","2026-09-04T21:14:28.000Z"
"dxvl","0xA72f81dcD9783050fC93F37a6D704F10b7aB36D6","https://x.com/dxvl/status/2095141506407546327","","2026-09-04T21:21:24.000Z"
"jjjjjjjbnby","0x7a244ec31fd94F08307eac518c9B38614eE2287b","https://x.com/jjjjjjjbnby/status/2095806334486847524?s=20","89","2026-09-04T09:29:26.000Z"
"dxxineth","0x11322562248d42c13bebab6cf85414cc697eacd1","https://x.com/DxxIneth/status/2095909986933063729","335","2026-09-04T16:21:19.000Z"
"dynee","0x2F55A260B1bA08ADf27b49dB93DEE3020836C19d","https://x.com/Dynee/status/2094951504990917567","","2026-09-04T21:20:26.000Z"
"dzen","0xaFfe83fB5D4d1cC986f1630269F6fe3B8e9d7bE3","https://x.com/Dzen/status/2095764826626986846","","2026-09-04T21:15:42.000Z"
"mebeastXsol","0xc2c7030dee68f587604f86c5b9e844fee5a3ef9e","https://x.com/mebeastXsol/status/2025332472276512809","148","2026-09-04T10:35:28.000Z"
"mary18vu6","0xD0d4797A2dcf4E0f08CbF17B35d22346965CF405","https://x.com/mary18vu6/status/2094310833109598209","","2026-09-04T08:58:35.000Z"
"balajis","0x63a2e5f0e10155484d203c060bbbd6a1626912ad","https://x.com/balajis/status/2025094687330332965","123","2026-09-04T10:34:56.000Z"
"vicentebaoa","0xd975a4d8ebc2cc25c7d206b8836b6c3274454a8c","https://x.com/vicentebaoa/status/2095846290005598613?s=20","182","2026-09-04T12:08:21.000Z"
"MaxResnick","0xa4ce3f1cbb7d9d4d04c729915a78a14f8d9a6120","https://x.com/MaxResnick/status/2022356186960449711","125","2026-09-04T10:34:58.000Z"
"eagle2022","0x0A67d9B1E265f5De1d78f029BDA667A215BF2dBE","https://x.com/eagle2022/status/2094982672896141073","","2026-09-04T21:18:34.000Z"
"eapay","0x940E556C7f131c862F9D35b2B32f79308B70C192","https://x.com/eapay/status/2095557638021082977","","2026-09-04T21:21:08.000Z"
"earnbykunal","0xB8fF1839B7C50A852c0B2b6eE846143AC2e00A6e","https://x.com/earnbykunal/status/2095467361731124925","","2026-09-04T21:15:51.000Z"
"eason","0x0818C1852cC8DAEED3BD88CD85266128a9347770","https://x.com/eason/status/2095863355139676998","","2026-09-04T21:15:27.000Z"
"easonhuang","0x41129D07AE7549B40B2DF553fCDdf1F867f472E5","https://x.com/easonhuang/status/2095908515647517935","","2026-09-04T21:14:17.000Z"
"easterndoe","0x70275C7a60ebCe9EbF3C886F5b29941E437E16cC","https://x.com/EasternDoe/status/2096021080083157424?s=20","485","2026-09-04T23:42:40.000Z"
"ebaarmy","0x0e23502fF7a83b6939B0371EebFbc9f51C4ee2Bc","https://x.com/EBAARMY/status/2095896525591836129","","2026-09-04T21:20:25.000Z"
"JustinLewirrqq","0xca2C04544bba91F12D06de64dEFC77Ae8B1848C1","https://x.com/JustinLewirrqq/status/2092955824543498241","","2026-09-04T08:58:52.000Z"
"ebony_ghost","0x8a54017e5C81BfD870943ED1526e99CD1aADA890","https://x.com/ebony_ghost/status/2095028005513522674","","2026-09-04T21:21:13.000Z"
"ebony_lion","0xc8a5df748708e88E471E6b43551D1ac3bf7e42d4","https://x.com/ebony_lion/status/2095664719413998787","","2026-09-04T21:14:47.000Z"
"ebony_monk","0x7aE6A3957A2BfB64F58A083beFa171d5924a49CE","https://x.com/ebony_monk/status/2095594648203773947","","2026-09-04T21:21:16.000Z"
"ebony_oracle","0xb08e46FDE7136C67a7Ad03d8ACD20d25c5B2a068","https://x.com/ebony_oracle/status/2095628682731963739","","2026-09-04T21:14:53.000Z"
"ebony_prophet","0xDA37471499ae5285ce1da2D2dc96eAb944d0F5EB","https://x.com/ebony_prophet/status/2095968969624575256","","2026-09-04T21:15:16.000Z"
"ebonycat","0x6Ab7972A9DACCf2804D94FdB1774Ce2692CF7B4c","https://x.com/ebonycat/status/2095024833352941253","","2026-09-04T21:20:49.000Z"
"ebonydeer","0x8b29ad02F12f2809001cf8F981e153cc5cBA17b6","https://x.com/ebonydeer/status/2095054790321996140","","2026-09-04T21:18:33.000Z"
"ebonydog","0x8CC33d3eE9d112043d7c088FcDd479A1FAEd6B7f","https://x.com/ebonydog/status/2094978420432656591","","2026-09-04T21:14:18.000Z"
"ebonyfox","0xf22bE19fFa47d3a928dd724532a1A2E82b7216B6","https://x.com/ebonyfox/status/2095055792718971745","","2026-09-04T21:19:39.000Z"
"ebonyhawk","0xA3419EFf74b2D3AA5Fa4c373069aa482A58aB459","https://x.com/ebonyhawk/status/2095908361222400021","","2026-09-04T21:17:03.000Z"
"ebonymoth","0x3c0883f0a89e8F9C80944D0231AeE5a8dAca8D0c","https://x.com/ebonymoth/status/2095333290907320493","","2026-09-04T21:16:59.000Z"
"ebonyowl","0x04fdd5bD01128186386B899Fc1d5759C170CE3D4","https://x.com/ebonyowl/status/2095324714769626251","","2026-09-04T21:14:47.000Z"
"ebraz33","0x4b6a59A9e07ad780149FCc7E1E1e6fc439386975","https://x.com/ebraz33/status/2095859093095363087","","2026-09-04T21:21:21.000Z"
"ecamli","0xEe70624c22B8313c547929858EFB9ed25a9E9Fc9","https://x.com/ecamli/status/2095522434890799747","","2026-09-04T21:15:47.000Z"
"echan","0x0369CE5005A41d091D0017ACdA2858Dbe0602AAb","https://x.com/echan/status/2095382432486181708","","2026-09-04T21:15:19.000Z"
"echo_theo","0xf5FCb7abE1Ad3f179a34E498D62946F231CDfdCb","https://x.com/echo_theo/status/2095970988462111971","","2026-09-04T21:21:01.000Z"
"echo_zoe","0xa878B194717151DF6a057f3eA338E07833E63bd8","https://x.com/echo_zoe/status/2095875962401164030","","2026-09-04T21:17:50.000Z"
"echoingdreams","0x10D02091d37095E7CBA30Be3aae6893320E7a676","https://x.com/EchoingDreams/status/2095930080924871859","","2026-09-04T21:16:21.000Z"
"echomist","0x66b0bbABd516F6C800af1cE6625275D738EC19dB","https://x.com/echomist/status/2095012916566905770","","2026-09-04T21:20:02.000Z"
"eclipse_eve","0x741D07aC3b87DEc7631b41DEB031bB09b19f5462","https://x.com/eclipse_eve/status/2095451400509318935","","2026-09-04T21:18:05.000Z"
"eclipseriver","0x9Cae943735EB72E164c9123fc9aE2B2156ED5b23","https://x.com/eclipseriver/status/2095747020085482682","","2026-09-04T21:20:19.000Z"
"ecohealing","0x4FD3D2aBe0A5499E1913d2C18e78d03CE361a6b9","https://x.com/ecohealing/status/2095492506449406988","","2026-09-04T21:15:09.000Z"
"eddd","0xf3F97895B0116086393546cf179CE9E3A68bA4f3","https://x.com/EDDD/status/2095869830526602212","","2026-09-04T21:16:43.000Z"
"eddddy","0xbE9920061b6bEb85Eff78CB8e056390F38118DdD","https://x.com/eddddy/status/2095740364172824090","","2026-09-04T21:15:03.000Z"
"edgarderek","0x9f4567d536Cc6b65bF47f4FC9760f31dCa716817","https://x.com/EdgarDerek/status/2095568059720096286","","2026-09-04T21:17:47.000Z"
"edge","0x8804a37aE4eD840013860b128593F1162C41bFd4","https://x.com/edge/status/2095062329707226300","","2026-09-04T21:19:59.000Z"
"edgelonxv","0x1443B006D28Af4A8bAc9C60aCab4353A41bc9E57","https://x.com/EdgeLonXV/status/2095492620678723758","","2026-09-04T21:20:16.000Z"
"edithgha","0x08C63e121555ecBfCf4259E9768Da4A016208e96","https://x.com/EdithGha/status/2095981502202942729","","2026-09-04T21:15:16.000Z"
"jessica39ck7","0x7AC12eAC20f0a02E0758D6a0EF2F46A6b79022AE","https://x.com/jessica39ck7/status/2094499332735631361","","2026-09-04T08:58:25.000Z"
"efde","0x07128beA3f817Bc5f28140f458bFBfCb219f7F01","https://x.com/efde/status/2095405584125205695","","2026-09-04T21:19:21.000Z"
"Denike37","0x2466E4747ef98CBaae66089cf4DB361349D2296B","https://x.com/denike37/status/2095778214891175995?s=46&t=_Wklym7maeTYCLQ4mpKSGQ","69","2026-09-04T07:37:40.000Z"
"eggheadbear","0xA19315dF2DF0D2D57B6a31bB8E460a3cE4fCeFE6","https://x.com/Eggheadbear/status/2095209410107607893","","2026-09-04T21:17:07.000Z"
"ejsworld","0xB47EC31B8A5485fC0292d5E81B81F1d71ad0A1f0","https://x.com/EJSWorld/status/2095848664273750103","","2026-09-04T21:21:20.000Z"
"ekiim","0x57dDB206D5d43aCFD8891AecD69d16cd4e309F07","https://x.com/ekiim/status/2095148276017489962","","2026-09-04T21:17:17.000Z"
"eko001","0xb48349BFE3316DE4DB9D5503E2F4133020b33CC5","https://x.com/EKO001/status/2095416210701692433","","2026-09-04T21:20:45.000Z"
"ekosupriyanto7","0xc088959433c7EB96438893ac94c6F6eDCCA9fC8B","https://x.com/ekosupriyanto7/status/1","628","1788588367022"
"ekpoer","0x50142377a333F9a9ef8Bd7ceEC5E96a4b9e6dB72","https://x.com/ekpoer/status/2095484157435125698","","2026-09-04T21:20:01.000Z"
"eksan","0xc3d0630eB8994bff9dF1EB4dfa012Aa6B359D209","https://x.com/Eksan/status/2095923215589009222","","2026-09-04T21:14:46.000Z"
"ekuuuu","0xEb955FCb64A143Cf5b11E8C30505E4F1e2eE6238","https://x.com/ekuuuu/status/2095981899859991434","","2026-09-04T21:18:50.000Z"
"el9ar9ni","0xb252026476010011bD77DCDE00D7Ce24e53bE66d","https://x.com/El9ar9ni/status/2095504660975688760","","2026-09-04T21:19:45.000Z"
"el_patron_94","0x9788a7ee4edf27643C4a594fdDdCC6327EA6B057","https://x.com/el_patron_94/status/2095308613084582562","","2026-09-04T21:16:57.000Z"
"elayuwoki","0x5c95A0160dB3cae7AD2aFEBBBEE290da51e12A90","https://x.com/Elayuwoki/status/2095220433877836018","","2026-09-04T21:19:27.000Z"
"elbaf","0xaC59CfD9659B9B8567C1d68d2abdAc124ea079b4","https://x.com/elbaf/status/2095103116276750282","","2026-09-04T21:18:02.000Z"
"elcieto","0x27eF4C30802AB585F4Afe08FD98BFF7d8c828F42","https://x.com/ElCieto/status/2095322581373127703","","2026-09-04T21:15:56.000Z"
"elder_baron","0x309923F95aED3915596B9A7A3461E0234F680536","https://x.com/elder_baron/status/2095223656641655263","","2026-09-04T21:18:52.000Z"
"eldersage","0x4B11a2Eea04db95b5A842AC284f3684E3b61EAFC","https://x.com/eldersage/status/2094982971016080206","","2026-09-04T21:20:12.000Z"
"eleex","0x9A5269299EF22864f7811D0eEf50A687d2278211","https://x.com/Eleex/status/2095488150393676066","","2026-09-04T21:17:07.000Z"
"elephent","0x802Aa1eCd92f6f5d88F16eF612E8cF5044c047Fc","https://x.com/Elephent/status/2095418687666108988","","2026-09-04T21:17:28.000Z"
"elinasaeri","0x7f2b927a2f266ef7a238f429c8b0da9b4675a44f","https://x.com/ElinaSaeri/status/1476173931719528451","566","2026-09-05T05:43:14.000Z"
"elinorafisi","0xaae4158b18ad4044ff840db8e3256fc4b5aea20a","https://x.com/ElinoraFisi/status/1470964363309699072","546","2026-09-05T05:29:00.000Z"
"eliteuser","0x86e203065D14B9510a0615D1d90f7838d5b0785F","https://x.com/eliteuser/status/2095845899530776811","","2026-09-04T21:19:42.000Z"
"elizabeth_g08","0x1f9183415F5c98c0885aECde1006EedA5082B528","https://x.com/Elizabeth_g08/status/2095629303707718673","","2026-09-04T21:21:33.000Z"
"elkitts","0x042e52563C52716DBBe53acD5e95e502B165888D","https://x.com/elkitts/status/2095024959249489824","","2026-09-04T21:18:05.000Z"
"ellen27","0xee5b43433660EA7482047A79a77EE4C19123F41C","https://x.com/Ellen27/status/2095882027314425166","","2026-09-04T21:14:19.000Z"
"elliott0","0x51a6a6eC2ED25C9E4Fa141DD320E21019029d3C0","https://x.com/elliott0/status/2095030172284639808","","2026-09-04T21:19:12.000Z"
"elonmusk","0x15dcC5b0F467bBB3B7d37e633F49664a64F4D46e","https://x.com/ElonMusk/status/2095077494924507542","","2026-09-04T21:17:12.000Z"
"elysion","0x3f6B4DD40e0aF2eB29ecd87125Bdc1920ffa5684","https://x.com/Elysion/status/2095856000331122016","","2026-09-04T21:17:54.000Z"
"email5566","0xE67b43c7CEa2FE0DF3eA74Bd4353EFb0345F78D7","https://x.com/Email5566/status/2095849324528745237","","2026-09-04T21:21:03.000Z"
"emberlantern","0xfD16888251333f2D8396AB9d82a8C773f721ab7a","https://x.com/emberlantern/status/2095926649998481213","","2026-09-04T21:19:39.000Z"
"emberscribe","0x059405869c0C6804D77D2bA4b05aFd1a39834fa6","https://x.com/emberscribe/status/2095452903524887859","","2026-09-04T21:16:59.000Z"
"emberseer","0x98D7ca8e210dbD87e8FB293688C3F2c1854eE505","https://x.com/emberseer/status/2095001283210674363","","2026-09-04T21:14:49.000Z"
"emedcore","0x3e5FBF639D0Cfa3d0158fbf3Fb1e1Fe7E7f453f5","https://x.com/emedcore/status/2095403296346926146","","2026-09-04T21:20:11.000Z"
"emef0815","0x6b77EC43CA706ca6A727340e4b2cA49f34A33Af9","https://x.com/EMEF0815/status/2095919294576025734","361","2026-09-04T16:59:07.000Z"
"emelyyy","0x942f6b94E3Cf08299731AB8e7Fd0a8020440a64A","https://x.com/Emelyyy/status/2095422321348900996","","2026-09-04T21:15:44.000Z"
"emerald313","0x6e8D3b2b06E4a40d80502B8e087c73EDa205367e","https://x.com/emerald313/status/2095204378013288193","","2026-09-04T21:15:51.000Z"
"emilnazarov","0x0a7d4BbB67d9f8435e4Be69A411484bDDC260375","https://x.com/EmilNazarov/status/2095089953613297216","","2026-09-04T21:20:39.000Z"
"emjay242","0xF0475Ec154d5f10Fd0287aAD754526AbbD2bc64A","https://x.com/Emjay242/status/2095685900402216929","","2026-09-04T21:18:27.000Z"
"emma_baron","0x0CB40DDbF67F6a5992d51Fc8e09Aa841270EbcA5","https://x.com/emma_baron/status/2095477574303258979","","2026-09-04T21:18:23.000Z"
"emma_g09","0xa2C0080a22B84ddA2F3A8Dc3652204B137b16a53","https://x.com/Emma_g09/status/2095006988348576825","","2026-09-04T21:19:01.000Z"
"emma_harbor","0xaAC60efB5876a92FB1f7c95Bb6A29e4B1e37eDa3","https://x.com/emma_harbor/status/2095482968727280482","","2026-09-04T21:19:35.000Z"
"emma_lion","0xFd0a4df2A8Ace1CBC94AD4c6148D53ff5F1469cC","https://x.com/emma_lion/status/2095582737573951106","","2026-09-04T21:14:45.000Z"
"emma_star","0xe65A6Fd66f714F1e82c0596B405f4CB0da338d79","https://x.com/emma_star/status/2095585296951070325","","2026-09-04T21:20:38.000Z"
"emma_warden","0xb4e1799A09b8d5331b1e464fC07A73fb323D435e","https://x.com/emma_warden/status/2095250632972799361","","2026-09-04T21:19:35.000Z"
"emmaranger","0x4f4009afE1b6C1B75B9AF9Ff7EdE6dB0581ff4B7","https://x.com/emmaranger/status/2095882888756213950","","2026-09-04T21:14:03.000Z"
"emmaraven","0x270FC133F743F6EdA75b4b8E7F5eC5de7E2bc0e4","https://x.com/emmaraven/status/2094964378824156679","","2026-09-04T21:19:20.000Z"
"emrecubukcu","0xF4fD412C501b75bCe19749aA35c9725f00Faa4DE","https://x.com/emrecubukcu/status/2095215791562382025","","2026-09-04T21:19:58.000Z"
"emreeth33","0x383B361622BCF913DdA102CBec70833c82Bea79B","https://x.com/emreEth33/status/2095764974261907873","326","2026-09-04T16:10:19.000Z"
"emreooo","0x626c340bFf0456CD9e4dB82e54A6eA9E22BC5a77","https://x.com/emreooo/status/2095623548562899605","","2026-09-04T21:18:26.000Z"
"emx5","0x3D719f8f126A4484a2886e700F3Da789c34c4EAb","https://x.com/emx5/status/2094973594065304843","","2026-09-04T21:19:20.000Z"
"en27","0xB2c645C70EfA70DE4A3b48f45d4DB9468200C142","https://x.com/EN27/status/2095463224561800765","","2026-09-04T21:20:11.000Z"
"enaltgt","0xc5fdef3996a95553bc9d252ce8c297ffe5b5a79e","https://x.com/EnaLtgt/status/2096084053489537249","523","2026-09-05T03:53:32.000Z"
"encoinz","0x30c0D25FB8cf8898aB079c0a22a66EF3CF550300","https://x.com/encoinx/status/2095890853139198386","277","2026-09-04T15:05:39.000Z"
"enderius","0x97a62eD2B8edB6548a67F5d8f5Da8c771D2D9a8b","https://x.com/enderius/status/2095148155938485852","","2026-09-04T21:20:32.000Z"
"eneas2203","0x0a13cE149C1c0EC1Cb1410ED00Ee811eC507DcE6","https://x.com/ENEAS2203/status/2095559298778159936","","2026-09-04T21:18:58.000Z"
"energyqi","0x3D5F2672157667524146156c2E613B59472b949E","https://x.com/energyqi/status/2095664045694336247","","2026-09-04T21:15:44.000Z"
"enigmaticsea","0xa688B931BBF188dd95FA62a4a2be244a278E2b5F","https://x.com/enigmaticsea/status/2095714346339890999","","2026-09-04T21:14:08.000Z"
"enigmawisp","0x562C6D664Dd0571e0e626175FaAd442F53D2Fa34","https://x.com/EnigmaWisp/status/2095706515808869283","","2026-09-04T21:16:04.000Z"
"enochlee","0x432410C7006277D7Cb5E7f3b9315c9CC57F3c526","https://x.com/enochlee/status/2095410447686268006","","2026-09-04T21:18:57.000Z"
"ensdapp","0x3bDC42E1e6745320CE1DB475C9322C26cdC7A13f","https://x.com/ensdapp/status/2094963171568202546","","2026-09-04T21:21:09.000Z"
"ephemeralux","0xa21DfAb2Cf466F543a7D845E4A53888C8DdD0Ccf","https://x.com/ephemeralux/status/2095510029764475220","","2026-09-04T21:20:33.000Z"
"equivor","0x6071Fc9193da209eE64331e614A3e4Ec9074170d","https://x.com/Equivor/status/2095520196244008416","","2026-09-04T21:16:45.000Z"
"eraansterlish","0xe36A425F8CC9cf7561E83b83EBF934c4F2f081B9","https://x.com/EraanSterlish/status/2095757862056982327","","2026-09-04T21:15:59.000Z"
"erggh","0x377150E11E70ab37E5847Ec224aa6C381F918f1C","https://x.com/erggh/status/2095353579301225556","","2026-09-04T21:19:33.000Z"
"erlich","0x71422F25B2Aa5194291a1f4fEA1F1d13efFF6579","https://x.com/erlich/status/2095323540722653170","","2026-09-04T21:14:56.000Z"
"erot","0xfF97B275De5Af6C19991374311a78a50F919B121","https://x.com/erot/status/2095591190768105114","","2026-09-04T21:16:53.000Z"
"errica","0x585c441580E7aFCD7938ce6AEF3A6aC67C1A3632","https://x.com/Errica/status/2095708266370760568","","2026-09-04T21:20:49.000Z"
"ertugrulsezer","0x8bb1f13e3C1F5C6d2FB0972f3737f2586e6c06B6","https://x.com/ErtugrulSezer/status/2094975961744864859","","2026-09-04T21:15:16.000Z"
"escobar","0x75aDc64F2C292358d32B0673C9F65228Ba9296A6","https://x.com/Escobar/status/2095518019577358391","","2026-09-04T21:16:25.000Z"
"esla_alm","0x1d60c6ec6110b6a4435b4181ca6abb209e32c4e2","https://x.com/Esla_alm/status/2095925799656530059","371","2026-09-04T17:24:27.000Z"
"esovrucaffe","0xcb7b02D48CDE97F52743845E505C9B9FbDB2Cc0f","https://x.com/esovrucaffe/status/2095462622677805115","","2026-09-04T21:20:12.000Z"
"espr1t","0xacf1f34E91167eeb75Cb304a6678F0e95BAAfCD5","https://x.com/espr1t/status/2095258366248359803","","2026-09-04T21:16:40.000Z"
"ethc","0x641145e287371F3c06a3A708225ad2d991606594","https://x.com/ethc/status/2095619850340093127","","2026-09-04T21:15:00.000Z"
"ethen12","0x26FF19FA5A2A95549A0f398F5199145626b2a649","https://x.com/Ethen12/status/2095455193555722264","","2026-09-04T21:15:42.000Z"
"etherealnova","0xb88C5eaf5bc32551b6a06418655d932816c50F71","https://x.com/etherealnova/status/2095786128092368455","","2026-09-04T21:14:56.000Z"
"ethereumempress","0x5AEDDb1B579f3F6505b32D60F4f5C02925821203","https://x.com/EthereumEmpress/status/2095435594993190714","","2026-09-04T21:17:33.000Z"
"ethereumer","0x1A179d743cb112F68A98C46bebB8DB71AD620EfF","https://x.com/Ethereumer/status/2095205609815819937","","2026-09-04T21:17:06.000Z"
"ethicalboy","0xA2F23960F44Cf2fD0b8Cf5c5cE35DA1FD00b87f7","https://x.com/Ethicalboy/status/2095966712031569258","","2026-09-04T21:16:57.000Z"
"etna","0xaE87DEF54462E70520BEbd5d5838a5d83ecf17Ca","https://x.com/Etna/status/2095591614786276191","","2026-09-04T21:14:13.000Z"
"euphoricgem","0x61b710F3e4BE888CC355Fc3a5f9aEcA666D273d4","https://x.com/euphoricgem/status/2094956433254023748","","2026-09-04T21:19:47.000Z"
"evangelineee","0x835275516F8734b1c8D69335c469F4208B26539f","https://x.com/Evangelineee/status/2095320360661453350","","2026-09-04T21:18:39.000Z"
"eve_ash","0x3a28888Af3D22b2B501b0A6Fd38392376668B1E9","https://x.com/eve_ash/status/2095882112715785019","","2026-09-04T21:18:07.000Z"
"eve_compass","0x270df1FE18C61ca398a9Fe1f6E7f538FcAd77Ae4","https://x.com/eve_compass/status/2094912846257019217","","2026-09-04T21:15:48.000Z"
"eve_vault","0x12caEECFcA2C01ffeCfF4c49C6704af0C869f212","https://x.com/eve_vault/status/2095404722514885727","","2026-09-04T21:16:59.000Z"
"evergreens","0xb813cbe8716D95767fdCeFD6Aaf3b8749E077604","https://x.com/evergreens/status/2094962510727526569","","2026-09-04T21:17:58.000Z"
"evoxstar","0x3fE0FDA754c38a29560CBbA30EBC6389Bbc7FDC4","https://x.com/EvoxStar/status/2095495106791221724","","2026-09-04T21:20:07.000Z"
"BobbyRobin6qyz","0x3d196Dbed1062b4fF66E70876C84626D90CFCda5","https://x.com/BobbyRobin6qyz/status/2095048334338162689","","2026-09-04T08:59:20.000Z"
"ewaida","0x77e09d57c9B6FA1b1858832d55F3647488F66BF0","https://x.com/Ewaida/status/2095377975104233147","","2026-09-04T21:18:37.000Z"
"ewdewf","0xc98f1EAd73Cc6FcfD44df29b04E3dd049b24Fc5A","https://x.com/ewdewf/status/2095830471121552326","","2026-09-04T21:21:20.000Z"
"ewqrasd","0x70e0cfBd55668Fc8dC03dB50021049daBA06809a","https://x.com/ewqrasd/status/2094942198634329058","","2026-09-04T21:14:55.000Z"
"exogenesis","0xF49d9C2f1C1aCb3b9E26156775685240ef4e6F17","https://x.com/exogenesis/status/2095477497444228049","","2026-09-04T21:16:30.000Z"
"extradry","0x18Dbe0632d3e088cEf8191F6C46ce5288f4c6439","https://x.com/ExtraDry/status/2095176105623725215","","2026-09-04T21:17:12.000Z"
"eyad2030","0xf73915a4034D89274958dcfa145D821267cd071A","https://x.com/eyad2030/status/2095382152275964225","","2026-09-04T21:20:11.000Z"
"eytoronto","0xA5e760d97cA9c71751148bA271E7AE13a6AE924c","https://x.com/EYToronto/status/2094939490851267376","","2026-09-04T21:14:33.000Z"
"ezcolm","0xA88c92eaF3F07f025230c91f2e46ad5A0cEbc81F","https://x.com/ezcolm/status/2095146950173563282","","2026-09-04T21:16:27.000Z"
"ezra_wolf","0xDCA7Fc30EbF8009C86a64412f47fc8731a7281f1","https://x.com/ezra_wolf/status/2094920968538322759","","2026-09-04T21:18:17.000Z"
"ezraranger","0x41dE69Da823C6c2c6296042eFcc49eAEABF8e3B8","https://x.com/ezraranger/status/2095516911295225232","","2026-09-04T21:17:05.000Z"
"f1198l","0x44747e7F31DEe68Cdf263d06Da993eDeA96F9E01","https://x.com/F1198L/status/2095932608517640583","383","2026-09-04T17:51:16.000Z"
"f1900eth","0x7b35dce88a275f55614ca7d25c97c2c390fa4a7d","https://x.com/F1900ETH/status/2096114495164989729?s=20","589","2026-09-05T05:54:12.000Z"
"f2gf2g","0xE0190E97986f4b1448dbb83cf01faF2237dAAc2e","https://x.com/f2gf2g/status/2095461393736199016","","2026-09-04T21:18:40.000Z"
"shuklarewa9082","0x2093f7ac4ce9c30d5e54ef120d01821e3ac7eab8","https://x.com/shuklarewa9082/status/2042545668783509842","109","2026-09-04T10:34:42.000Z"
"Pentosh1","0x42965aa254c5ff406a80996dc303589fccf64bb2","https://x.com/Pentosh1/status/1854183271569240336","111","2026-09-04T10:34:44.000Z"
"CryptoPatel","0xb738945a03481a64763134faf3ed990c68768e05","https://x.com/CryptoPatel/status/2038171805530149366","116","2026-09-04T10:34:49.000Z"
"InvestWithD","0x7828667cea44e74242ed07ca5292f89e387c0085","https://x.com/InvestWithD/status/2037946717673537989","117","2026-09-04T10:34:50.000Z"
"QwQiao","0xdb4b4ffd0a253e0d29609e280df8425fce7e2de2","https://x.com/QwQiao/status/1909637164286620129","159","2026-09-04T10:35:42.000Z"
"AngelaPerewvsk","0x00aF8cC584F0c0b63511B642d8FF0236cA1B9d4d","https://x.com/AngelaPerewvsk/status/2094332726101409793","","2026-09-04T08:59:37.000Z"
"cheryl00wr4","0x04b9073FaBF88caB41d40B359cdD1A03f174e57B","https://x.com/cheryl00wr4/status/2093227948264914945","","2026-09-04T08:58:05.000Z"
"f_molina","0xc87AF79Bf2994cE78860498b73635b26263C5e3d","https://x.com/f_molina/status/2095625652340519306","","2026-09-04T21:17:53.000Z"
"fabiode10843361","0xaAbdAC2C2bc6b5b759affBcA5928343C692660AE","https://x.com/FabioDe10843361/status/2096097388783956112","541","2026-09-05T04:46:22.000Z"
"facai1","0x5e778a9433a4722A66b15BFa4f9E737868b02D67","https://x.com/facai1/status/2095447273787313591","","2026-09-04T21:21:34.000Z"
"fading_comet","0x128C687760076AceAfB78849a25A6AA3178D93cd","https://x.com/fading_comet/status/2095184895258257071","","2026-09-04T21:15:22.000Z"
"fadingprophet","0xFd7f3435d8C628B67F69C589b13cA244EB4406dF","https://x.com/fadingprophet/status/2095967796190944834","","2026-09-04T21:20:23.000Z"
"fadingtiger","0xCa2bB49fA22eFcdF907807544AD23B4266F2C418","https://x.com/fadingtiger/status/2095145293988691745","","2026-09-04T21:20:49.000Z"
"fahmiy49621084","0x44C44Ee378f549b602283f55C945B4F5fB752BC4","https://x.com/FAHMIY49621084/status/2095024565276221307","","2026-09-04T21:19:44.000Z"
"fajarhen11","0x060709682ea5c3700b034d48a37a099bec82fd18","https://x.com/fajarhen11/status/2096111028564267495","565","2026-09-05T05:40:03.000Z"
"fajarramadhan7","0x99C09a28Fd3a7bb5ddd690d18C6e1149cEc6e39C","https://x.com/fajarramadhan7/status/1","624","1788588354443"
"fajrian","0x5C50B4D203Da18e9f54D6E94124d7DA05345d4b2","https://x.com/Fajrian/status/2095603359071362557","","2026-09-04T21:19:28.000Z"
"fakussima","0xA0e4db6E652549E88C36D9Ad1cC5208Cb9Fd8876","https://x.com/fakussima/status/2095604983005569644","","2026-09-04T21:14:24.000Z"
"falcona","0xd02D3b2D491b6a0ba6B9b1720216d01Af218fB72","https://x.com/FalconA/status/2094932055114680390","","2026-09-04T21:19:00.000Z"
"falconowl","0x3FEcE26075638909784a0983aeCaA031a801C61d","https://x.com/falconowl/status/2095301204628377522","","2026-09-04T21:18:54.000Z"
"fallen_falcon","0x677482a89d265D1d63d532525a4768c96549bc04","https://x.com/fallen_falcon/status/2095813385738978656","","2026-09-04T21:16:48.000Z"
"fallen_hunter","0x40adC209594cc367D05A81f808976988e21CeAf7","https://x.com/fallen_hunter/status/2095836100678513633","","2026-09-04T21:16:21.000Z"
"fallen_witch","0x7AecD760b14D758ecDE8a1D232436364dae818d9","https://x.com/fallen_witch/status/2095899028960417636","","2026-09-04T21:14:31.000Z"
"fallendawn","0xB80120a7EF5Be19c3D46FCCaeDc82e97DC6001B0","https://x.com/fallendawn/status/2095782968471152934","","2026-09-04T21:18:05.000Z"
"fallenhawk","0x7b41691B5D984e229C6D984eeBdC4e5501c7578b","https://x.com/fallenhawk/status/2095161570783317843","","2026-09-04T21:15:49.000Z"
"fallenprism","0xDf235291F3B164dC33eA505262723785C55c2541","https://x.com/fallenprism/status/2095637517543379813","","2026-09-04T21:20:49.000Z"
"falte","0xe01E8a56CF4C236e5439dC326D7B4F7144fC7B68","https://x.com/falte/status/2095940558476323906","","2026-09-04T21:18:51.000Z"
"fameratuai","0x89BfBcf387A930e210fc82b12a7608FF6E0d95E6","https://x.com/fameratuai/status/2095876536234574083","388","2026-09-04T18:00:24.000Z"
"fandrop","0x690f24c1C4698aA632599B53876ac27Ec8080ebB","https://x.com/fandrop/status/2095938786782243936","","2026-09-04T21:19:31.000Z"
"fanee101","0xaC4Da8F4C6b9EB65Ae104f4Aa1CA85644D13Eb4A","https://x.com/fanee101/status/2095483001716099523","","2026-09-04T21:20:30.000Z"
"fanfcsd","0x99B171E042c50a457652CB13D78Ca0966b9F5512","https://x.com/fanfcsd/status/2095715590318684255","","2026-09-04T21:19:40.000Z"
"fangxiang","0x260Df5613dd79e484e4Af10eC47a31B0A185fbB5","https://x.com/fangxiang/status/2094950753909938310","","2026-09-04T21:17:08.000Z"
"faniku1292","0x6E70910c1F7a7f794e7863C53a18a37071C2CB2F","https://x.com/faniku1292/status/2095542329154158982","","2026-09-04T21:18:30.000Z"
"fanmk999","0x179ae5af52b6ac1a877d1f12af92e2279a472c80","https://x.com/FANMK999/status/2096086393814687750?s=20","535","2026-09-05T04:02:19.000Z"
"fantasssy","0xaCD5D9e001eDd495c29Fb3D9d22c47C9deE63f84","https://x.com/Fantasssy/status/2095257675475967385","","2026-09-04T21:21:22.000Z"
"fardays","0xeED78D50D657eB5e6ccA74aB29Cd0D4264533Cc1","https://x.com/fardays/status/2095143818071572997","","2026-09-04T21:16:23.000Z"
"farhan6964","0x82cAb998fbcB9cfed01B926445E64244879b1350","https://x.com/Farhan6964/status/2095636156866436408","","2026-09-04T21:18:14.000Z"
"farman22go","0x3b9d74285D3254be6C256D40ed3Db0aC843CEE1c","https://x.com/farman22go/status/2095614655311916980","","2026-09-04T21:20:49.000Z"
"farmkripov","0x5AB42E7dB548545FF7A3D3Cc40d19551bFa2D65E","https://x.com/farmkripov/status/2095216056437509954","","2026-09-04T21:16:49.000Z"
"farnaz","0x3e309e9398efC498555f4978fA982Ebce726E73A","https://x.com/FarNaz/status/2095019872264561867","","2026-09-04T21:16:07.000Z"
"farnaz4","0xef8dF176cE3295aDCa2ab63dc45e3B350654c396","https://x.com/farnaz4/status/2095414370719961678","","2026-09-04T21:17:24.000Z"
"farshadtx","0x3Ffec6f2A893a7eAe880bd16C8F1eD5f7CaCb912","https://x.com/farshadtx/status/2095113841587847887","","2026-09-04T21:20:49.000Z"
"farthinge","0x3ea7753AD9Db0A68F609d6b5D54Ee121d82ccceD","https://x.com/farthinge/status/2095033554074422880","","2026-09-04T21:20:29.000Z"
"fasa","0xD0932b6662cD2Bcdd8aC7F5420e2762f5B8f3dcf","https://x.com/Fasa/status/2095564844584681247","","2026-09-04T21:19:08.000Z"
"fasion","0xe83594a680f491424c12E7a31BA537ed27D13b2f","https://x.com/Fasion/status/2095266374970745645","","2026-09-04T21:14:22.000Z"
"fatcat","0x2B6640f655195a3c6EF07878209e0E7dd2D9406A","https://x.com/fatcat/status/2095258695717862402","","2026-09-04T21:15:06.000Z"
"fatinia","0xb7b2E50ef4d5D92Fc82d4bBe7CBC23a525bc52c5","https://x.com/Fatinia/status/2095140130719276063","","2026-09-04T21:18:24.000Z"
"fatrui","0xE19FA027AbA0A8958E26CB4E59a4ff9480DaB2A9","https://x.com/fatrui/status/2095545051704334064","","2026-09-04T21:18:14.000Z"
"faufus","0xD9fb209B4F5504A98EeFF6bDB2FB42102a0fE0Bb","https://x.com/Faufus/status/2095705461952903398","","2026-09-04T21:17:28.000Z"
"faylyneeeeee","0x9e9D4Ed24238826B51b41804739030339fAD4c9b","https://x.com/faylyneeeeee/status/2095736135926601156","","2026-09-04T21:14:19.000Z"
"cryptomanran","0x5707fd8ce4dd761a8050182da95634404d2820dc","https://x.com/cryptomanran/status/1999434903683784793","108","2026-09-04T10:34:41.000Z"
"fczaq","0xED5AF3a6591A3203adC0Bd458a47D6229692b2ED","https://x.com/fczaq/status/2095923177887099483","","2026-09-04T21:14:12.000Z"
"fde4","0x5B10048033173656BE1E4a6CB520760b3240e38E","https://x.com/fDe4/status/2095140282254382657","","2026-09-04T21:14:28.000Z"
"fdgdup","0x5810b338E919ee8DC23419545c2Ef6c114042437","https://x.com/fdgdup/status/2095634350566461451","","2026-09-04T21:15:45.000Z"
"DocumentingBTC","0x5efaf869152728ea34042a438e9b2bdd07fab474","https://x.com/DocumentingBTC/status/2009973167385915810","155","2026-09-04T10:35:37.000Z"
"fedafw77104","0x807D174835AC1d3370a4d54f85423486C18DF466","https://x.com/fedafw77104/status/2095116276223376959","","2026-09-04T21:17:18.000Z"
"feifei521","0x9E852d1356626cFAD677f9111Ad2732244D6b7E8","https://x.com/feifei521/status/2095633160797822033","","2026-09-04T21:17:20.000Z"
"feixianghu","0x55bb1dec0c01d173bda2320990aecc8ac992f949","https://x.com/FeixiangHu/status/2095946397900243112?s=20","409","2026-09-04T18:47:01.000Z"
"felix25","0x29eB5d4a3b63CAc8e7641f262390Ab9fe7D22CEa","https://x.com/felix25/status/2095254184325031298","","2026-09-04T21:18:59.000Z"
"felix51","0x90bA959A1eE305d0933544044b3b26821e0E2025","https://x.com/Felix51/status/2095575269469036860","","2026-09-04T21:14:16.000Z"
"femtooo","0x0ed793C441EEf49daB4aa4dc82BC050E815a3963","https://x.com/Femtooo/status/2095140354186111424","","2026-09-04T21:17:30.000Z"
"fengsecao","0x7Ef6A8e5Bd3E9bff9fd26DA11A7D7ABA177C106d","https://x.com/fengsecao/status/2094989378370879595","","2026-09-04T21:19:35.000Z"
"feno","0xf39b2Bb562faE8E9846437BBCfd23B9C62A616D9","https://x.com/Feno/status/2095793050497901957","","2026-09-04T21:21:19.000Z"
"feral","0xDbf99a50d9aD1bAC63B95943B809061C4e4A2881","https://x.com/feral/status/2095701756420930403","","2026-09-04T21:18:19.000Z"
"feral_witch","0xB288215C5512F178A3b3E7d5Fa7505c56321AB9B","https://x.com/feral_witch/status/2095498099942528194","","2026-09-04T21:17:09.000Z"
"feralmist","0x54194428dCA94F26d0671a81C95518dFffA85181","https://x.com/feralmist/status/2095405048129199904","","2026-09-04T21:20:46.000Z"
"feralpirate","0xEed0ae829F7754c0509CC047E91AcF5e89F37B5A","https://x.com/feralpirate/status/2095302490047891135","","2026-09-04T21:17:09.000Z"
"feralvault","0x6e708f8E49442D9Baa40b71a694070B21D589aBb","https://x.com/feralvault/status/2095053400577784802","","2026-09-04T21:14:22.000Z"
"ferien","0x83B42bB53A96942249f5EDB04320dF0C4d4cd81d","https://x.com/Ferien/status/2095599875578611107","","2026-09-04T21:19:40.000Z"
"festingimogene","0xaA9747d3179aC9214c1Cec8D8689c2A5008E7791","https://x.com/FestingImogene/status/2095938123339320319","","2026-09-04T21:19:50.000Z"
"MaviaCrypto29","0x0C34B994cE43a31F02D70e0BAec4FaF669696625","","5","2026-09-03T19:34:16.000Z"
"fgbfbgfgb","0x29c30D589b2395765e68f42ed741DD1AbF0FBA57","https://x.com/fgbfbgfgb/status/2095205794919551374","","2026-09-04T21:20:29.000Z"
"fgddh","0xc9Db33F8DFdd1ABdA5871416559Ed94CE9c8fdc4","https://x.com/fgddh/status/2095765663612048176","","2026-09-04T21:04:55.000Z"
"fgdxg","0xF9D0C47d8d11b307962fC32F24F29DAc6490fbbE","https://x.com/fgdxg/status/2095787600370861335","","2026-09-04T21:20:20.000Z"
"fghh","0x68cAfc30e0bF90acEF4cd775e3B7533b25CC9754","https://x.com/fghh/status/2094954710343607799","","2026-09-04T21:14:55.000Z"
"fgvs","0x80702Daffe85e56cd03E20e7c00788627603Ceb6","https://x.com/fgvs/status/2095795168716600264","","2026-09-04T21:14:23.000Z"
"fhadiyan68","0x974d636f322f706238989f75443aa1498d440C92","https://x.com/fhadiyan68/status/2095441969476003058","","2026-09-04T21:14:35.000Z"
"fher1","0x8A859Dc098b69E0BA8D65Ac60543404879Deff93","https://x.com/Fher1/status/2095000522505077855","","2026-09-04T21:14:32.000Z"
"fhjf","0x34B8F90095AD9c4db71e993eAc6F78eE9C7dD765","https://x.com/fhjf/status/2095965429365765326","","2026-09-04T21:14:26.000Z"
"fierce","0x506149Ac0932a76fCA43B03607cb23FA0Ced80D3","https://x.com/Fierce/status/2095345827319365580","","2026-09-04T21:17:48.000Z"
"fierce_monk","0x7a7fBfCCB215bB95F0bdc073711aEE4617faC3fc","https://x.com/fierce_monk/status/2095020084882942780","","2026-09-04T21:14:11.000Z"
"fierce_nomad","0x955c3B078Cd7B2003D9576b3EA97322E4B6dEF70","https://x.com/fierce_nomad/status/2095044258736547139","","2026-09-04T21:15:07.000Z"
"fiercestorm","0xafc6F7388b495640DA2F25566e185e4b2B6bcce7","https://x.com/fiercestorm/status/2095112244698452001","","2026-09-04T21:17:45.000Z"
"fikrihidayat8","0xA7c7154AD8d3adDD6A9F21BCab9c32a9E8f58779","https://x.com/fikrihidayat8/status/1","654","1788588444248"
"filabila1","0x7281d67646619e351e6105b1129bb9ea12cc946d","https://x.com/FilaBila1/status/1476177995291234305","604","2026-09-05T05:59:08.000Z"
"filatik","0x0F7C8a8a472Bfa59D87C8E04f5489B296cD4f01f","https://x.com/Filatik/status/2095645396785740117","","2026-09-04T21:21:10.000Z"
"filopi","0x813cD9Fd12Cd4D4d4B471CC416466B9932aEbD3B","https://x.com/Filopi/status/2095194003527072961","","2026-09-04T21:17:44.000Z"
"finaleona","0x44e1b151362764922074025757d5ff0c0439dc6c","https://x.com/FinaLeona/status/1476174876780027907","584","2026-09-05T05:43:41.000Z"
"findpump","0x96F77F6F40Ea4e4097bf61C5794EB3209c303021","https://x.com/findpump/status/2095857676787289143","","2026-09-04T21:21:24.000Z"
"fineout","0x208d45D16b2c43413f4616786419142e22e5A5cF","https://x.com/fineout/status/2095906809282126888","","2026-09-04T21:20:32.000Z"
"fingerprint1","0x0E6E3A53fDF70ACED2c800cFF156E74b5772928f","https://x.com/Fingerprint1/status/2094970959417234410","","2026-09-04T21:19:32.000Z"
"fingerprint11","0xAc39E17fEA54462c9952aB9C2FA3649317712EFF","https://x.com/Fingerprint11/status/2095357172136985089","","2026-09-04T21:20:25.000Z"
"finn_ash","0x98587F41aee303549EBdafd7eE08FaF0277066E9","https://x.com/finn_ash/status/2095328416665807739","","2026-09-04T21:18:52.000Z"
"finnferry","0x73009bc519828d5f5fa63B0F6107c08c53B54caA","https://x.com/finnferry/status/2095479847636954234","","2026-09-04T21:15:59.000Z"
"finnmonk","0x86A6FE238248bF780E5733494960bf89F0172d6B","https://x.com/finnmonk/status/2095939740268948162","","2026-09-04T21:20:13.000Z"
"finnraven","0x9BCCFAD9e444a61a9D3eEbdE9469C8aC2B14848B","https://x.com/finnraven/status/2095034825017203145","","2026-09-04T21:21:26.000Z"
"fionatacs12","0x80a6c9405855fAc71d0b11A4c477Eb9D5Be9752C","https://x.com/FionaTacs12/status/2095914465309151343?s=20","346","2026-09-04T16:39:22.000Z"
"fipcrypto","0x17bD6EBF0658241566d4Bf844FDE367fd8E28f4f","https://x.com/fipcrypto/status/2095564024587363599","","2026-09-04T21:18:27.000Z"
"firebroo","0x82c5Ab9B379b00a1849528d043A006548B503Bd9","https://x.com/Firebroo/status/2094972262422525243","","2026-09-04T21:17:27.000Z"
"firefox2023","0xA1996659BbE5EA99AFc4D489EB7E03B277366431","https://x.com/Firefox2023/status/2095735772377795156","","2026-09-04T21:16:57.000Z"
"fireman09990","0x2eE199cEF72A4458DbEAC7588E484030cD13612E","https://x.com/fireman09990/status/2095022009379198792","","2026-09-04T21:18:17.000Z"
"firestage","0x6bD2869241b323Fc7501Bf7B311Eaae4504D2D52","https://x.com/Firestage/status/2095635908218334818","","2026-09-04T21:16:30.000Z"
"firzam","0x62379ed6e8a5f9aE64541a488490e662Bb165A2A","https://x.com/firzam/status/2095839185323038610","","2026-09-04T21:14:26.000Z"
"fischerp","0xeB994Bce7fF55ed11E2a723D1cF6f69A873d651C","https://x.com/FischerP/status/2095899729421231232","","2026-09-04T21:14:27.000Z"
"fisherry","0xD31Ea11fD944e7616208eEFF23a6c56dFc1f7Cd1","https://x.com/Fisherry/status/2095512386478994077","","2026-09-04T21:18:23.000Z"
"fitrihandayani_","0x09c0A5eb8f85DDD09e98Db2fcA36e14059DAC458","https://x.com/fitrihandayani_/status/1","635","1788588387458"
"flamecrypto","0x0C79cfb89FA9b56fb26E9f021ea88D9F50818DEf","https://x.com/FlameCrypto/status/2095677744483479645","","2026-09-04T21:19:24.000Z"
"flameinmyheart","0xCE2A46bE842FA179B35A3B1be09B4ff6D2E79B27","https://x.com/flameinmyheart/status/2095732919424067738","","2026-09-04T21:20:06.000Z"
"flaming88","0xAE7784fD9BEF0Ec9925BBd16d6AddAC4B5d75526","https://x.com/Flaming88/status/2095082793959026749","","2026-09-04T21:18:50.000Z"
"flankers","0xCDe75187f8d1627E51DB44b48d6E1A8b0c814331","https://x.com/Flankers/status/2095280673756060303","","2026-09-04T21:15:44.000Z"
"fofkfo","0xE86Bb98B290B543eBc60181Cf004E788636a7a35","https://x.com/fofkfo/status/2095322529048482781","","2026-09-04T21:17:08.000Z"
"fohta","0x9d0b5097aFB74a6D3Ac784Fc03F4175b007EF1e0","https://x.com/Fohta/status/2095800242067768651","","2026-09-04T21:20:53.000Z"
"fomoengineer","0x834F87BB7943b0A500fA3F396a317A2eBdec0859","https://x.com/fomoengineer/status/2095594886448405416","","2026-09-04T21:19:58.000Z"
"fones","0x7a508FC5f2293fc4Ea04954Ee97bd351b927EFEa","https://x.com/fones/status/2094930507690781185","","2026-09-04T21:21:27.000Z"
"forsureforsure","0x956b6312cb3E2D9Ec8B83D2C859c3b4d1c8C8638","https://x.com/ForSureForSure/status/2095577845420524349","","2026-09-04T21:20:34.000Z"
"fortynass","0xC360FDF98F1C7204A8aA5eE21BA49997Aa374Cba","https://x.com/Fortynass/status/2095300883456500555","","2026-09-04T21:19:48.000Z"
"fotikeu50395","0x9F81b29b9C795AB1A714F22256966574d82e4613","https://x.com/FotikeU50395/status/2095339533048169375","","2026-09-04T21:18:23.000Z"
"fox_cora","0x66dd4E29831B5105864c1dbB260Ba030ffC49291","https://x.com/fox_cora/status/2095494512099248631","","2026-09-04T21:18:48.000Z"
"fractionai","0x40e544AAb21b359D745397B660440aF92f4379D9","https://x.com/FractionAI/status/2095045404628251175","","2026-09-04T21:16:01.000Z"
"fredoal","0x112790977a1de5557F59328E6839a73BfB7b757D","https://x.com/fredoal/status/2095131686071841656","","2026-09-04T21:14:19.000Z"
"fredynand","0xE634951C777F4b7be7E050BD9Fd18a26224769FC","https://x.com/fredynand/status/2095809744506556530","","2026-09-04T21:17:43.000Z"
"free_blade","0x1dbb9A295D133ce61e0de16ed35dC195734f6093","https://x.com/free_blade/status/2095937731644029790","","2026-09-04T21:15:37.000Z"
"free_comet","0x15d85F46a0aCDb28902d8B42D2f22F1E9a9a3D6b","https://x.com/free_comet/status/2095099883032964788","","2026-09-04T21:21:29.000Z"
"free_knight","0xcD6BFCdE505B5408090Af7E23E8D06aA8bf102e0","https://x.com/free_knight/status/2094943864094173600","","2026-09-04T21:21:18.000Z"
"free_lantern","0xf4Bd7bE12A0138a25A98209BCB48ba42EBf8C724","https://x.com/free_lantern/status/2094955304912189951","","2026-09-04T21:19:30.000Z"
"free_monk","0x0F4B39D0240262A52053f0e0d9e89cB3a9B9a421","https://x.com/free_monk/status/2095697786557492610","","2026-09-04T21:14:50.000Z"
"free_ronin","0x541cA8251cE9aeE42809085f692274AC49cc8314","https://x.com/free_ronin/status/2095656783184312942","","2026-09-04T21:17:42.000Z"
"freedragon","0x5EE536E32dA0ee775BfC5cF19776D3FDd1701451","https://x.com/freedragon/status/2095025395114373055","","2026-09-04T21:17:26.000Z"
"freeecho","0xB88Fd1f5795eDb9D2E7f203B5A7819EFC17C9043","https://x.com/freeecho/status/2095026370848442866","","2026-09-04T21:20:33.000Z"
"freeeclipse","0xD8B8f0Bb1f60b327A3270783C862094478212734","https://x.com/freeeclipse/status/2095569111386304932","","2026-09-04T21:19:13.000Z"
"freegod","0xb62148AF0faAa44e8Cf7B89aAe347a4e56f7170C","https://x.com/freegod/status/2095691308432899123","","2026-09-04T21:20:01.000Z"
"freeman2024","0x2fb047A446ddcdbA4976bAa5f6395e21d3F4c23f","https://x.com/freeman2024/status/2095080830480446711","","2026-09-04T21:14:31.000Z"
"freemejankari","0xe3068f799bCCFd6454C8Caf513d62AC7a2F77bA4","https://x.com/freemejankari/status/2095872891316820105","","2026-09-04T21:15:29.000Z"
"freeride622","0xe9cd56b7A72ac6a5766c927172CB1121dd9A831a","https://x.com/FreeRide622/status/2095907857623290275","331","2026-09-04T16:13:45.000Z"
"freetalkfreeway","0x8b8c43b909a88f9cc2c79da881bb1696bf4f5fb0","https://x.com/Freetalkfreeway/status/2095890246550573083?s=20","275","2026-09-04T15:03:10.000Z"
"freetestnet","0x30845155a2a6FDa34A2b37Db329E1B5619b3188A","https://x.com/freetestnet/status/2095551040264311271","","2026-09-04T21:15:58.000Z"
"freqn","0x323B7bAee8E34bBaFA3a22A8f1B0e4ce869Ef7dF","https://x.com/Freqn/status/2095922052355184052","","2026-09-04T21:21:31.000Z"
"frog_q","0x188C07A81B52b8e0b45E09Af2896Ff99A8839e24","https://x.com/Frog_q/status/2095678519471071367","","2026-09-04T21:18:53.000Z"
"froger","0xc5CE900CAcEc0098BbA3ed8C20132F4C8eE4b2D0","https://x.com/Froger/status/2095920189007861092","","2026-09-04T21:18:06.000Z"
"fromstar","0x313dE168d9519d463D200b7Cc45da94Ec34B1b4A","https://x.com/fromstar/status/2095710867462757972","","2026-09-04T21:14:44.000Z"
"frost_atlas","0xE490c2f9BAA79c7D91585b24aFab8A58210C8f5A","https://x.com/frost_atlas/status/2095435800333522044","","2026-09-04T21:18:56.000Z"
"frost_dean","0x5928f37D420a33Fc2D343FD5c5c9359E8A30E659","https://x.com/frost_dean/status/2095067726007543106","","2026-09-04T21:14:47.000Z"
"frost_ivan","0x179726f8B1652dA0DE289036700821B560c60E0D","https://x.com/frost_ivan/status/2095173115935036673","","2026-09-04T21:14:41.000Z"
"frostbloom","0x258B0C3FB694e43360879E56f2Cc170A0fffFC00","https://x.com/frostbloom/status/2095844397456077409","","2026-09-04T21:14:48.000Z"
"frostember","0xE56a2d5C3c3f739A9b21209313a73f507596C351","https://x.com/frostember/status/2094903319039615445","","2026-09-04T21:16:32.000Z"
"frosti1","0x3d4ce826F73D05Ed051B8a6ddB052a98C860DDA6","https://x.com/Frosti1/status/2095581605878792513","","2026-09-04T21:17:55.000Z"
"frostlion","0xbC25B719ca8150EB2Dc99377710Fd7c7166Ce6ee","https://x.com/frostlion/status/2095688755401505774","","2026-09-04T21:15:59.000Z"
"frostua","0x23c7F8d3704C512b095710499E43B771140985f8","https://x.com/Frostua/status/2095770111257229112","","2026-09-04T21:15:59.000Z"
"frot","0xdea32Ee932c97699a454a247F21a3D00b838917b","https://x.com/frot/status/2095697784414343080","","2026-09-04T21:19:46.000Z"
"frozen_star","0x54635CCE7398c71136541FAC375671Ac88c53E9b","https://x.com/frozen_star/status/2095165278317063168","","2026-09-04T21:17:09.000Z"
"frozenowl","0xE3eBE4CcDe27AcdE48725C0C08F1B9Eb7DBDE1e6","https://x.com/frozenowl/status/2095655994392630880","","2026-09-04T21:16:22.000Z"
"frozenpirate","0x7b2E7532ce62394bd59bD634f6332F04E2aeD7c8","https://x.com/frozenpirate/status/2095275501358139683","","2026-09-04T21:16:41.000Z"
"frozenstar","0x6B52e7135AeFE42b349112337D25D7445f4Ccbcc","https://x.com/frozenstar/status/2095529143848571499","","2026-09-04T21:15:10.000Z"
"frozentide","0x9B3818044C5BA8E1c77f9Bf84f97d80768d5Bc4b","https://x.com/frozentide/status/2095915604139606025","","2026-09-04T21:20:35.000Z"
"frozentiger","0xcF07A861e50D247495dDEe5C6ebCE9997F8e4F02","https://x.com/frozentiger/status/2095566975732885068","","2026-09-04T21:18:58.000Z"
"frozenvortex","0x3067302ab3d956883435E5Cb14927687946fD775","https://x.com/frozenvortex/status/2095948127739804393","","2026-09-04T21:20:31.000Z"
"frzyyensei","0x101bd6C21a7c6D0B6Cf5151b2d417ef89d1c325A","https://x.com/i/status/2095906342099947932","323","2026-09-04T16:09:57.000Z"
"fsfas","0x19b163A62539200d018288d808C2b5FB5f45ff56","https://x.com/fsfas/status/2095892876588801224","","2026-09-04T21:14:57.000Z"
"fumola98xyz","0x14995DA1314D346858DD6Ba71EaBbe9d690Bda86","https://x.com/Haunting_Hoods/status/2095880792765497711?s=20","370","2026-09-04T17:20:13.000Z"
"fungie","0x740154E357D88FB0F24e8FcA39e4A0F0608E70ba","https://x.com/fungie/status/2095681225422787554","","2026-09-04T21:20:28.000Z"
"funkerman","0x3c0adB47AFF5cAaa0F8F97674D5C47640Dc63791","https://x.com/Funkerman/status/2095030565955895829","","2026-09-04T21:16:10.000Z"
"furick94","0xAd74D46d81a1b4f12C78FF0144AdB1792D89FA06","https://x.com/furick94/status/2095104287663176604","","2026-09-04T21:17:46.000Z"
"furkaggn","0xcE98E5Fb938feeb8C63b6c5CB79a54a9a7BEd2Fe","https://x.com/furkaggn/status/2095321090424801701","","2026-09-04T21:04:55.000Z"
"future60","0xF5e5afa43725ea7d8dF5D647d1B6131669573e8b","https://x.com/Future60/status/2095908074598398241","","2026-09-04T21:16:57.000Z"
"fuyun","0xf7534cb8BD3Efad3024C832258bEEE87C7fCb737","https://x.com/fuyun/status/2095544304309468606","","2026-09-04T21:17:30.000Z"
"fwhilliam4510","0xd5Cb05aDB5AD54d3aa55fFdF261b824fB234Ab98","https://x.com/FWhilliam4510/status/2094906146189991589","","2026-09-04T21:17:16.000Z"
"fwrf","0x42B433AAA898a1479f238E42849936c364a3C499","https://x.com/fwrf/status/2095457402697155579","","2026-09-04T21:15:14.000Z"
"fypdrop","0x2b7D6f15e85BdE536698134ECc3B0a6Ec8dD73f1","https://x.com/FYPDrop/status/2095884997513912657","","2026-09-04T21:19:33.000Z"
"fznkhnx","0x382515f219b66d2c79fbcb0dfe48773b84c61ed7","https://x.com/fznkhnx/status/2095989582630469656","462","2026-09-04T21:37:45.000Z"
"fredcity12","0xdfde7943ab3ec304161153466df0f6efd203b5ba","https://x.com/fredcity12/status/2095861916727951855?s=20","215","2026-09-04T13:10:21.000Z"
"Ron521520","0xfec116a51464f93f41e20a9067d7e397a466765f","https://x.com/Ron521520/status/2095795190384722296?s=20","74","2026-09-04T08:45:14.000Z"
"JuanSullivaqba","0x18fe32Fb7d720bCBC47C606B4ceF2920e9bA56Ce","https://x.com/JuanSullivaqba/status/2094945246939971585","","2026-09-04T08:58:55.000Z"
"sjcryptox","0x88ad914Cfc4A77D9daf3F067BA8cfe92C16541F5","https://x.com/sjcryptox/status/2095720713403658326","32","2026-09-04T03:50:40.000Z"
"Suhewrej","0x8b8e08e6558650c0ff5459b8f12d8cbc4602e59a","https://x.com/Suhewrej/status/2095748807531344025","54","2026-09-04T05:41:05.000Z"
"ga001","0x76f0F976bEf9afD60dc6Ce45827b355B7861c720","https://x.com/Ga001/status/2095601741941814054","","2026-09-04T21:20:32.000Z"
"gabriellsave","0xf31b5938784aAC0835E6a489029c35e4303a525e","https://x.com/gabriellsave/status/2095966283951785693","","2026-09-04T21:14:20.000Z"
"gajago","0x2b89021c75C5F917d3015a8180F6419FE56Cdc3E","https://x.com/gajago/status/2095873324066270499","","2026-09-04T21:21:00.000Z"
"galex82","0xee69E5CfC4d3B72964F821029b1ACCfd12273491","https://x.com/galex82/status/2095812428167417223","","2026-09-04T21:15:46.000Z"
"galxe","0x2B143887dd2cA90e6d58ADd492B2C11b1b37A14B","https://x.com/Galxe/status/2095004531860319349","","2026-09-04T21:19:29.000Z"
"galzra","0x34eF4C7Ebde4E7ef05382Fe0CC5CcFEafb854efF","https://x.com/galzra/status/2095906296416334544","","2026-09-04T21:18:08.000Z"
"gambitz","0x22b7fbBFc5Cd7D23FD9D6C16E17Ae02A169912BC","https://x.com/gambitz/status/2095924703792450984","","2026-09-04T21:20:52.000Z"
"gamersgepe88618","0x8875490eef961881aecc8bba4eed0873213c31c7","https://x.com/GamersGepe88618/status/2095991470549553424","465","2026-09-04T21:46:36.000Z"
"ganeshman","0x77725aD27Ed42E4eA60bA72646921eF2cff81B3D","https://x.com/GaneshMan/status/2095418453840542436","","2026-09-04T21:15:03.000Z"
"gangadhar","0x04Ffa5fC76CD46547E67dfD920dC62106d499A77","https://x.com/Gangadhar/status/2095666500073751607","","2026-09-04T21:15:28.000Z"
"gangbi","0x0aF3dB3ea618Cd122b1EA080c91641ebf7D37bE6","https://x.com/gangbi/status/2095296277010095425","","2026-09-04T21:19:36.000Z"
"gao666","0x0932A4D7F4cbf8050558CF58375442D10d122Bc3","https://x.com/gao666/status/2095828021538798684","","2026-09-04T21:15:28.000Z"
"garapanad","0xF37A08466a7e8ed13830F9BD653FFF33Bb2d73C9","https://x.com/garapanAD/status/2095941126104793169","397","2026-09-04T18:25:22.000Z"
"garapet","0xB2Ea7Aa149d5a792172919d9FCFbE5F3E7EfD7f3","https://x.com/Garapet/status/2095328948361985078","","2026-09-04T21:21:19.000Z"
"garganel18","0x28DB86486f024c2A6d616c92A2618C58E40195a3","https://x.com/garganel18/status/2095317721412937726","","2026-09-04T21:20:51.000Z"
"garik100","0x757762237E40dC6A9dAf08063608D55Df6e1CB40","https://x.com/garik100/status/2094994371010569950","","2026-09-04T21:14:37.000Z"
"gariknft","0x8Ba3B965c16e898a0da436bC6579F617411B7644","https://x.com/gariknft/status/2095626333679500085","","2026-09-04T21:18:14.000Z"
"garlo","0x9464DEDC422F9249C2Eb828941E75d9d2571dEb6","https://x.com/garlo/status/2095889689107936258","","2026-09-04T21:14:02.000Z"
"garmek","0xd3BE671E21199bA805185eeFf55DEdFf9792DC0e","https://x.com/GARMEK/status/2095426004691513917","","2026-09-04T21:19:25.000Z"
"garryd98","0x98e8d9293B41B4150E5D66E81Aa9A4477E380F9f","https://x.com/Garryd98/status/2095601897568340299","","2026-09-04T21:21:39.000Z"
"gaskeunbrody","0x2cA726249203a4F615A6DfFD877850b216D758F9","https://x.com/Gaskeunbrody/status/2095784944157801017","","2026-09-04T21:20:19.000Z"
"gasuyte","0xbB228ab5cF75103d7F3AFb34614298c1A3361C8b","https://x.com/gasuyte/status/2095836303444386282","","2026-09-04T21:19:02.000Z"
"gatay","0x028c8A07F0BED804E05926D0d639F219b43c9f8f","https://x.com/gatay/status/2095223021423740578","","2026-09-04T21:16:38.000Z"
"gatto_526","0x0636B47164ea3099C6FC39c52A3f4b7B7Ecaa03B","https://x.com/haunting_hoods/status/2095880792765497711?s=46&t=RGXCMZFT3AU4FY5xyo0e5g","481","2026-09-04T22:46:04.000Z"
"gautamgg","0xb9D39Ea453ADE7774B9c4e6C766f5865bDeD1DFc","https://x.com/gautamgg/status/2095443229809576972","","2026-09-04T21:14:35.000Z"
"gautamguptagg","0xE6c734BF045d066D01E3FD1d2188BAFd1FcA8906","https://x.com/gautamguptagg/status/2095365905013991224","","2026-09-04T21:16:38.000Z"
"gavin","0x69b8E788EB5c36047939c4b002BA6f46f9c57895","https://x.com/gavin/status/2095863260535214849","","2026-09-04T21:18:04.000Z"
"gaydaychikk","0x6b2dAbe114D2E585931F9396E15Fea41724F1A94","https://x.com/gaydaychikk/status/2095677360771812848","","2026-09-04T21:17:50.000Z"
"gazeregalia","0x111678f42e1D8Ef4CED14f204C46030F87F50fc6","https://x.com/gazeregalia/status/2095730398659591748","","2026-09-04T21:15:39.000Z"
"AfsanaSk7","0x295a9DE9795Bd5ad0C29F5E0619Ed1C0302Bbd4E","https://x.com/AfsanaSk7/status/2095855723905515640?s=20","201","2026-09-04T12:46:14.000Z"
"gdream","0xF316B461f782AB2ca8bb258e9202a90F44F8C907","https://x.com/GDream/status/2095136333055052413","","2026-09-04T21:21:28.000Z"
"gdsfghg","0x6ed56E20038E822237D222E189a87015680713E1","https://x.com/gdsfghg/status/2095450102097735997","","2026-09-04T21:20:58.000Z"
"gdvdf","0x8431EFa836Be2c9d67A05A520A45938D5164dA6B","https://x.com/gdvdf/status/2094922271520574437","","2026-09-04T21:20:30.000Z"
"gekkon","0x6D0D00687E3C1E144Ca30bbb71D88Eb5C47175c0","https://x.com/Gekkon/status/2095387873012466702","","2026-09-04T21:20:07.000Z"
"gelio","0x5dca93388f9c70a9B838D1eb8A2645cCD88c7CdD","https://x.com/gelio/status/2095051893016777432","","2026-09-04T21:20:31.000Z"
"gemchip","0x147813CFe5050BF11C8c3419c14B25c78f1Cfd70","https://x.com/gemchip/status/2095792149882986679","","2026-09-04T21:17:40.000Z"
"gemcii26","0xDb8330Bd028a3F4b331A4FE942fd9561f60605D6","https://x.com/Gemcii26/status/2095419477230714443","","2026-09-04T21:15:07.000Z"
"gencay","0x0dFe476B2f0e12c3Eb1c9264747E320d8CB2f4FF","https://x.com/gencay/status/2095106097989745189","","2026-09-04T21:19:13.000Z"
"genzz","0xAc2BF4BfA806df87123f7274aC532AA1885AAcE9","https://x.com/GenZz/status/2095944613804486980","","2026-09-04T21:19:43.000Z"
"geogio","0xbbd394FA19E140c5a33d47eB5ecdaC294512c898","https://x.com/Geogio/status/2095734097973500259","","2026-09-04T21:14:47.000Z"
"geonix","0x074C51f15013256B3E895B1B2A27469E98F8C4a1","https://x.com/Geonix/status/2095220042169314514","","2026-09-04T21:18:17.000Z"
"georgeo","0x553bFd56327625D7a018cdcc17b499E334846414","https://x.com/GeorgeO/status/2094951803089013096","","2026-09-04T21:17:43.000Z"
"georgeokola1","0x70743962fe7BAfD8D3109E6060D9E5042530173E","https://x.com/Georgeokola1/status/2095345026060121685","","2026-09-04T21:14:05.000Z"
"gewelyn","0x8415253731B48D8E65aFd23600161a9C4992FC02","https://x.com/gewelyn/status/2095503872024868217","","2026-09-04T21:16:38.000Z"
"gezhi","0x22825DFEa8b1FE09877E5f25a6925978a2a1435e","https://x.com/gezhi/status/2095072209155935082","","2026-09-04T21:14:31.000Z"
"gfdchh","0x4A8F1F1b8E344576edCe07C04Dd94e620925eDcf","https://x.com/gfdchh/status/2095227279933093510","","2026-09-04T21:14:29.000Z"
"gff839803","0xb1f0fccc4680cc727420b9c2d82a25b8d2ba2cca","https://x.com/gff839803/status/2095896918555873519","300","2026-09-04T15:30:20.000Z"
"gg6688","0xdbf6Cd6Db4fFF903Bf8Ed6A504203e6232aD94B4","https://x.com/gg6688/status/2095870956823134038","","2026-09-04T21:16:39.000Z"
"ggg112","0xf29Ec1dE3BF41c73E5dCc39895ef63231CB56631","https://x.com/ggg112/status/2095213824550688286","","2026-09-04T21:18:27.000Z"
"ghassemikiarash","0xfEf89dc831B7E12827Bc19377F3F7B7eA398dE9D","https://x.com/GhassemiKiarash/status/2095781144168090788","","2026-09-04T21:20:54.000Z"
"gheet123","0x9983BE9007E083532730abcDacE804Da3a599e63","https://x.com/gheet123/status/2095127797323205833","","2026-09-04T21:18:04.000Z"
"ghost_max","0xeeeC21ba78C3679e9E85e0C912aA7Ec33158D343","https://x.com/ghost_max/status/2095362757233274203","","2026-09-04T21:19:12.000Z"
"ghostcrypto","0xB9E233bBc8dCfF3F1863b61DAceB80BB65551EC7","https://x.com/GHOSTCRYPTO/status/2095583508029664349","","2026-09-04T21:19:38.000Z"
"ghxliii","0x2e89Fe06190EAc4d0EaC8A4d81722e23E8250E70","https://x.com/ghxliii/status/2095914009622958320?s=46","343","2026-09-04T16:37:48.000Z"
"giacob","0xa33eD4Bff5ad0e13025f3fD6733332bfF428F1C5","https://x.com/Giacob/status/2095081791479249271","","2026-09-04T21:14:18.000Z"
"giang1612","0xc436611FE5a915A600A33f06e3547916F3c0f00E","https://x.com/giang1612/status/2095610043393289896","","2026-09-04T21:14:14.000Z"
"giangtranmd","0x6831E5838f1dca19347967c14803Be8F3485CCdE","https://x.com/giangtranmd/status/2095471833687646523","","2026-09-04T21:21:15.000Z"
"giantzec","0x791fE8BA76467fE25486b4e682Ed9D92e50595FD","https://x.com/GiantZEC/status/2095130838195130047","","2026-09-04T21:19:23.000Z"
"gigabyte88","0xEB09ECFd477D901D9312C36fA1292F61EebaC8B5","https://x.com/gigabyte88/status/2095799445480433819","","2026-09-04T21:16:09.000Z"
"gigantic","0x08A52EE9D96a73CB0Db45837c368d4cd8C0d76F9","https://x.com/GIGANTIC/status/2095199578980026537","","2026-09-04T21:19:10.000Z"
"gilded_falcon","0x4655Ae75ce8cD9Aa9a03a4D9D1CA901FaD30cCD3","https://x.com/gilded_falcon/status/2095314755185986300","","2026-09-04T21:14:57.000Z"
"gildedblade","0xE29D116d7fDDCB4A4A5E96AdE62C5E600F5B5ABE","https://x.com/gildedblade/status/2095725137513700992","","2026-09-04T21:20:04.000Z"
"gildeddusk","0x391022e7e589868923c159552434FE7dcCA7eB04","https://x.com/gildeddusk/status/2095860164217922665","","2026-09-04T21:20:18.000Z"
"gildedfox","0xa59784dAFE3eA0CE95Cc114CA38A597eaF8454fC","https://x.com/gildedfox/status/2095363440325025041","","2026-09-04T21:20:48.000Z"
"gildedghost","0xcA1Fb919EA8D901B7A76eb0e7c0Df34A785Dd30e","https://x.com/gildedghost/status/2095525288647337326","","2026-09-04T21:18:16.000Z"
"gildedlion","0x0334F1C4755f7B5ACf35f9D5d061717f6EF62efB","https://x.com/gildedlion/status/2095701115400923988","","2026-09-04T21:19:16.000Z"
"gildedrune","0x10dB8e3f5397c8FCbD6041440762426cc1d5a39f","https://x.com/gildedrune/status/2095724356907948166","","2026-09-04T21:16:37.000Z"
"gildedseer","0xCA70110F052cb42Db8a2491e04C945d05334Da76","https://x.com/gildedseer/status/2095060085934625412","","2026-09-04T21:18:42.000Z"
"gildedstorm","0xEF75c9de56a2beCa8CaA7CC1D13c5F3Bb29aEDAa","https://x.com/gildedstorm/status/2095954589574406810","","2026-09-04T21:15:50.000Z"
"gildedtiger","0x27863e61f679595283Ff3Bd7F9465f38bBd7Ee2d","https://x.com/gildedtiger/status/2095645285709791877","","2026-09-04T21:16:45.000Z"
"gildedvault","0x00442750DbF613ac5A8124eb6377C3f9a72f2FFE","https://x.com/gildedvault/status/2095942869615504269","","2026-09-04T21:21:24.000Z"
"giod","0xF425ce9EbeA3Ff76a609e4FBd537b101bf577683","https://x.com/GioD/status/2095647318477778865","","2026-09-04T21:15:50.000Z"
"giova","0xC03fA75e50dC5eb01197F686e6ED4E183Dc19F9B","https://x.com/Giova/status/2095234847251226526","","2026-09-04T21:17:48.000Z"
"giriii","0xb4595Baa97BEc83F1d744E3c5fa9B6C04d64Ba70","https://x.com/giriii/status/2095946306776283947","","2026-09-04T21:20:17.000Z"
"gisellanakame","0x8e7c4e09eede74b5c2b4a367b6ecf0e86534d353","https://x.com/GisellaNakame/status/1476175859471974400","574","2026-09-05T05:43:20.000Z"
"giselulu","0xc24D417d202E94E8de073eB461C55c22cae78cc5","https://x.com/Giselulu/status/2095786071417663579","","2026-09-04T21:19:52.000Z"
"giuliamelissa","0x18d2506A14186aB5bEbB6ba614d08953fdba44e0","https://x.com/GiuliaMelissa/status/2095793086700114081","","2026-09-04T21:17:01.000Z"
"giulianonft","0xA3Db5873Fe8e13f95BD3C50D6D413477857eFa43","https://x.com/giulianonft/status/2094988792835400508","","2026-09-04T21:17:59.000Z"
"giveno","0xb5D3C7A31d782aD29253Bf266B71AE60b93876b2","https://x.com/Giveno/status/2095023356745863824","","2026-09-04T21:17:11.000Z"
"giveno_nft","0xB4a9b9b4Fc50cC9E1E42BC1bA766dE3D2196A6c9","https://x.com/Giveno_Nft/status/2095231300467399286","","2026-09-04T21:17:12.000Z"
"gjl588","0xEdD056fd21f2eEc304645C163d4B9802c51B3065","https://x.com/GJL588/status/2095903832134478893","","2026-09-04T21:20:48.000Z"
"Berry9_6","0xaed29cf65a62b9dc911a8f62b353b521cc733cfb","https://x.com/Berry9_6/status/2095855998045159438","204","2026-09-04T12:49:51.000Z"
"gkhnylcn","0xdc167bc413ab61d36c747E02829E1ea0FCe2F6bB","https://x.com/gkhnylcn/status/2095505244974070818","","2026-09-04T21:18:53.000Z"
"glass_eclipse","0x3f90ADBED5d66311C9f57CE19103674396e1092d","https://x.com/glass_eclipse/status/2095176752464616745","","2026-09-04T21:16:39.000Z"
"glassbard","0x2e52d0035a26498D748Da0B59ED66c0212D2d966","https://x.com/glassbard/status/2094907040439019001","","2026-09-04T21:21:06.000Z"
"glassfrost","0x2c46f111761f5909dAb05936f15b39E56D98d414","https://x.com/glassfrost/status/2094953018469011977","","2026-09-04T21:16:04.000Z"
"glassmage","0x5c83CB18A666ee8B8f56a7dC39489EA514a92F00","https://x.com/glassmage/status/2095123073322648172","","2026-09-04T21:15:10.000Z"
"glasstiger","0xB676ecAe6B05E74eC5DeC3715599f4f3CbeaD637","https://x.com/glasstiger/status/2095704354733907467","","2026-09-04T21:20:01.000Z"
"glasswolf","0xB85baf971745fa6d2c8314CE4F14f2FfAa6B0583","https://x.com/glasswolf/status/2095496870636814705","","2026-09-04T21:17:53.000Z"
"glavine","0x87F483F49798616e9dFD59F857D1e102d7FDA0fB","https://x.com/glavine/status/2095193265704130730","","2026-09-04T21:20:54.000Z"
"glenojo171036","0x59B65db6FA6F9bde084292DF14798B96aDb9Dd43","https://x.com/glenojo171036/status/2095477874980318859","","2026-09-04T21:16:50.000Z"
"glik","0x9f02488ac8364ec34DE9A175Af610A3D90fd8c2b","https://x.com/glik/status/2095190833328381863","","2026-09-04T21:17:45.000Z"
"glupikron","0xCD926B430b73876a0C5cB9401283873ED2DD5102","https://x.com/Glupikron/status/2095458943657816108","","2026-09-04T21:14:30.000Z"
"gmmipl","0xde6b8892365e0b3a0644de70ed24042c3d92475c","https://x.com/GMMIPL/status/2095943710718476336","407","2026-09-04T18:35:37.000Z"
"gnhmk","0x228470ab91F5c43b792E24d97c90c197774a6c21","https://x.com/gnhmk/status/2095758951791222260","","2026-09-04T21:18:29.000Z"
"goalgoal","0xc5A9643500E63C04823054132bf462b1058D76f4","https://x.com/goalgoal/status/2095314412665363092","","2026-09-04T21:17:40.000Z"
"goat5551","0x3b02812F1475C89B76918CB3587d91561ac54819","https://x.com/goat5551/status/2095781656346968315","","2026-09-04T21:21:16.000Z"
"gobio4gobio","0xA6D1d97d73166308da0508404F02019D2c7DeF14","https://x.com/gobio4gobio/status/2095960758489820176","","2026-09-04T21:15:49.000Z"
"jeanne92oh2","0x61c631392e76260E4285Cb21d0DF9b26340d1bAa","https://x.com/jeanne92oh2/status/2092793848680939521","","2026-09-04T08:58:15.000Z"
"godbim","0xa625674d17E65eD012427a58fA6A60DaD77cB92b","https://x.com/GodBim/status/2095899169408086189","306","2026-09-04T15:38:36.000Z"
"godfire","0x5C826945A1deb3318D4C631ac21Eab256C83B992","https://x.com/GodFire/status/2095012591945006101","","2026-09-04T21:16:08.000Z"
"godjess","0x0D55638769382aA9567965678b73e782683E6582","https://x.com/godjess/status/2095613645791638371","","2026-09-04T21:20:11.000Z"
"godzinski","0x21b768DaFfC024523fbFe0E5A76e221Db41cE22C","https://x.com/Godzinski/status/2095068134866268855","","2026-09-04T21:16:12.000Z"
"goemondx","0x0E6A76ceA0B9a8C55B622FE0d7Aa8d1Da1B8262B","https://x.com/GoemonDX/status/2095711350903021724","","2026-09-04T21:17:54.000Z"
"goetiachain","0xe862905E4459C7405DA013881E0953D3E3A3C1D1","https://x.com/GoetiaChain/status/2095842844337586000","","2026-09-04T21:15:04.000Z"
"gogoyuya","0x94C9b6fA6830A966925B89A705a694c9094e17C5","https://x.com/gogoyuya/status/2095453938415116418","","2026-09-04T21:14:30.000Z"
"gogu1234","0x4DFb0BE02b4F5c46A725DABedE99ce235dEbB45f","https://x.com/Gogu1234/status/2095684287849508951","","2026-09-04T21:15:37.000Z"
"gold_knight","0x1BFb1df555A6da9A274B79452c216659cB0a9dD0","https://x.com/gold_knight/status/2095092545840158600","","2026-09-04T21:17:49.000Z"
"gold_mage","0xF8EFFeC5599C3972850CE09ef6bE97ff4C23c7A0","https://x.com/gold_mage/status/2095174356449786580","","2026-09-04T21:20:16.000Z"
"gold_mist","0x24D41e1Df7Fbaf967f8146F20f0214130980B0E6","https://x.com/gold_mist/status/2095341040879995876","","2026-09-04T21:16:02.000Z"
"gold_rune","0x14138DA22c23CfF3124398844DEb725BbD0f8300","https://x.com/gold_rune/status/2095017539025447408","","2026-09-04T21:19:09.000Z"
"goldcat","0xe8b7F62F2f645F44f0e8d103bFe9a575368a3437","https://x.com/goldcat/status/2095949506712605687","","2026-09-04T21:18:29.000Z"
"golddog","0x6fD92940c9Cb0Dfd736747d8BBd81c90a4b359c5","https://x.com/golddog/status/2095235993197614625","","2026-09-04T21:21:17.000Z"
"golden_monk","0x910401f43dB061a7f3de9Ed9f053BB60045d3f1E","https://x.com/golden_monk/status/2095771532579668875","","2026-09-04T21:15:59.000Z"
"golden_moon","0x9F5F4F61E776464A8823A1bEE0Ec438C723B4060","https://x.com/golden_moon/status/2095612041510409450","","2026-09-04T21:17:12.000Z"
"golden_pirate","0xB702329D7b7449A4273e5c033761764A9De9dc4c","https://x.com/golden_pirate/status/2095943431485421101","","2026-09-04T21:14:21.000Z"
"goldenbard","0x716522FA1a52cA339f33d795Bb02aaB3413C02F6","https://x.com/goldenbard/status/2095768987283644853","","2026-09-04T21:18:51.000Z"
"goldendob","0x3bd1E95FDB4ba4233871cE777D2cc5D5B296b374","https://x.com/goldendob/status/2095575108703011426","","2026-09-04T21:15:10.000Z"
"goldenglory","0x6f3B5Bd6d5c174F25E7Ae9549A798FE5F23bC008","https://x.com/GoldenGlory/status/2095840102484199145","","2026-09-04T21:16:54.000Z"
"goldenphoenix","0x95d6D8D1524A7977a5EEa6A406f9809cEe3da67D","https://x.com/goldenphoenix/status/2095451585064249944","","2026-09-04T21:14:05.000Z"
"goldenrelic","0x32998AADFCc8636bF1613BE8010AD1155aA48E51","https://x.com/goldenrelic/status/2095577169289044305","","2026-09-04T21:17:41.000Z"
"goldenrune","0xBbF0bfb646D173E72a553300DEFaF7a8656A3158","https://x.com/goldenrune/status/2095802613900303848","","2026-09-04T21:21:11.000Z"
"goldenwarden","0xb0dD1262F5aD357E8B7CD50A1E8B1aE5f7d3fD39","https://x.com/goldenwarden/status/2095364979681506201","","2026-09-04T21:17:14.000Z"
"goldfish9k","0x3eA748C45c10A648c7c7BDe052a982E4235eB8C5","https://x.com/Goldfish9k/status/2095900670145826116","","2026-09-04T21:14:07.000Z"
"goldhare","0xdCB582333d12C5e7F91cb918B4fB2B4263Dc59ba","https://x.com/goldhare/status/2095008685066534909","","2026-09-04T21:16:53.000Z"
"goldhawk","0xE918D862F5A07149fF7e485c4B4E90f7E59A7891","https://x.com/goldhawk/status/2095543722402918515","","2026-09-04T21:17:31.000Z"
"goldibis","0xb1dD629081eF683791ff76E25704b663e41B3E9C","https://x.com/goldibis/status/2095944107995516051","","2026-09-04T21:20:45.000Z"
"goldmole","0x59b6d2F451F406BE6f7a5B85d1DADCC0CA7fB01b","https://x.com/goldmole/status/2094932840626472323","","2026-09-04T21:20:39.000Z"
"goldmoth","0x3D8ca072aace84574BA77d376949f7e32875200a","https://x.com/goldmoth/status/2095477865020179033","","2026-09-04T21:19:08.000Z"
"goldragon","0x3d8F7fe067D99D561c33b0526772e6539C05b062","https://x.com/Goldragon/status/2095888003179876044","","2026-09-04T21:16:55.000Z"
"gomblo","0xE1b1E29559f5b03393EDa81448139bCC2C723870","https://x.com/Gomblo/status/2095591776398654650","","2026-09-04T21:16:22.000Z"
"gongxiaomi","0x260204283F279859Da33369530F0F5B20B3E2C4A","https://x.com/GongXiaoMi/status/2095442051124154534","","2026-09-04T21:15:41.000Z"
"gonshik","0x3175bb2B45B157D60d593E32F2ccD78f6919A90e","https://x.com/gonshik/status/2095490804600655294","","2026-09-04T21:18:00.000Z"
"gopal365","0xdd1aDc6e2CA5b2EeaD0BF784A7b0cd957e7Ea51c","https://x.com/Gopal365/status/2095009242933685242","","2026-09-04T21:21:37.000Z"
"gordienko","0xFb89F4417a7ed0371bE2Cf10408d921D693732A6","https://x.com/Gordienko/status/2095545070404838860","","2026-09-04T21:19:55.000Z"
"gorilla","0x3d512d213a1e55e89A9E250C23c1943bA4b32A87","https://x.com/Gorilla/status/2095575986276567320","","2026-09-04T21:20:44.000Z"
"gotrex","0x107551866E68D1eA36003C4de6Ba364ff696cE4f","https://x.com/Gotrex/status/2095847648893835951","","2026-09-04T21:18:05.000Z"
"goubi","0xa42ba638207944eD7D92D9232cD375b3bf1a80e6","https://x.com/goubi/status/2095731809696332725","","2026-09-04T21:19:57.000Z"
"gouzi123456","0x99db175a52C7e880B5017E0293a44b717667a1a8","https://x.com/gouzi123456/status/2094902792847382852","","2026-09-04T21:21:15.000Z"
"govind2503","0xe2100c4f6fc5f49cF0CF7b8a127A53810F6Aed4A","https://x.com/Govind2503/status/2095550970805860837","","2026-09-04T21:15:31.000Z"
"goxel","0x51C333318672036b8f026238C4495eF5AA0752D2","https://x.com/Goxel/status/2095118105918787427","","2026-09-04T21:14:31.000Z"
"graby","0x516052967Ceb5609fDcC2Fda4AF77F596FA5c6fD","https://x.com/graby/status/2095151964617474336","","2026-09-04T21:19:14.000Z"
"grandevan","0x35B88752f1a8c052A5397da27705175c258fb113","https://x.com/GrandEvan/status/2095690469372522008","","2026-09-04T21:21:39.000Z"
"granlund","0x5e6c07657b88624E302B0d0021D2aeb48c99cdab","https://x.com/Granlund/status/2094966801319972377","","2026-09-04T21:17:33.000Z"
"graysuit","0xCEdE8672818824a94C12811C4f7F0bC49E6B0104","https://x.com/Graysuit/status/2095091804265063259","","2026-09-04T21:17:23.000Z"
"greygo","0x7E9E55393a888C6C596b8D81383f859710bd03DC","https://x.com/greygo/status/2094924539729314671","","2026-09-04T21:21:09.000Z"
"grigorij","0x383b0de7d4F7FD7E657cac346cF44c983a2308fb","https://x.com/grigorij/status/2095214912317071391","","2026-09-04T21:16:55.000Z"
"grillgate","0xe6cE7C99247b057f933175765f11de90152690A2","https://x.com/Grillgate/status/2095369375775253559","","2026-09-04T21:18:29.000Z"
"grim_nomad","0xa25594E2D8Bb6a57B0226814049B9eed7a60B57A","https://x.com/grim_nomad/status/2095105406969352760","","2026-09-04T21:17:12.000Z"
"grim_prophet","0x2C5Bfe6F8294aBCC10E2852CC6ed852ACBc65f07","https://x.com/grim_prophet/status/2094922118906050961","","2026-09-04T21:16:25.000Z"
"grimbear","0xE1D68024986946aB86c801a3Fb77AA410CCF6057","https://x.com/grimbear/status/2095291639032092041","","2026-09-04T21:18:47.000Z"
"grimoracle","0xCB0fC3723E254819157611c952396A1F3beF0877","https://x.com/grimoracle/status/2095113096703086123","","2026-09-04T21:16:47.000Z"
"grimprophet","0xB5610C03DC088912fe0c840B9F836e6C377d6D08","https://x.com/grimprophet/status/2095780797624956987","","2026-09-04T21:17:51.000Z"
"grimvault","0x0B7c659dEe724fA533295Bf6890E35191e91D2a7","https://x.com/grimvault/status/2095453906578990534","","2026-09-04T21:21:15.000Z"
"s7h7ex23","0xBF36CB1A56DB16E08642AF1f36e59D1E880D2734","","19","2026-09-01T00:38:40.000Z"
"guanhu","0x9E873C267B9383C945C009D3768fC9f418a1DfC5","https://x.com/guanhu/status/2095084191681211400","","2026-09-04T21:19:59.000Z"
"guerilla","0xbc26eb82DcBc652014C6d10DC5A85104570C85E5","https://x.com/Guerilla/status/2095754649498511833","","2026-09-04T21:16:16.000Z"
"gugubird","0x23bB617d9C172448E76e4A8CaDe9B3019b8d561E","https://x.com/GuGuBird/status/2095156466553683454","","2026-09-04T21:14:52.000Z"
"gunonas","0x5ca68f952a47ecfeb693fba00069c008d09d6e04","https://x.com/GunonaS/status/1476213388745138180","598","2026-09-05T05:59:00.000Z"
"guntur04","0x5F32fFb1Aadf6cB657283dB44b0d1d46804c2931","https://x.com/guntur04/status/2095500497921051621","","2026-09-04T21:17:05.000Z"
"gura4762","0x46dE63762707E2e537dC3f5525e63DBe2022034e","https://x.com/Gura4762/status/2095579649351306978","","2026-09-04T21:15:32.000Z"
"guratan","0x0ceB40915e73890CD8f2bfdc702512d312C597B2","https://x.com/guratan/status/2095191124397036855","","2026-09-04T21:17:00.000Z"
"gurumeta","0x81322475ebeA38c79A0791e81C4369d74F89BDc3","https://x.com/Gurumeta/status/2095269146093503463","","2026-09-04T21:20:09.000Z"
"sheila36hd2","0x9379e753ABc9b7FE92F3FD2F841B39eC9292E033","https://x.com/sheila36hd2/status/2095011859840106497","","2026-09-04T08:58:26.000Z"
"gyuji","0x7e9B7D567c6506F869cCaef03Eb3F5223f574D1c","https://x.com/GYUJI/status/2095755182623614982","","2026-09-04T21:19:23.000Z"
"gyull_1","0xba86c8ea814f15411cf21088067303f6f4a6a2dc","https://x.com/Haunting_Hoods/status/2095880792765497711?s=20","268","2026-09-04T14:56:07.000Z"
"gyurand92","0x4aad110f563e1d0a5aa33f4b90d2c72bf966181a","https://x.com/gyurand92/status/2095957856290066509?s=20","425","2026-09-04T19:31:53.000Z"
"Farhan928005","0x06c792c9d78A8eed0F7130a83f3adBE0a7B10F25","https://x.com/Farhan928005/status/2095837054835822804?s=20","177","2026-09-04T11:31:35.000Z"
"valerie21ti0","0x36079ead2d47E25A28cc4087e0eEC8F0eB680C55","https://x.com/valerie21ti0/status/2093220553925066753","","2026-09-04T08:58:38.000Z"
"ZenYield","0xbab16a62a849f80c2bbb316ab484ae68daf45cb7","https://x.com/ZenYield/status/2095799333673382238","80","2026-09-04T09:01:41.000Z"
"Khalid87862365","0x84861dE6d8c5caE5D3De3efCda999c11E006D706","https://x.com/Khalid87862365/status/2095836632641634681","176","2026-09-04T11:29:48.000Z"
"Hitesh30556274","0x9be8085381cd85e8c87712950eaf30425881b16a","https://x.com/Hitesh30556274/status/2095742751858200690?s=20","49","2026-09-04T05:16:50.000Z"
"h_a_s_h_i_m","0x2d11Ec21eCe3Af652617b4560bc78e751589e898","https://x.com/H_a_s_h_i_m/status/2095933002505425125?s=20","384","2026-09-04T17:53:11.000Z"
"haanh12092","0x7668Ed048d406bDF66bB580fa11dd569A7283445","https://x.com/haanh12092/status/2095606876485075559","","2026-09-04T21:16:30.000Z"
"hachijyo","0xabb2eE1142fA1D680699d48C02Be97dC71608091","https://x.com/hachijyo/status/2095686016675298616","","2026-09-04T21:14:13.000Z"
"hadgy","0x021721fD53673C34F79862394166BddC061BEB60","https://x.com/hadgy/status/2095609626497444931","","2026-09-04T21:18:59.000Z"
"hadiwibowo12","0x64bC3b194e1E93866F19D349FF55f51c8273164a","https://x.com/hadiwibowo12/status/1","660","1788588461545"
"hadrah","0xe71B183342Cce0E95fE0DB3E2c02a7341F855b1b","https://x.com/hadrah/status/2095508561574356064","","2026-09-04T21:20:39.000Z"
"hafizmusab13","0x5a59E6Ecd7993956a1417b6A14F4b15e0BcF6aaa","https://x.com/HafizMusab13/status/2095978500583014911","449","2026-09-04T20:53:41.000Z"
"haic","0x9404B9479C5B4090611E40d87C1817b0434E41C0","https://x.com/Haic/status/2095197362427470672","","2026-09-04T21:15:12.000Z"
"haineiwushuang","0xBbc52b8192a9D79a887E9DdE5ac29D60Af0312b9","https://x.com/Haineiwushuang/status/2095120618200943139","","2026-09-04T21:14:50.000Z"
"haitac","0x71FFf95dB98a941119ad9F3c8BcB62979e42B1E2","https://x.com/Haitac/status/2095440540496049337","","2026-09-04T21:17:51.000Z"
"hajimohsin","0xe05944f499231db65228717a1A09b394055198CA","https://x.com/hajimohsin/status/2095837401387354740","","2026-09-04T21:20:27.000Z"
"hakka","0x656695fA2BFB439377B8843087d7Ec8a683099C7","https://x.com/hakka/status/2095124019892211531","","2026-09-04T21:20:35.000Z"
"haksokan","0xe6EC89676521E7bb0A04b67D06E50F5C37936EaA","https://x.com/HaksOkan/status/2095552111280445653","","2026-09-04T21:16:24.000Z"
"hakymani","0xc2ffB1368359275F4852bd17c810dC87309d74ce","https://x.com/Hakymani/status/2095634124347314338","","2026-09-04T21:17:28.000Z"
"hamdi","0x66D99249c587Db09392F7571dFEeC3898F626FB0","https://x.com/hamdi/status/2095608814785264052","","2026-09-04T21:18:25.000Z"
"hamed2022","0xF345b516956daA1c129B0a735d917ad0D8bcf531","https://x.com/Hamed2022/status/2095136377430252929","","2026-09-04T21:17:05.000Z"
"hamidsalehi","0x8A32e38436996207CDD6277d5b04C2Da4696Ac23","https://x.com/hamidsalehi/status/2095487242866232370","","2026-09-04T21:15:03.000Z"
"hamidzzz","0xb9fCD9F0d53D3663b7Bd7B6999Cf42BEA8Cd27ca","https://x.com/Hamidzzz/status/2095346931682123787","","2026-09-04T21:20:54.000Z"
"hamperhead","0xDe435FFeF0EB00a43B7a547562393021278de422","https://x.com/hamperhead/status/2095002990171349163","","2026-09-04T21:19:23.000Z"
"hamsaadevsky","0x57dCBA7CE3d3545dd11C6Eb22BCF6Cea3074f502","https://x.com/Hamsaadevsky/status/2095149214474809352","","2026-09-04T21:21:14.000Z"
"hamzaashraf","0xa5FB761182c193005C2F0BfEE696338faccc07b7","https://x.com/HamzaAshraf/status/2095417479983870343","","2026-09-04T21:21:06.000Z"
"hamzah","0xC738Fc4d22eD797Ab60BED492Fe79361bA89BA3c","https://x.com/Hamzah/status/2095648732758113226","","2026-09-04T21:16:33.000Z"
"hanari","0x997ad51c6319B0AA6188F32401Be2d2AFebE1DDa","https://x.com/hanari/status/2095237293521480037","","2026-09-04T21:17:39.000Z"
"handsomeman2022","0xdff19E4fD122849cE49F6459Bb8e1CB088eD3294","https://x.com/HANDSOMEMAN2022/status/2095780675622708139","","2026-09-04T21:19:03.000Z"
"haneefogs","0xA0Ba79a72599D610E630D96DF1e76A79ee80ce19","https://x.com/haneefogs/status/2095432766921521348","","2026-09-04T21:14:38.000Z"
"hangbee","0x7B4c6671e4bd2C660191E9FCDD3B19E489051774","https://x.com/Hangbee/status/2095211038086958361","","2026-09-04T21:15:12.000Z"
"hangduc","0x49A945Fcc19fbaFB5101C2B58D7CdaA81cEFa9b9","https://x.com/HangDuc/status/2095626690243712438","","2026-09-04T21:16:53.000Z"
"hannafie","0xeA4Bb51Be5C8c4d6196655d4c31d0F878FA6358E","https://x.com/Hannafie/status/2095026610258214315","","2026-09-04T21:19:31.000Z"
"hannn","0xF15F87fDDF7cA5bC80E2c3e8d66BBBf3990b4D19","https://x.com/Hannn/status/2094902552184579549","","2026-09-04T21:16:42.000Z"
"hanum33942492","0x2944A57B4832ae50ba3E36026d7b49cC7BEb7a16","https://x.com/hanum33942492/status/2095912924841955683","342","2026-09-04T16:33:50.000Z"
"haotk","0x77cb1Fac65fef570e14F96a0CE3fA26d2ad98E03","https://x.com/HaoTK/status/2095678428747198685","","2026-09-04T21:17:24.000Z"
"happy_rabbit","0xd5Ab1eaF6Fea8A7EBB6f40a241C7393Cc95564C0","https://x.com/happy_rabbit/status/2095879171022055907","","2026-09-04T21:20:26.000Z"
"happysmoke","0xAebb4e2a950943C0c260d53dedC215C29DF68c07","https://x.com/HappySmoke/status/2095243066608426443","","2026-09-04T21:19:10.000Z"
"happyturn","0x0E4fd0EAC83521B2F735f77CA6C975C14bdE57f7","https://x.com/happyturn/status/2095549066035650138","","2026-09-04T21:20:27.000Z"
"haptrust","0x6BA7d49B4774C13F46992E432cD7CF7C296176C3","https://x.com/haptrust/status/2095229926305598249","","2026-09-04T21:20:54.000Z"
"hardholik","0x309BB5FBE293AE857d854EcC17a29f8f30Ea100a","https://x.com/hardholik/status/2095653468160038042","","2026-09-04T21:16:44.000Z"
"hardikraii","0x117ac0673b6d9dc97a1f1a70768dc94346945a8b","https://x.com/hardikraii/status/2095868321061130595?s=20","224","2026-09-04T13:36:00.000Z"
"harish20266","0xCEF5401aa06FC749d2EF913A4a6857E516049628","https://x.com/harish20266/status/2095895991274860974?s=46","298","2026-09-04T15:26:02.000Z"
"harmoniousa","0x6FD90B7794B09B1f228CfDB9e5F2F57fe91348d3","https://x.com/harmoniousa/status/2094996619689112789","","2026-09-04T21:21:01.000Z"
"harold","0x12171f8c4D7C73b6b2E6a7475037b837D1D766e9","https://x.com/HAROLD/status/2095164867823233804","","2026-09-04T21:14:13.000Z"
"haroldbrooks","0x05Fd33e6593CEe51Ada477F228308CbA92d62749","https://x.com/HaroldBrooks/status/2095248867652901086","","2026-09-04T21:18:51.000Z"
"haroonhhh","0x97d43D67041CF449A780A9B384347b7691387142","https://x.com/haroonhhh/status/2095678597946152003","","2026-09-04T21:20:03.000Z"
"harperhughese","0xC1627bD637B081cf4b333BB9717a9d3b59447Fa3","https://x.com/HarperHughese/status/2095196617830777073","","2026-09-04T21:20:50.000Z"
"harsha009","0x6D09E4BB7c70229e7C481Ae2D9C6D1E5f20BB0C1","https://x.com/harsha009/status/2094965848686834233","","2026-09-04T21:21:30.000Z"
"harukimara","0xc69183D90D34934eD7f6ebAb9240eFc14Adf1e21","https://x.com/harukimara/status/2095347379526759676","","2026-09-04T21:16:36.000Z"
"haruo","0xB0c9241C5F26C3579065e9396F8071C2bA1f9D75","https://x.com/haruo/status/2095519918156131180","","2026-09-04T21:14:13.000Z"
"harusame","0x73283cDC053E54098F3AE1420FeAD8FF1aa41104","https://x.com/harusame/status/2095573787555399258","","2026-09-04T21:15:07.000Z"
"haryohargo","0xCc08D1f9fDae4eFD3EC5C3Dc4768ea12F9F24bEf","https://x.com/haryohargo/status/2095155035088371170","","2026-09-04T21:19:01.000Z"
"hasan","0x37ed67D5149E4416e0B5d5468506653B8710e567","https://x.com/hAsAn/status/2094906390180043980","","2026-09-04T21:19:45.000Z"
"hasanmaham34671","0xD05FbCafCFCCf05E0c55c507C6e7A23b966B7D11","https://x.com/HasanMaham34671/status/2095353395976763478","","2026-09-04T21:20:32.000Z"
"hasanmallick","0xeBf96Cf91867374907B0f4eE8e242954266Df4E2","https://x.com/Hasanmallick/status/2095385965227339306","","2026-09-04T21:20:13.000Z"
"haseebyunus","0x5bf1ea900C73e6808Bf10f936c4CA0145E0D0B0C","https://x.com/HaseebYunus/status/2095037735037935899","","2026-09-04T21:16:06.000Z"
"hashemi","0x5EB03b6421f467eD9259864D28d0F2E6803E651D","https://x.com/Hashemi/status/2094943001930770682","","2026-09-04T21:20:50.000Z"
"hashemsatelier","0x9f0b23a50c41632fa8fb21b38430bb4a63ff118f","https://x.com/HashemsAtelier/status/2095219156212717011","","2026-09-04T21:18:42.000Z"
"hasrath","0xA2687Ae735056f495876e9686aA4682C93324C65","https://x.com/Hasrath/status/2095931485880876698","","2026-09-04T21:21:24.000Z"
"hatka","0x77238d09855dBB66b803EC564992CB36D59AE1e1","https://x.com/hatka/status/2095204189171209238","","2026-09-04T21:21:05.000Z"
"haval_f","0xa471F4D362E07Ad93aF491BAdb5F74ad7b9DC63b","https://x.com/Haval_F/status/2095128276124552875","","2026-09-04T21:14:42.000Z"
"havelaw","0xa14bc7a33526F4a79A6D42C1f2114D3776F4EDEe","https://x.com/havelaw/status/2095077078296498813","","2026-09-04T21:16:07.000Z"
"hawas7","0xEd8C564Dc89cf6C557668498D1940926E68De2D6","https://x.com/HAWAS7/status/2095093696366082844","","2026-09-04T21:17:12.000Z"
"hawk_tess","0xb7DFcBB4910f37C5b0616acec190e2799Baf4021","https://x.com/hawk_tess/status/2095850767693626576","","2026-09-04T21:16:49.000Z"
"hawkeclipse","0x12BD80924549551e0B1aE0fb04D0DDD897aE34e8","https://x.com/hawkeclipse/status/2095177938202274830","","2026-09-04T21:16:09.000Z"
"hawkledger","0xd665DEf14fBb0110611e5C2C525ee4bD113751d1","https://x.com/hawkledger/status/2095112692341020002","","2026-09-04T21:14:52.000Z"
"hawkstocks","0x607e44c52CC4c1591F2084DACa18a1CD87bbF184","https://x.com/hawkstocks/status/2095145328016330082","","2026-09-04T21:15:35.000Z"
"hayashimei52167","0x9647D707652E23C11df0eD4216Ef26e732ceEdC9","https://x.com/HayashiMei52167/status/2095362458483269421","","2026-09-04T21:17:15.000Z"
"hazama","0xa4d05b40Ef91573B83a2179AFc6BeB39E9a0b514","https://x.com/hazama/status/2095238072619250904","","2026-09-04T21:20:48.000Z"
"haze1260","0x70E1ad4089852d19504Fa56cDFe3C3cD6d0e387a","https://x.com/Haze1260/status/2095342452525148899","","2026-09-04T21:20:13.000Z"
"hazlex","0xA04d5E06190d87021Ae1234A737c3df2Ce0D8B40","https://x.com/hazlex/status/2095449410509593917","","2026-09-04T21:20:15.000Z"
"hbakoe","0xf12bc87dd26ca0d317a738b39602e86d0f2f566f","https://x.com/HBakoe/status/1476176285592276992","573","2026-09-05T05:43:19.000Z"
"hbeebxbtpg","0xd6d97cecf4Be3c4Dc6437A37b70e5f0dD9260b5b","https://x.com/Hbeebxbtpg/status/2095970710485389763?s=20","438","2026-09-04T20:23:01.000Z"
"hbgem","0xbDb0360EC49E720Aff127EC203Df012E2C47193c","https://x.com/hbgem/status/2095354471356727024","","2026-09-04T21:17:14.000Z"
"hbk3","0xFF6c8CDb44c83D302B203ec21490E287D8a9Bde2","https://x.com/hbk3/status/2095485409934820308","","2026-09-04T21:21:10.000Z"
"hdkvh91328","0x07Dc3928361147790ffDf82ae1b3F75E67A31462","https://x.com/HdkvH91328/status/2095122084286144170","","2026-09-04T21:18:08.000Z"
"heimaojingzhang","0x54b4e550c5B42345cDB8f4251D718C4C4e55C0E8","https://x.com/heimaojingzhang/status/2095083450668599872","","2026-09-04T21:19:50.000Z"
"heineken1990","0x1be9389F3573506b3C55C3470329216c2fad5220","https://x.com/Heineken1990/status/2095751313143017812","","2026-09-04T21:17:24.000Z"
"heliumtable","0x5F353De89422BDeD2564063181F59276796a11E6","https://x.com/heliumtable/status/2095722241619879454","","2026-09-04T21:15:51.000Z"
"hellhound12","0x597a1a68C70981d3545a894Ed8934855Fe275AfF","https://x.com/Hellhound12/status/2095537977719373184","","2026-09-04T21:21:37.000Z"
"hello0x","0x46CfED605380A548BbFe49AAa1E0ca5e0fD0e497","https://x.com/hello0x/status/2095479516642313292","","2026-09-04T21:20:00.000Z"
"hello1crypto","0x54b344F7F81bFB3F10cc07B2E8dc6c0b434Ab608","https://x.com/Hello1crypto/status/2095648704153898788","","2026-09-04T21:16:08.000Z"
"hellolayer","0x40732E6F48Fa666E906d28514b966E2D68d749CF","https://x.com/helloLayer/status/2095379547122683387","","2026-09-04T21:19:49.000Z"
"hendragunawan9","0x3345D118975e77A19Fe02c5fA1CB0E54f35feE65","https://x.com/hendragunawan9/status/1","626","1788588360629"
"henr1","0x7B4efA32BCD7992a0f7ad23696B75dd8cCADb056","https://x.com/henr1/status/2095100799440544710","","2026-09-04T21:20:03.000Z"
"heodeono","0xc5236394F0A85f64C5565C8CFAf9c90Bd2CA2CBd","https://x.com/heodeono/status/2095927924667783480","","2026-09-04T21:19:58.000Z"
"heraldbard","0xCa64d317E278f581092e820302d05916048940c0","https://x.com/heraldbard/status/2095562968711061540","","2026-09-04T21:19:30.000Z"
"herbert4853","0x900f7fEC1400111Ef111d5Ff5b9100a934F96f63","https://x.com/Herbert4853/status/2095887308004253047","","2026-09-04T21:15:32.000Z"
"herbysovera","0x363c6e37021c6f19a704adf3386bfbba64be2c06","https://x.com/HerbySovera/status/1472573675811471367","570","2026-09-05T05:43:17.000Z"
"heri33","0x42F371598704Eb1F2cdDA2B92F7fc7e2C54D7C8b","https://x.com/Heri33/status/2095210520965856771","","2026-09-04T21:19:40.000Z"
"herohira","0x3dB6732458b64D5882BAeaeC82ACb842D4101A24","https://x.com/Herohira/status/2095005833348395847","","2026-09-04T21:17:12.000Z"
"hery_ryn","0x048f64C4CE6165b56e23c4e808042d82873B37f1","https://x.com/hery_ryn/status/2095809669157145775","","2026-09-04T21:21:15.000Z"
"heyjoe1","0x1CeDAC8F4D03666e88A83DB57B4F42E4684202b4","https://x.com/heyjoe1/status/2095788279806797356","","2026-09-04T21:15:17.000Z"
"heywei","0x603Ba644F11de3B85225658187f7db598292CDa7","https://x.com/heywei/status/2095435966406516672","","2026-09-04T21:19:24.000Z"
"hezheng1","0x4988362d0C7169625458D55b2276a6B31A29b396","https://x.com/hezheng1/status/2095533718034437160","","2026-09-04T21:16:02.000Z"
"hgfjgf","0x56A6b0008cA77C2C18576aaDe1558CAfF65F33e8","https://x.com/hgfjgf/status/2095775415828407894","","2026-09-04T21:18:31.000Z"
"carol87go4","0x3971c01CB91c259C82210b8e32B6BD73ab0bD7b9","https://x.com/carol87go4/status/1861234567890123456","","2026-09-04T07:44:05.000Z"
"hh_probe_x1","0x000000000000000000000000000000000000dEaD","","999999","2026-09-04T21:00:00.000Z"
"hianasarkar","0xfF47eF078332172F8862335Ca693416932C4B4df","https://x.com/HianaSarkar/status/2095565803872191498","","2026-09-04T21:20:51.000Z"
"hidden_captain","0xa8D19118230429218dEF65A9f59F9e59F7859C77","https://x.com/hidden_captain/status/2095034903341421158","","2026-09-04T21:19:43.000Z"
"hidden_harbor","0xb0518329B00c0C90717EF224DC757aB154ab34E7","https://x.com/hidden_harbor/status/2095131559243851930","","2026-09-04T21:19:29.000Z"
"hidden_sage","0x84E49c0e2D345A5FEf3b94419BBf5AD40003b7D3","https://x.com/hidden_sage/status/2095853873042000812","","2026-09-04T21:16:04.000Z"
"hidden_spear","0x9781956050a789Bc1c628019bf69c77ae896eD4b","https://x.com/hidden_spear/status/2095965991693988349","","2026-09-04T21:14:28.000Z"
"hiddentiger","0x3e8a858cd092Dc8093F11AE60EA6132AC04341B6","https://x.com/hiddentiger/status/2095629298745268345","","2026-09-04T21:16:46.000Z"
"hieucoi","0x952B8425FE39Ee53d938f6CFe66fA2A784855F9E","https://x.com/Hieucoi/status/2095751106168264114","","2026-09-04T21:15:56.000Z"
"hieuton","0x9698d1403A6D1A645cF724D1D89b27EC1c066793","https://x.com/hieuton/status/2095377354173651958","","2026-09-04T21:20:55.000Z"
"hihello","0x8F787c1E59FC2eeD4518bF710Bcd55a3a907A211","https://x.com/hihello/status/2095908726783065109","","2026-09-04T21:19:28.000Z"
"hikaripuma","0x7Caae14D56Fd72404cF7dC3caE8BC958980bA3E6","https://x.com/hikaripuma/status/2094930265332171370","","2026-09-04T21:14:24.000Z"
"hikazuchi_","0x9c3e39bdbc4fa365e4580124af21c6ba4b27f9e6","https://x.com/Haunting_Hoods/status/2095880792765497711?s=20","451","2026-09-04T21:11:02.000Z"
"hiken","0x52355B2a3f2AE4FF7C66338C5b21F619FF390D79","https://x.com/Hiken/status/2095502587478607066","","2026-09-04T21:16:12.000Z"
"hikotame","0xf51fa998ae547e30a6ebb30b3e9dc0dee9980182","https://x.com/hikotame/status/1472580447003570176","582","2026-09-05T05:43:39.000Z"
"hilema","0x2911F83892bb9c3A4047eB9833D6C94866e39B3A","https://x.com/hilema/status/2095465131565345483","","2026-09-04T21:17:26.000Z"
"hint","0x88709Cdcd5Cc0bCe828c8012F4a0C87c187480aC","https://x.com/Hint/status/2095702261746615475","","2026-09-04T21:18:12.000Z"
"hiroyuki5555","0x5F3B84502294C9f01CeAD0f69a1821E4A3C4b56a","https://x.com/hiroyuki5555/status/2094922273330160884","","2026-09-04T21:14:44.000Z"
"hiru","0x221080B482fE501aC52803Fc8D100d458379e183","https://x.com/hiru/status/2094987258243206502","","2026-09-04T21:20:18.000Z"
"hisaru","0xD37A787da420403D801ad1741300289d21C6a7C3","https://x.com/Hisaru/status/2095716514463471195","","2026-09-04T21:16:10.000Z"
"hisokasmilley","0x41eBf615064aaaECD5BDEC41069e5E59eDB1C03C","https://x.com/Hisokasmilley/status/2095517180302284810","","2026-09-04T21:16:56.000Z"
"hit99","0x8e7fC85849144D89D2c5E00cbdeC79929f6a4c85","https://x.com/hit99/status/2095071208464841997","","2026-09-04T21:16:48.000Z"
"hj05","0xd9456AB372CbE4549C354d8F67b3B8A993b2f51f","https://x.com/hj05/status/2095435766061472206","","2026-09-04T21:20:58.000Z"
"hkuh","0xf873CcaA1ED0649daE1188Ac3ae6975D43F51FCf","https://x.com/hkuh/status/2095804176730697538","","2026-09-04T21:15:35.000Z"
"54j4qgv9","0xF7332D3aD35476C22bB3b45Cde3701e0C90eA61d","","21","2026-09-01T00:38:40.000Z"
"hlien15253","0x985104071cC1d512e4dD684178b98AD071a9b260","https://x.com/hlien15253/status/2095748868023562700","","2026-09-04T21:16:28.000Z"
"hlowei","0xd801ab53521a8fa173f560424ee39580b0b819af","https://x.com/HLowei/status/1470966033020121094","560","2026-09-05T05:30:01.000Z"
"hoaisi4","0xBc901e7a7fd502601a3FB15c0EE0eb0A66aC76F7","https://x.com/HoaiSi4/status/2095263778078639917","","2026-09-04T21:16:12.000Z"
"hoaitan1994","0xca4ffd1C27F05aaF62d7935560d5A5dd8B8b6d0e","https://x.com/hoaitan1994/status/2095886564954148901?s=20","262","2026-09-04T14:48:18.000Z"
"hoanghai75","0xb51470062515f08a24DBF490EFEe71B9dd5BfF9C","https://x.com/hoanghai75/status/2095135425818589159","","2026-09-04T21:20:50.000Z"
"hoangle9898","0x7E9Aa6E680DF5c128DFce409C56C8F831f5fbB27","https://x.com/hoangle9898/status/2095005082773752098","","2026-09-04T21:18:09.000Z"
"hoangquan25","0x6EEEa15199710a82961560036e299807624b01aa","https://x.com/HoangQuan25/status/2095767260475113989","","2026-09-04T21:20:11.000Z"
"hoangstephen","0xCe51A78395969f41A5Fb704B595a6A3dE8d292A0","https://x.com/hoangstephen/status/2094943200690124530","","2026-09-04T21:21:18.000Z"
"hoangyeuhien","0x4c7B201253cBb138D3AF56474361F6e41e465759","https://x.com/Hoangyeuhien/status/2095781029795549580","","2026-09-04T21:20:35.000Z"
"hoegui","0x28815B1703C1E10Bf81Dd4C9AD6fc61E3aB39059","https://x.com/hoegui/status/2095927868035123202","","2026-09-04T21:19:01.000Z"
"hoga","0x992A63279C41ec7Ec08D330a59fD2404407830B0","https://x.com/Hoga/status/2095655869965521723","","2026-09-04T21:19:44.000Z"
"hokidoki","0xD9030AEd5cB577D6522Bd9E016a68C64A6228105","https://x.com/hokidoki/status/2095982374931666570","","2026-09-04T21:15:18.000Z"
"holaviola","0x3C47EFb46932966c38151FCEe89881aa89011615","https://x.com/Holaviola/status/2095891592097725859","","2026-09-04T21:19:27.000Z"
"holden170710","0x645CebC84670af14F53F31aAb87c8023eAc6c950","https://x.com/holden170710/status/2095147823816234334","","2026-09-04T21:20:18.000Z"
"hollow_echo","0xA9e1d4C7C7a3a5dC66D153A25750B6a7d78E72Ad","https://x.com/hollow_echo/status/2095352085434928885","","2026-09-04T21:19:59.000Z"
"hollowanchor","0x54550d8313D662A21EA17f4E772C90690ce3B48A","https://x.com/hollowanchor/status/2095044761812888197","","2026-09-04T21:20:37.000Z"
"hollowhunter","0xC4F852CE0B487D245c200720577Cd7D66457CAcc","https://x.com/hollowhunter/status/2095420792679483922","","2026-09-04T21:18:26.000Z"
"holy_dragon","0x1bd71A5b775240f2E4757F33DAC85e715F5e843e","https://x.com/holy_dragon/status/2095597691814847967","","2026-09-04T21:19:15.000Z"
"holyfrost","0x48d5cB577f8342a85182480E317B87032ac1cb5A","https://x.com/holyfrost/status/2095620774504799710","","2026-09-04T21:19:04.000Z"
"holyronin","0xf18d1Ed623cf7899Da9260dE5E82eC6D1aEe1794","https://x.com/holyronin/status/2095756244179186770","","2026-09-04T21:16:39.000Z"
"holysoulthh","0xBB0f917C3885D69b51A24b9a72B507B5dF5e597A","https://x.com/HolysoulTHH/status/2095651127328984054","","2026-09-04T21:18:59.000Z"
"holytide","0x82f2ACb75E19C8EBA7bE7f7aAe0D0a1f083598c3","https://x.com/holytide/status/2095902616565417846","","2026-09-04T21:17:55.000Z"
"hookbnb","0xB1CA7335c9e6D6DAC4B759022e104d5E7B19590B","https://x.com/hookbnb/status/2095912589813535226","340","2026-09-04T16:32:08.000Z"
"hoolio","0xc37ab3FC81ef005bdb5f1eB80066ebCfCfE33973","https://x.com/hoolio/status/2095272829406526849","","2026-09-04T21:14:40.000Z"
"hooni","0x76590FB0e44322752371134B75D431d7a35d32b3","https://x.com/hooni/status/2095189994070247575","","2026-09-04T21:14:15.000Z"
"hoonymoney","0x77895fDa599D7750735F3d825CFA94854f0fb072","https://x.com/hoonymoney/status/2095790089947969854","","2026-09-04T21:15:25.000Z"
"hoppus182","0x4Dc345ad2C1468150267d2aa0625d6Ffb0C5c064","https://x.com/Hoppus182/status/2095542469193413526","","2026-09-04T21:14:04.000Z"
"hortenseparkes","0xEAf596146628b30732EA5B36577A63f619e4afd9","https://x.com/HortenseParkes/status/2095561363318938772","","2026-09-04T21:21:32.000Z"
"hosen_","0xEecb47D5739d4f46576221dd6D2620138eF797A9","https://x.com/hosen_/status/2095626908040187282","","2026-09-04T21:18:50.000Z"
"hoshi_tsukamu","0xC5E85FfE3d09cEC491fa8A6Fe11c71A81f00f935","https://x.com/hoshi_tsukamu/status/2095610715674806558","","2026-09-04T21:21:10.000Z"
"hossein1993","0x49e5D803feC525310c614cC2873c2079C9E9576D","https://x.com/HOSSEIN1993/status/2095552732444343202","","2026-09-04T21:18:14.000Z"
"hottiebabegem","0x4cc0DF1A3e9053ABb18898d1170ba4A86FFC96Ac","https://x.com/hottiebabegem/status/2095378731034799773","","2026-09-04T21:19:10.000Z"
"hottieboss","0xA68596e85dB0947fC681dbdD355231e181b7d042","https://x.com/Hottieboss/status/2095070855227872145","","2026-09-04T21:20:12.000Z"
"howhy","0xA4B06651c2eF6b41F4Eb3593Cee0c0C29CA77bAD","https://x.com/Howhy/status/2095103373186174882","","2026-09-04T21:20:26.000Z"
"hquyen19121","0x0B55cF90872041DBa0beb5b8ccC0e568F6BAD432","https://x.com/hquyen19121/status/2095761616038343506","","2026-09-04T21:19:03.000Z"
"htcss","0xae745aDb231c99A178766c8373E431d2148bD7aE","https://x.com/htcss/status/2095714879992453885","","2026-09-04T21:17:41.000Z"
"htduc","0x2327e345dC8b7ae23CDd4840Ab83c0824e2600cF","https://x.com/htduc/status/2095587752728056529","","2026-09-04T21:20:15.000Z"
"huair","0xADc3116AB9D6A990488B7d8154E1736B552Ab60e","https://x.com/huair/status/2095102176017845903","","2026-09-04T21:17:03.000Z"
"huang4444444","0x8f86111f3A3fea2Ded291B627cC8876e66Bc73Fb","https://x.com/huang4444444/status/2095750191032468982","","2026-09-04T21:15:04.000Z"
"huangweixiong","0xf5e8271e83907D7800c90710B10409ab09c6b0dC","https://x.com/huangweixiong/status/2094939943643166624","","2026-09-04T21:20:36.000Z"
"huihui001","0xeAc7aaa1505732dc87D81e30e1d5c3D6152068D7","https://x.com/huihui001/status/2095814058887326756","","2026-09-04T21:20:17.000Z"
"huioo","0xb09Da73ABefb1D1B41Ece312Fd3698d3226485a3","https://x.com/huioo/status/2094904456248200988","","2026-09-04T21:17:27.000Z"
"hulk","0xbe35676b12F8b56eFe9881258d83Eef3C48a5477","https://x.com/HULK/status/2095801248320342508","","2026-09-04T21:17:39.000Z"
"humble_dragon","0x977f20e7CDd8a3E9343723E407269BE511f40b8f","https://x.com/humble_dragon/status/2095332131085987753","","2026-09-04T21:20:09.000Z"
"humble_pilgrim","0x482bf58c03c0b2C36aF8202749Dd266D73a25596","https://x.com/humble_pilgrim/status/2095163697516087316","","2026-09-04T21:14:31.000Z"
"humble_scholar","0xA894f527f18720C82720162920E462b05cc3fFD5","https://x.com/humble_scholar/status/2095603531908843484","","2026-09-04T21:18:56.000Z"
"humbledawn","0x9a48b4328dbE5A9f7e6F6431b9EA9D3B5bd3DF8a","https://x.com/humbledawn/status/2095585466023630937","","2026-09-04T21:20:55.000Z"
"humbleherald","0x1323c8d9B665DD21d496366bE944C3bd42dF933D","https://x.com/humbleherald/status/2095733560238842964","","2026-09-04T21:20:53.000Z"
"humbleoracle","0x81A5E8ADa1E642660e48CE6C5fEBbB1E27538bEB","https://x.com/humbleoracle/status/2095658319057595881","","2026-09-04T21:16:55.000Z"
"humblerogue","0x434b58b05F332dCf6a985AF12Db131e100645B20","https://x.com/humblerogue/status/2095866408552405697","","2026-09-04T21:19:10.000Z"
"humbleseer","0xD2308df618b15d12A2C62dC8d2eE6e86B95d9Ff0","https://x.com/humbleseer/status/2095620131412236341","","2026-09-04T21:14:26.000Z"
"hung1279","0xfb6b7172Ed7f40F17dD45bEfeC5Ca1591b6EEb5D","https://x.com/Hung1279/status/2095542012940599599","","2026-09-04T21:15:15.000Z"
"hungkaka1111","0x28bB32183506F1D5608d3A7F3fDeef591832af56","https://x.com/hungkaka1111/status/2095480143701090396","","2026-09-04T21:15:08.000Z"
"hungph","0x8679DE2D5816C3Df7D359554bBA16626CcefE346","https://x.com/hungph/status/2095669700442534762","","2026-09-04T21:15:00.000Z"
"hungvlqt","0x985C8959C51831F08F73e623F9215Cf467F04a2C","https://x.com/hungvlqt/status/2095062292801017686","","2026-09-04T21:15:02.000Z"
"huntergame99","0xFfc7ED34e573abb1f0E16C2AC1fedfC33AEB1754","https://x.com/HunterGame99/status/2095386034022467167","","2026-09-04T21:15:46.000Z"
"hunternft86","0xa31110b7ade3c61f067f2614f7da6d65a58ae744","https://x.com/HunterNFT86/status/2095911549064106392","338","2026-09-04T16:27:42.000Z"
"huntersa","0x5555442A5A62d33eFa9D8C7c12226EBb2f6Fa774","https://x.com/Huntersa/status/2095588562200066761","","2026-09-04T21:18:05.000Z"
"huntersailor","0x919fD300bd676bD7564cCCD75BA52328023265D6","https://x.com/huntersailor/status/2095549850761927547","","2026-09-04T21:16:13.000Z"
"huntolu","0x14dbA452AAb7DC0c0E4F1cFb89EfdB726B61903B","https://x.com/huntolu/status/2095251347896102872","","2026-09-04T21:18:16.000Z"
"huongmo2403","0xa7544fDBaCE764863C66D5e17ccc9794aF5D03bf","https://x.com/huongmo2403/status/2095271595115737359","","2026-09-04T21:20:02.000Z"
"huos119","0xeb32ee92A29E5F51F1Bf6b12dfb3da9a043a2Cf7","https://x.com/huos119/status/2095499133868563326","","2026-09-04T21:21:03.000Z"
"husge","0x0a472AF63d321A8C7bF63ac373BE187DDe04BED2","https://x.com/husge/status/2095565475489605204","","2026-09-04T21:17:40.000Z"
"huyluong20696","0x74ceb78321b9bcc8732aab1dacecb2387f209c4a","https://x.com/HuyLuong20696/status/2095888973206057050","271","2026-09-04T14:58:04.000Z"
"huynguyen2k1","0xFA28b0da2f31De1d2acAFb8CF381282B295B98D4","https://x.com/HuyNguyen2k1/status/2095349392252938803","","2026-09-04T21:15:02.000Z"
"huynhquy","0x126babcE223720F4bf1a3ED14D34839E9C54F971","https://x.com/HuynhQuy/status/2095892301678071778","","2026-09-04T21:15:38.000Z"
"hybina","0x29E1b88A44a6FF2c68Ee57fF5dfFBb0c2A7C66a2","https://x.com/hybina/status/2095936496534972427","","2026-09-04T21:18:54.000Z"
"hyby","0x8E225Eb678c96C16523087DC18eb7f68550d0cf1","https://x.com/HyBy/status/2095785022464238533","","2026-09-04T21:20:27.000Z"
"hyennn09","0x215d3Da24067274fEC010124E12B1013c3406634","https://x.com/hyennn09/status/2095197734950009766","","2026-09-04T21:19:55.000Z"
"hygp","0xf6BAd4AD586dC10139dF17C2731E51627077f9b1","https://x.com/HyGp/status/2095788143762993497","","2026-09-04T21:15:08.000Z"
"hyper09","0x2f84CD6388145cF97FD397Da12117DcB7dB7Ba45","https://x.com/Hyper09/status/2095809195122614038","","2026-09-04T21:21:08.000Z"
"LisaSullivldc0","0x5AbD19A65586b90511952d997EdCd00d55b64376","https://x.com/LisaSullivldc0/status/2094334534383304705","","2026-09-04T08:58:47.000Z"
"BugaenkoNastya","0x7ffd590b6f044A04E0f393987f8261ECDe5A1fa1","https://x.com/BugaenkoNastya/status/2095787994498175317?s=20","73","2026-09-04T08:16:42.000Z"
"Campurcamp87930","0x15d951d76f2a55405dAAaC4E77BC2727F1656070","https://x.com/campurcamp87930/status/2095852562994118695?s=46","189","2026-09-04T12:33:29.000Z"
"maDORAL77","0x83323e656648d079e5d76a7e8652b9c6dd7d5931","https://x.com/maDORAL77/status/2095732209080733970","45","2026-09-04T04:35:09.000Z"
"iamnanoowz","0x83a9da04d0E31B65A2eE490fb72acd07380AD1Cc","https://x.com/iAmNanoowz/status/2095871594551441200","","2026-09-04T21:16:25.000Z"
"ian734","0x9579898b092c9704ba8d691549cd3e9b8bf41e44","https://x.com/ian734/status/2095576125278277087","","2026-09-04T21:16:46.000Z"
"ibrash600","0x767A42A9609C21fC6da09BA6321B25f0F0c682ba","https://x.com/Ibrash600/status/2095433418436655357","","2026-09-04T21:20:55.000Z"
"iceanddark","0xf83f152dA39990BD5B43AE4576B2af1445930a08","https://x.com/IceAndDark/status/2095172454240653372","","2026-09-04T21:18:04.000Z"
"icebrke","0xcE95EECB68CF4d656160d82e8edb5A01334821D3","https://x.com/icebrke/status/2095086241611600875","","2026-09-04T21:21:07.000Z"
"icibooz","0x0000084397b6d03d925d3deeddea90edb4f073b4","https://x.com/Icibooz/status/2096112007108063290","587","2026-09-05T05:44:23.000Z"
"icpweb3","0x36825a154Dc80481292B35391899D4545f194aD2","https://x.com/icpweb3/status/2095633178933874873","","2026-09-04T21:15:28.000Z"
"icyronny","0xe7Bb133EfD1A61BAe632Ba37295866Ff104a5b82","https://x.com/icyronny/status/2094922825246990567","","2026-09-04T21:21:05.000Z"
"idamag","0x46d8785337D8Fc591006b6450D4C4d59f926F2c9","https://x.com/idamag/status/2095370658260982065","","2026-09-04T21:14:06.000Z"
"idontblameyou06","0xd81c2c9b673398700012c8E579dfCEE52E62CC35","https://x.com/idontblameyou06/status/2095927664918122524","376","2026-09-04T17:32:56.000Z"
"idura","0xe2E2bd8B535b22Df461435131e266bF4798a56DA","https://x.com/idura/status/2095255696355013639","","2026-09-04T21:14:58.000Z"
"ieookm","0xEf3c8E18315e83c1B4999eB9EeCc7608D7d4Cbc0","https://x.com/ieookm/status/2095248262915425149","","2026-09-04T21:20:27.000Z"
"ifear","0xD6541F18cC127cc81F220Fb453F564c5db635136","https://x.com/iFear/status/2095206471326199356","","2026-09-04T21:21:12.000Z"
"ifme","0x69E916408CbC58ddA97460Fb1e0D0acc7d9dD8eA","https://x.com/ifme/status/2095431542675420415","","2026-09-04T21:20:35.000Z"
"iftikakar525270x71ae6bab4959a4294322352f0170c1bca67fea33","0x71ae6bab4959a4294322352f0170c1bca67fea33","https://x.com/iftikakar52527/status/2095897375810457634?s=20","302","2026-09-04T15:31:28.000Z"
"igormartin","0xee9802dFF2Df7cC08d6DD4E8D39fE1d8C7F12765","https://x.com/igormartin/status/2095396672613959861","","2026-09-04T21:14:18.000Z"
"igrtm","0x6d624CFA36f2CcD0B7Fca356B5145a9aaf7b520f","https://x.com/igrtm/status/2095548844283625648","","2026-09-04T21:14:25.000Z"
"ih8y","0x0617dA007ED599Fe9DACB1a3A084b5DDC2b125D2","https://x.com/ih8y/status/2095424692569875271","","2026-09-04T21:17:15.000Z"
"ihunt","0x67044550aE4A3062d47b9Dd6C9C360d4A714e8E1","https://x.com/iHunt/status/2095710856615252217","","2026-09-04T21:16:21.000Z"
"Pari753435","0x14e8990320fc817688d3fcea742cf2f791d3d62e","https://x.com/Pari753435/status/2095859848428581329?s=20","210","2026-09-04T13:04:20.000Z"
"iilll","0xAbd1ecE27b2B9286cBd4f40b58B3Db7728310555","https://x.com/IILll/status/2095712908421076166","","2026-09-04T21:16:41.000Z"
"Shreyashoo","0x06142b4b990cE6B3f004c8E8df85086E22CCB745","https://x.com/Shreyashoo/status/2095828079574954360","168","2026-09-04T10:55:50.000Z"
"RobertCartukm0","0x9b27f2DcdB1A2c7A695075f0DcFD53D2D6C9c541","https://x.com/RobertCartukm0/status/2092909695541968897","","2026-09-04T08:59:01.000Z"
"ikietahoe","0x0aa8e29d76105d7c30e770e4969f6b7666a00e94","https://x.com/IkieTahoe/status/1470966440396161029","549","2026-09-05T05:29:03.000Z"
"ikigai001","0x319cA365f73637CbE2B7191014057ff793798356","https://x.com/ikigai001/status/2095609426508211901","","2026-09-04T21:19:46.000Z"
"ikigai007","0x4378A1F0ab39f93D02Ec9a3ee8b5E7417c0a6ED9","https://x.com/ikigai007/status/2094918081379695037","","2026-09-04T21:14:05.000Z"
"ilinapaogi","0xc77b110f1fad9de44c4fe8822cffb59074ace926","https://x.com/IlinaPaogi/status/1512543238695309312","577","2026-09-05T05:43:24.000Z"
"ilnur","0x34B596DAbc9218e3C4917F98f9330E817a2bB547","https://x.com/Ilnur/status/2095431774986465544","","2026-09-04T21:20:23.000Z"
"ilovechess","0x3644032206FE60068f8d498cb84179a63cd7f64c","https://x.com/ilovechess/status/2095570937808499705","","2026-09-04T21:20:19.000Z"
"iluhium","0xef6ae5d83DaA0f3E26e138740798af3E17b1C9Da","https://x.com/iluhium/status/2095476453620352276","","2026-09-04T21:19:04.000Z"
"ilya","0xc34f75f3714f833b54700Bcd67d034445a876CD0","https://x.com/Ilya/status/2094898170418718161","","2026-09-04T21:17:25.000Z"
"im_sketchify","0x81e15eeA971FEe7ca3262c7BBEf0D06B1d9cF305","https://x.com/im_sketchify/status/2095931556648865962","380","2026-09-04T17:47:48.000Z"
"imamsttheulejjq","0x2E4E6eb8636aB415D00598FB1f1823183cc8d6A5","https://x.com/imamsttheulejjq/status/2095212182495190333","","2026-09-04T21:18:58.000Z"
"iman677","0xbFb81Bb38442E07F963A3b864b72ac6E8f4A2779","https://x.com/iman677/status/2094904684518393112","","2026-09-04T21:18:48.000Z"
"imanel","0xe4Aa1B71240A1673c7cADC5dEa31F3f4cb085953","https://x.com/IMANEL/status/2095272577603652228","","2026-09-04T21:19:07.000Z"
"imasifrao","0x3473DB05D852850a39C5E66e08FD0022798581cA","https://x.com/Imasifrao/status/2095655327800163559","","2026-09-04T21:20:39.000Z"
"imbalanced","0x9F6eb6aA773068e5214102D6CdD6cF6AeBEDC42f","https://x.com/Imbalanced/status/2095111284913398755","","2026-09-04T21:19:37.000Z"
"imemmi","0xfAD1476189E07148314BbA6fBFD5Aff5089AA282","https://x.com/imemmi/status/2095758571505489229","","2026-09-04T21:18:53.000Z"
"imlct","0x15FCe5e2E29c9AB53Be473adF641eE1113e154c4","https://x.com/imlct/status/2095549382787443632","","2026-09-04T21:14:51.000Z"
"imprez","0x07BbCB5F06D57c8c558d59182e1993BC2B66C969","https://x.com/Imprez/status/2095179056509257602","","2026-09-04T21:20:16.000Z"
"inayukita","0x7d628df26ac0eff52361b46913ee1145ddc4a56e","https://x.com/InaYukita/status/1470414477451399170","547","2026-09-05T05:29:01.000Z"
"incognitum","0x132Ca6b3F390ba018189c065185C54eC6E9075D7","https://x.com/incognitum/status/2095474125834140070","","2026-09-04T21:20:27.000Z"
"incriz0","0x233Ed7B0bbFdC606449DD7eE35aC2E7116a01dbC","https://x.com/incriz0/status/2095306533569108555","","2026-09-04T21:17:53.000Z"
"inderkhokhar","0xc6A5f8A144f394De6173F9Dfa5Dd42B6fabff742","https://x.com/inderkhokhar/status/2095948316082362481","","2026-09-04T21:20:38.000Z"
"indigo_comet","0x15256EE52B8b2b74d910cAf221c5E5AE59438353","https://x.com/indigo_comet/status/2095079263703532331","","2026-09-04T21:19:11.000Z"
"indigo_nomad","0xaC5e185Cd5051d932637760F03EF33FB391Eb5Fa","https://x.com/indigo_nomad/status/2095363823526667006","","2026-09-04T21:21:13.000Z"
"indigocat","0x8959aA597E6ac057Db23079807D7Ee30CC363005","https://x.com/indigocat/status/2095906693411860609","","2026-09-04T21:19:09.000Z"
"indigocrow","0x5d5c73ab70e6576D763176Bf27f550faD91c1834","https://x.com/indigocrow/status/2095470762938534341","","2026-09-04T21:15:29.000Z"
"indigodeer","0xAd8502015B327cf47c26B42Ed113344ac668993b","https://x.com/indigodeer/status/2095828312974086011","","2026-09-04T21:21:17.000Z"
"indigodog","0x3B11ABcB04EAE1D07d349938a0C3dd371fa3CEc1","https://x.com/indigodog/status/2095493432852729853","","2026-09-04T21:14:43.000Z"
"indigofox","0x44CE7d51D40ACfEa031D7590C38d49cc5fEeF35A","https://x.com/indigofox/status/2095438369301639146","","2026-09-04T21:18:20.000Z"
"indigolamb","0x06C84941EFcd3819d6d3C63E1774F6eF7083C009","https://x.com/indigolamb/status/2095552485135816149","","2026-09-04T21:15:53.000Z"
"indigomoth","0x3C760fA7E515D781005B966F09427047cD0422C9","https://x.com/indigomoth/status/2095685187256429226","","2026-09-04T21:17:33.000Z"
"indigootter","0xa195daAf7551FAa1EB4985D5FDfcE9F8840AB374","https://x.com/indigootter/status/2095531106355109765","","2026-09-04T21:16:32.000Z"
"indigostag","0xD7B43D142aF77478752cf4069927a4782b9E87cA","https://x.com/indigostag/status/2095660195613460660","","2026-09-04T21:18:49.000Z"
"indigowolf","0x2EbB177728557063a5E368ad7C7eeAfd515b3f66","https://x.com/indigowolf/status/2095131798140358324","","2026-09-04T21:16:56.000Z"
"indri57","0xD0A1c94A5D0DBdf118b3b1Cf31a5922Cb789bb83","https://x.com/Indri57/status/2095832820099389459","","2026-09-04T21:21:34.000Z"
"infake","0x92C488048fD32a4e6Ef88f3a48448edf56f3f85f","https://x.com/infake/status/2095561519062365531","","2026-09-04T21:20:47.000Z"
"infamous01","0xaEB1B06583331374bB3E205801C569d54292a103","https://x.com/InFamous01/status/2095979516692363199","","2026-09-04T21:18:04.000Z"
"infinite888","0x1B40d7c49F3d11C691F09Dfabbae94E61CBDea80","https://x.com/infinite888/status/2095807234618807405","","2026-09-04T21:21:15.000Z"
"infinitesphere","0xD2f5D3D4e55e3365E2Fa5A3abDe6109149dB6775","https://x.com/infinitesphere/status/2095011995385098612","","2026-09-04T21:18:54.000Z"
"infinitysra","0xDBC853838824cE0D89014013F3d181Af1a9bA013","https://x.com/infinitysra/status/2095311922340642629","","2026-09-04T21:14:08.000Z"
"inglis","0x568D5f18b1B2b30ba4332b455E0BfCcAF5389537","https://x.com/inglis/status/2095858875799489910","","2026-09-04T21:20:40.000Z"
"inhigh","0x879d18313702678DEe3FAfE70C07B21b67fC9abE","https://x.com/inhigh/status/2095230469532973427","","2026-09-04T21:14:28.000Z"
"ininama","0x60B031b9207217c04aF6ae55fCB35618616a318a","https://x.com/IniNama/status/2094947864196962724","","2026-09-04T21:17:17.000Z"
"initak","0x9d70801d137D32392c6fC2C0e92E0092540986DB","https://x.com/initak/status/2095782836482284028","","2026-09-04T21:17:02.000Z"
"innarev","0x85131e127d0185d160D132a2CdF10DCa0Dd9F811","https://x.com/InnaRev/status/2095293575348791938","","2026-09-04T21:16:18.000Z"
"innopolis","0x7e9D44a051f0612dE08a3171fa7d5ADd7903405F","https://x.com/innopolis/status/2095524500322297669","","2026-09-04T21:14:02.000Z"
"inpay","0xF810D7580F840BcF4f12CB90EE5Eef3c20C89973","https://x.com/inpay/status/2095709660427149182","","2026-09-04T21:14:20.000Z"
"inskrutable91","0x74c07F0650Bf46fd523610031AB8eC9f9e314e76","https://x.com/insKrutable91/status/2095591322431908357","","2026-09-04T21:18:45.000Z"
"intanpermata8","0x5189D3F18c6174b5D48510F3222eb60DbF88c8F2","https://x.com/intanpermata8/status/1","639","1788588399899"
"intelpocik","0xcB5CDbe03bB1bd1Cd25068be762e722cC39d0D6E","https://x.com/IntelPocik/status/2095522035741444898","","2026-09-04T21:15:40.000Z"
"intern_web3_","0x1721ff7e147b8a18f6aa318d005388b9ee3d30af","https://x.com/intern_web3_/status/2095995422666039755?s=20","471","2026-09-04T22:01:02.000Z"
"intoyou","0x0238B7B7f34eC077312762F9fDf517c6811e69d5","https://x.com/intoyou/status/2095960300748142127","","2026-09-04T21:18:52.000Z"
"introverthere","0x39e54A8Da6e5D205da7e9a6f35693dd709b05FDd","https://x.com/introverthere/status/2094973388009409334","","2026-09-04T21:20:57.000Z"
"inv1se","0xbAEC0BD22d68eeb0ff33732924D62D08914C9660","https://x.com/Inv1se/status/2095266571885993819","","2026-09-04T21:15:35.000Z"
"investgo","0xac51EFA0AceDa9022531A0958bb48c13C1B6Ed7c","https://x.com/investgo/status/2095273610699900597","","2026-09-04T21:20:57.000Z"
"invictus6","0x4091EDA85Ce546aCf0D2BeE4B4f5B7605cE9affe","https://x.com/Invictus6/status/2095130041476020301","","2026-09-04T21:20:04.000Z"
"ionelan","0x79c8145c98bc15DAaEeF13c81b4817B79d82BdCa","https://x.com/ionelan/status/2095332893664420923","","2026-09-04T21:16:29.000Z"
"ipengweb3","0xa16e21F7D7254639226024997C3F79e61030911c","https://x.com/ipengweb3/status/2095745586851019880","","2026-09-04T21:21:18.000Z"
"ir350","0x33757979B6e13967ffd30e3c7bA207E1c9A8c734","https://x.com/ir350/status/2095556429007322588","","2026-09-04T21:15:36.000Z"
"irasokolova","0x852F4f0D394465b35fe772B2085E7057020064A9","https://x.com/irasokolova/status/2095632272609952201","","2026-09-04T21:19:14.000Z"
"iren5","0x46423Ba53752DFAF4CA2262c26899c2D0525479b","https://x.com/Iren5/status/2095764940673025715","","2026-09-04T21:17:15.000Z"
"irfanalim","0x07F6Cd1B3dB4644c531255b2323554201CC11a9E","https://x.com/irfanalim/status/2095452476872852570","","2026-09-04T21:15:15.000Z"
"irfanfauzan","0xc6eb8A0467924154dF79FdA32605D63C24E0aea2","https://x.com/irfanfauzan/status/2095736055477360950","","2026-09-04T21:15:48.000Z"
"irinan","0xdBeE4FA8AA3152152Dc7282e085dbe9ecDd13a1f","https://x.com/IrinaN/status/2095638873621556977","","2026-09-04T21:17:02.000Z"
"irohasu","0x744f8FC6606d37671875De16E4eEBd5e3dD46cD8","https://x.com/irohasu/status/2095730482988792484","","2026-09-04T21:15:32.000Z"
"iron_bear","0x5D9841C662D3793a678268cEaa8117E9Cdd036bA","https://x.com/iron_bear/status/2095494953555327299","","2026-09-04T21:17:20.000Z"
"iron_dusk","0xA850Cb8bAb5B7d9e30883C5922d93DF4fD1Fa30b","https://x.com/iron_dusk/status/2095521261581021407","","2026-09-04T21:18:45.000Z"
"iron_prophet","0xF862bfb293191826a0C9F50E209D3DF560d97acE","https://x.com/iron_prophet/status/2095129723749836130","","2026-09-04T21:15:33.000Z"
"ironlion","0x95f3D3F5d7e1c313DdB13bA6B8fE502bfbF4807a","https://x.com/ironlion/status/2095342623256278364","","2026-09-04T21:19:15.000Z"
"ironmoon","0xF90167043b31B6a9406fDaF451EEdC05173FbE81","https://x.com/ironmoon/status/2094974136010014395","","2026-09-04T21:21:01.000Z"
"ironseer","0x596308d2D03Ce3C0D31C0275e283F115699CBF84","https://x.com/ironseer/status/2095280720363111727","","2026-09-04T21:20:23.000Z"
"isabella","0x0ed7A93a4DDf30672516275579B4fdcC3bDAA6c6","https://x.com/Isabella/status/2095037797797870031","","2026-09-04T21:19:23.000Z"
"isabellela87814","0x4257F2cB08678Bcb90809765076f48Df93737565","https://x.com/IsabelleLa87814/status/2095417159947317449","","2026-09-04T21:16:49.000Z"
"isayalwa","0x766C349d9690E887343C113BAEb75bBDDD42c793","https://x.com/ISAYALWA/status/2095810682120198156","","2026-09-04T21:15:23.000Z"
"islam123","0x7272Bdeb659013Bb07d96962E104001657f488fC","https://x.com/Islam123/status/2094973171608510080","","2026-09-04T21:15:46.000Z"
"ismailnoro","0x8e92C035b4F535351b0B9C537C39Afa3C8a6A2A7","https://x.com/Haunting_Hoods/status/2095880792765497711?s=20","432","2026-09-04T19:57:32.000Z"
"ismelllikebeef","0xeFf95b76d76833e78a72D45BDd5F6FcC52F9f84a","https://x.com/ismelllikebeef/status/2095466287890606351","","2026-09-04T21:15:11.000Z"
"ismetdemirhan","0x3C5acad418feEc164f63925EEE24899675Bf8516","https://x.com/ismetdemirhan/status/2095249649559801475","","2026-09-04T21:15:48.000Z"
"ismotjahan","0x52cffb4D4E9E3846CDA24836E9b5E7a4E5caA14F","https://x.com/ISMOTJAHAN/status/2095692124237748217","","2026-09-04T21:19:20.000Z"
"itachii_jide","0x136c69220e2e6d4a732ad9233a161bd93e447427","https://x.com/itachii_jide/status/2095983428583694789?s=20","453","2026-09-04T21:14:34.000Z"
"itachiog25","0xe07F89e48aC76bd0A1708E017436203E3f2287Bf","https://x.com/ItachiOg25/status/2095895843295690765?s=20","297","2026-09-04T15:25:59.000Z"
"italiajin1031","0xe1a295dB4643Fdc84112Df2Bf32a0f5B1BA927B8","https://x.com/italiajin1031/status/2095444716613216528","","2026-09-04T21:19:32.000Z"
"itund","0xcbdBd1b62532d40364FEbb5300E4FCa8f3634a14","https://x.com/iTund/status/2095658729761749288","","2026-09-04T21:19:50.000Z"
"itzzpriya","0x23354a1f1fFDE25e9e4a2eE96181955216B00c62","https://x.com/Itzzpriya/status/2095035981727048903","","2026-09-04T21:16:44.000Z"
"0xjanish","0x8337272e77d30d684e61fe401d51f12854864617","https://x.com/0xjanish/status/2095752892628230540?s=20","57","2026-09-04T05:57:36.000Z"
"iulebedev","0x3a5B671A02F0B931550b9C7d254207384dB3c3f3","https://x.com/iulebedev/status/2095646813562044836","","2026-09-04T21:18:11.000Z"
"ivan_baron","0x44923e3538276f3ab4F0e907203C1D245fE9d6C7","https://x.com/ivan_baron/status/2095096182969135315","","2026-09-04T21:21:03.000Z"
"ivan_fox","0x774b4A5F2cE545F9A5Bb302b91E3e6dCb4A02FdB","https://x.com/ivan_fox/status/2095214265407674229","","2026-09-04T21:15:43.000Z"
"ivan_jester","0x5ae1B6DE6d54EEEda6f5885E9674c39834195e50","https://x.com/ivan_jester/status/2095143495679980313","","2026-09-04T21:21:04.000Z"
"ivan_pirate","0xf503Bc1b0fb3FDd3E67301cf75872d5864d6417f","https://x.com/ivan_pirate/status/2095525775877691474","","2026-09-04T21:21:35.000Z"
"ivanfalcon","0xa71324bb2609bc81Bf5EFc4d0F729947C211592F","https://x.com/ivanfalcon/status/2095601301596619876","","2026-09-04T21:19:00.000Z"
"ivanfrost","0xF601906A43ACDE4D2b58fBB7a41d4DA4E338d65f","https://x.com/ivanfrost/status/2095660662902260412","","2026-09-04T21:17:42.000Z"
"ivank14","0xf76466efd7566Db9Bfa2dD45dB1Fb98877169054","https://x.com/IvanK14/status/2095665068294312382","","2026-09-04T21:14:44.000Z"
"ivory_comet","0xdCb97842e46c72878Dbc0380b54F7853794006ac","https://x.com/ivory_comet/status/2095330671926313111","","2026-09-04T21:15:28.000Z"
"ivory_samurai","0x201633A4cAe0f79DFd08340E39533CC7601a0024","https://x.com/ivory_samurai/status/2095587488429701871","","2026-09-04T21:20:32.000Z"
"ivorydeer","0xf1e29e536f34a7A853aBbB9e41641F1159499175","https://x.com/ivorydeer/status/2095461421653068251","","2026-09-04T21:20:53.000Z"
"ivoryibis","0x65F4a927A0163E3737252AA225C13F5D756e3e51","https://x.com/ivoryibis/status/2095665224504785099","","2026-09-04T21:16:15.000Z"
"ivorymoth","0xcD8C6EdBa4A719658Ea91E7f79A147f1eDF511FD","https://x.com/ivorymoth/status/2095202320024529277","","2026-09-04T21:18:09.000Z"
"ivoryowl","0x8f3B454CDDBBbddDA3Bf68151Fb8BD1e06C464F3","https://x.com/ivoryowl/status/2095749230531922575","","2026-09-04T21:18:54.000Z"
"ivoryrat","0xE5a009e00954309a7edC144b82B9CfBA63041C5e","https://x.com/ivoryrat/status/2095837934580482194","","2026-09-04T21:14:52.000Z"
"ivydusk","0xf04c4684d4CBccE99A4045a7E7D52EC35727c655","https://x.com/ivydusk/status/2095865221650041106","","2026-09-04T21:18:06.000Z"
"iyonger","0x6Eb38730246a9cd2f3410ec1B33ff7864Ac1E941","https://x.com/iyonger/status/2095624413841683276","","2026-09-04T21:19:19.000Z"
"RoyWhiteh6vt","0xAC830eB3598599AF8C201a900f7a5085a549b092","https://x.com/RoyWhiteh6vt/status/2093351626294165505","","2026-09-04T08:59:27.000Z"
"izzah","0x5a841573f699089161799c9588f5D62f7192e225","https://x.com/izzah/status/2095688638491718464","","2026-09-04T21:14:34.000Z"
"camsbgtq","0xd50355342b4BD6117229E2480b32247534F4fB08","","14","2026-09-01T00:38:40.000Z"
"j0hh","0x35d6C39926553c77AEb51488859DA88A3D04481D","https://x.com/j0hh/status/2095940455695281436","","2026-09-04T21:19:18.000Z"
"jenna11tt9","0xAE786cC5DCd718d548F4C81D37eB81981411E877","https://x.com/jenna11tt9/status/2095034135272751105","","2026-09-04T08:58:43.000Z"
"liluzivert2103","0xce7af8d7719240c3420b28282533bc4f28560d19","https://x.com/liluzivert2103/status/2095763231939981577?s=20","62","2026-09-04T06:39:00.000Z"
"j__web3","0xe901986d0898e5dc77aeeafaaa11a551b2b2e2bb","https://x.com/j__web3/status/2095931050992013743","379","2026-09-04T17:45:34.000Z"
"jack","0x7Ec620da7c9E22e0c63244367d7F57b820e0Ac14","https://x.com/Jack/status/2095378849185280252","","2026-09-04T21:18:23.000Z"
"jackchen5555","0xA74C5D7027c0f813a4dADdca4C5a05909DB124F3","https://x.com/jackchen5555/status/2094969883639748395","","2026-09-04T21:16:33.000Z"
"jackgoodboy","0xD66e3ACf8a274410f1A20b4E78D47ea91F0F6a61","https://x.com/Jackgoodboy/status/2095707214507379203","","2026-09-04T21:17:19.000Z"
"jackiemeurer9","0x2Bd9529D500091456F142db40B683b77c1a18A16","https://x.com/JackieMeurer9/status/2095626066667353176","","2026-09-04T21:15:40.000Z"
"jackii","0x1a28cd72DB72e94005f5875A7E55ef50E0Cac40d","https://x.com/jackii/status/2095408697837160308","","2026-09-04T21:18:21.000Z"
"jackjoe","0xf225e601a8424a00c137c1138341d572e054bEC9","https://x.com/jackjoe/status/2095478013802633212","","2026-09-04T21:19:58.000Z"
"jacklee086","0x4CA36C75e337D06bE533603f37DFf8E56f3c8b7E","https://x.com/jacklee086/status/2094963477731161256","","2026-09-04T21:21:07.000Z"
"jackryan99","0x5393Af2BA278506c8262546bDEBb2FBc71BeB491","https://x.com/jackryan99/status/2095280298393048579","","2026-09-04T21:15:25.000Z"
"jacksionth16182","0xf46c476C09b8279eB88012e5Ea1e0216D878a876","https://x.com/JacksionTh16182/status/2095950368878365054","","2026-09-04T21:21:03.000Z"
"jacky","0x679FCD315bEcaA5b29832693ba513AE3280331ce","https://x.com/jacky/status/2095803670966323729","","2026-09-04T21:18:47.000Z"
"jackyjune","0xF16722A92b31902f696d2280E38C45dC955983c6","https://x.com/JackyJune/status/2095912987688404514","","2026-09-04T21:17:28.000Z"
"jackyl","0x09329a058A2501780f75F90D13db2A87014A838A","https://x.com/Jackyl/status/2095370963145239724","","2026-09-04T21:19:20.000Z"
"jade_ferry","0xD4A0480B0619d506704e0e8371333E663fc03C6b","https://x.com/jade_ferry/status/2095467189109002263","","2026-09-04T21:18:57.000Z"
"jade_ghost","0x37225A9544bfCD9cb59e3d40CC9381C262E53a2d","https://x.com/jade_ghost/status/2094939815123880294","","2026-09-04T21:14:19.000Z"
"jade_ledger","0x13d8Fd25A3e8467e1a7530eBA75Ad0489fB4Bff6","https://x.com/jade_ledger/status/2095553689177577089","","2026-09-04T21:14:33.000Z"
"jade_owl","0xBaB521279945Fd2200Df144DeeAdEFEB99c3B82c","https://x.com/jade_owl/status/2095164436272239028","","2026-09-04T21:16:01.000Z"
"jade_ranger","0x4c84D78FB7CDdF52D68b62e8a7edCAA3321176b1","https://x.com/jade_ranger/status/2094994746342381245","","2026-09-04T21:18:30.000Z"
"jade_ronin","0xcb86ED81095330bcEAeac9fAACda49eFC4397FF3","https://x.com/jade_ronin/status/2095561004360401676","","2026-09-04T21:19:42.000Z"
"jadeb","0x527820bCAFb2feFAA0161439edC71aE3B101df7d","https://x.com/JadeB/status/2095002429334844591","","2026-09-04T21:15:29.000Z"
"jadecat","0x1dA70180F2b7cE0BA59A7F833043336e398B166c","https://x.com/jadecat/status/2095724760172836518","","2026-09-04T21:21:39.000Z"
"jadehawk","0x77F0066916734822CCe0BDAF6895DB057b6e68b8","https://x.com/jadehawk/status/2095226701020661298","","2026-09-04T21:19:44.000Z"
"jadekoi","0xe3FF565DE453fC9870480F629617F5831E99C86c","https://x.com/jadekoi/status/2095238235806240125","","2026-09-04T21:19:55.000Z"
"jadelynx","0xC391c8d69E4cD9CD40605511BF363192918A98E1","https://x.com/jadelynx/status/2095346288419880360","","2026-09-04T21:21:16.000Z"
"jademoth","0x2FD86A657612f9A08506bab5bd8F667fAe727f9D","https://x.com/jademoth/status/2095454917057999774","","2026-09-04T21:17:31.000Z"
"jaegukang","0x9E0d99E0cDF6F401dE3912F05ddB90717e34771c","https://x.com/jaegukang/status/2095945249840075999","","2026-09-04T21:18:43.000Z"
"jaggadaku931","0x4e9FecDB476d09A2644E7fFf1967b2d6F3d6bA22","https://x.com/jaggadaku931/status/2095634125433997696","","2026-09-04T21:17:26.000Z"
"jah223","0x5060d2c13c14C0371d9Cb58692f55739552D1DdC","https://x.com/jah223/status/2095577922591753511","","2026-09-04T21:17:16.000Z"
"jaimem1949","0xea8f167e368FCC6Fbe6e71c716a1FF11E10B4193","https://x.com/jaimem1949/status/2095984816982262187?s=20","455","2026-09-04T21:18:47.000Z"
"jakeblackburn","0xD81D96C2899875edfAE4424BFB5bBc09f75C05a8","https://x.com/JakeBlackburn/status/2095459792104101560","","2026-09-04T21:16:01.000Z"
"jamesb4crypto","0x2bc4635368f4D35B90736A0f5FE130d5BbE809d5","https://x.com/JamesB4Crypto/status/2095769365924525563","","2026-09-04T21:19:49.000Z"
"jamesclark","0xb040b9f5b8A483b4699646fDdacAf3c6f8aAca7D","https://x.com/JamesClark/status/2095464452525195735","","2026-09-04T21:14:40.000Z"
"jammykent","0x84B6d7D067B345862C908900DA406f9249973Ad5","https://x.com/JammyKent/status/2095305179409647849","","2026-09-04T21:15:15.000Z"
"jampes","0x52d135B8c810220BDE195d1bD1CD02047CAFdA58","https://x.com/jampes/status/2095262251714011346","","2026-09-04T21:14:16.000Z"
"janet9544112430","0x2C4ACE26a2e2763B9a610ee365e646C67A9E5910","https://x.com/janet9544112430/status/2095967764364296705?s=20","434","2026-09-04T20:11:02.000Z"
"janwy","0xda39019769CfA6B3e3eC70Cb9Ef71DCcA9dfD55b","https://x.com/janwy/status/2095404065828020164","","2026-09-04T21:21:18.000Z"
"jarek","0x2B5Bbd3BE1719D7e1808915c2CFdC476Cd8CCbF5","https://x.com/jarek/status/2095772124888802963","","2026-09-04T21:16:43.000Z"
"jasol","0x661f996e511fA49642A040C2Ad280495f95F66eE","https://x.com/JaSOL/status/2095085705342624444","","2026-09-04T21:16:26.000Z"
"jasoncompton","0xa844097E2BF2944778385e997FdCcc538a7Ca330","https://x.com/JasonCompton/status/2095849237069127953","","2026-09-04T21:18:31.000Z"
"jasonmi65268800","0xcb7c728DFdEb8D07eCB442cb997D45B6BAc1f6a6","https://x.com/JasonMi65268800/status/2094978332592539066","","2026-09-04T21:14:36.000Z"
"jawapro","0xEA4386660460F6aEdB4148FF4C4aA18E16A33b29","https://x.com/jawapro/status/2095845475689467300","","2026-09-04T21:15:30.000Z"
"jay_bard","0x08da0A51C123DdB288706165EadA54a4740B8474","https://x.com/jay_bard/status/2095201785808737415","","2026-09-04T21:19:37.000Z"
"jay_dawn","0x95564401460863C461736815b16433f4Fa817921","https://x.com/jay_dawn/status/2095251298978606932","","2026-09-04T21:15:58.000Z"
"jay_warden","0x939470e583f6b948330665Cecc45BA9D08a6FD5c","https://x.com/jay_warden/status/2095423237335533431","","2026-09-04T21:17:23.000Z"
"jayakumar123","0xe47D54d686660A896A4aBEB748893541A6a533A1","https://x.com/jayakumar123/status/2094912741941086417","","2026-09-04T21:17:42.000Z"
"jayar14","0x0741ee0681EbE9bA7DC907FcA9c6fb7E3edcd5d4","https://x.com/jayar14/status/2095577959820143007","","2026-09-04T21:16:26.000Z"
"jaychou","0x4ca6d7ed63839C5E6C9DC8949bc2225A4B474717","https://x.com/jaychou/status/2095917269266056735","","2026-09-04T21:19:37.000Z"
"jayraven","0x9E44c51CA62d0989aC7a8b32621070d25a8Dd7E1","https://x.com/jayraven/status/2095483387513487312","","2026-09-04T21:20:46.000Z"
"jb_nt","0x886252248Ff10042542b1d417f55606D90588C1C","https://x.com/JB_nt/status/2095040416259162089","","2026-09-04T21:20:32.000Z"
"jchip300","0xD78bEa0CE28782e51790f6767A8fB7428B57B819","https://x.com/jchip300/status/2095471334755279648","","2026-09-04T21:17:07.000Z"
"jdcapitall","0xa7143542c6c1D9059A8612abFDC1275dF6229D7f","https://x.com/JDCapitall/status/2095933528999354730","386","2026-09-04T17:55:03.000Z"
"jeanbaptiste","0xf509bfF1d7ecEeBcfA0bd35b6364e61D7754F84c","https://x.com/JeanBaptiste/status/2094958436229603362","","2026-09-04T21:17:17.000Z"
"jeanlbb","0x5a5a239BdcEd42604D57e98395E127A9368a7A6A","https://x.com/JeanLBB/status/2095449828111720016","","2026-09-04T21:19:54.000Z"
"jeevss","0xca4A842E40fFC41DF648Ac333a85db29Aa49A5F5","https://x.com/Jeevss/status/2095642748007794753","","2026-09-04T21:20:36.000Z"
"jeffrey__","0x9e3C5286E500084A365fc933A0153d52A5687188","https://x.com/Jeffrey__/status/2095414127534676560","","2026-09-04T21:21:04.000Z"
"jeka_111","0x9a72A601F8ED39B0C63CA0b8B6bf17874f7d07e6","https://x.com/jeka_111/status/2095740902847043091","","2026-09-04T21:18:30.000Z"
"jellyfishox","0xb0124a414ce59139C692Ff1bb1A3a5f2512aD2cA","https://x.com/jellyfishox/status/2095870967479816625","","2026-09-04T21:19:34.000Z"
"jellyfood","0xFF21AF0E6Dd461d24a9E354e73eA37a53755f746","https://x.com/jellyfood/status/2095339206960172891","","2026-09-04T21:18:39.000Z"
"jemmal","0x60035e83d27D96b45c2Dd313bD7B2A7D13fC1D91","https://x.com/JemmaL/status/2095581859167140702","","2026-09-04T21:20:52.000Z"
"jennajames","0x8F5E5ffa3Fe6572153fEff7311c763EC79d5e785","https://x.com/Jennajames/status/2095684861690584671","","2026-09-04T21:14:57.000Z"
"jennifert","0x8a92f873f1698087AB51550e27b3E0Fb2F67D01d","https://x.com/Jennifert/status/2095619409258768763","","2026-09-04T21:15:09.000Z"
"jenyleins","0x3370e30416cff11691739da024a2f3ea36ec4380","https://x.com/JenyLeins/status/1470415249647947780","556","2026-09-05T05:29:56.000Z"
"jepeoke","0x32345264562916397f601609b341cdbec7ca6a7e","https://x.com/JepeOke/status/2095915149433680026","349","2026-09-04T16:44:21.000Z"
"jercik","0xA9501587cd5D65DAF0Cb7826060A5A64bf670818","https://x.com/jercik/status/2095318200964696198","","2026-09-04T21:15:34.000Z"
"jeremmm","0x00f76f4cd39E92DC807078288a00b48792E08938","https://x.com/jeremmm/status/2095289078253143449","","2026-09-04T21:15:34.000Z"
"jeremy906","0x9915D566707be2b3CE5dEce2F396e9c0a0426574","https://x.com/Jeremy906/status/2095039191974090364","","2026-09-04T21:14:43.000Z"
"jerry","0x0bCB8DBeF09bc8e80072B6bD9EC49f77632CbA27","https://x.com/Jerry/status/2095620238254201009","","2026-09-04T21:19:49.000Z"
"jeshxyz","0x9a8a6a491160ef695207c3177eb42677d494462b","https://x.com/jeshxyz/status/2089764399879991302?s=20","518","2026-09-05T03:28:28.000Z"
"jesse227","0xd3bb805148fcB1B909e7A3372A51EC62916d3C7b","https://x.com/Jesse227/status/2095181025550852696","","2026-09-04T21:15:19.000Z"
"jessimlr","0x4135e214e13801De9206DD006ba0fAfD4A7552ac","https://x.com/JessimLr/status/2095653920333165163","","2026-09-04T21:19:49.000Z"
"jester_ren","0x6543C06df7BeA30E086d20dc9153D6914fd70B91","https://x.com/jester_ren/status/2095772678060578964","","2026-09-04T21:16:30.000Z"
"jestoka","0xdC59224552130c5E05f9aCDC65C326c990C1081c","https://x.com/jestoka/status/2095255953275327384","","2026-09-04T21:14:40.000Z"
"jesus1991","0x10bE367585cEEb824ED6ae0A75A6e3978A4fF797","https://x.com/jesus1991/status/2095749199424806144","","2026-09-04T21:20:02.000Z"
"jeth2","0x5aE7d05213668E48c359c59a81500cFB3809666f","https://x.com/Jeth2/status/2095775375751915915","","2026-09-04T21:17:12.000Z"
"jeysi","0xdf93B3Eb786b54B49A8860da8fe33f235B32d2D1","https://x.com/jeysi/status/2095013147535439748","","2026-09-04T21:21:39.000Z"
"jezza14","0x01EC8ed95216FdDf161Ad948B36481d500eE8367","https://x.com/jezza14/status/2094918470817943715","","2026-09-04T21:15:43.000Z"
"jf200","0x0B81753e5b422FffA08186089c8FB42D6C5DBfdC","https://x.com/jf200/status/2095734095093914036","","2026-09-04T21:18:37.000Z"
"jg99999","0xeEeBAfB3F62220A805e8D61d126162A08a3CC377","https://x.com/JG99999/status/2094914878228023522","","2026-09-04T21:14:28.000Z"
"jhant","0x95FE8B6cD7838671957349bb9c2E09F406A9DB8f","https://x.com/jhant/status/2095577354240965765","","2026-09-04T21:21:02.000Z"
"jialaolian","0x36960Af982342282Ebb9Cc209c23E3ac65D5e39c","https://x.com/JIALAOLIAN/status/2095270928748107636","","2026-09-04T21:16:52.000Z"
"jiantai","0x74cF20eCEEc544ea2e7bF900B65AF9FeAC126999","https://x.com/jiantai/status/2095317853213545339","","2026-09-04T21:15:54.000Z"
"jibak122","0x0d1C851a233fCae1918959855861eF0A7258a339","https://x.com/jibak122/status/2094934438065988083","","2026-09-04T21:16:43.000Z"
"jibink","0xa6f6d1E25FEfA6B3F10a48635367581B231b4fc5","https://x.com/Jibink/status/2095021487443069514","","2026-09-04T21:17:05.000Z"
"jibonweb3","0xc4e2FFA7Be10cbFB5271C72E80a40852DF20d20f","https://x.com/JIBONWEB3/status/2096027567811916027","490","2026-09-05T00:10:51.000Z"
"jimbo217","0x1Fd2bB27355ff1E9823F88aE23638bC6F1EC5c9b","https://x.com/Jimbo217/status/2095549598297070774","","2026-09-04T21:21:05.000Z"
"jimest","0xF49e5516772316D988ADEd63c7e17f1Bd6086842","https://x.com/JIMEST/status/2095545810139752101","","2026-09-04T21:20:19.000Z"
"jimestka","0x19a58ADe721a5c602df4F56C2BF83127B3A583c0","https://x.com/jimestka/status/1463938220085825540","524","2026-09-05T03:53:50.000Z"
"jimeyli","0x316d752009beF22829Ac7BC5c05fedA2a54654c4","https://x.com/jimeyli/status/2095886953712819497","","2026-09-04T21:14:48.000Z"
"jina_fany","0x4757a8fba137e71d331395a7393f45a9d5359bfc","https://x.com/jina_fany/status/1510644537126883330","559","2026-09-05T05:30:00.000Z"
"jinx11","0x6027d511a000E51e059C7fBa965328669A2E0450","https://x.com/jinx11/status/2095134834987082191","","2026-09-04T21:21:34.000Z"
"jiogen","0x420FA9816D8756e5b3aaCF132Fb2D49C13d8A807","https://x.com/Jiogen/status/2095267291345839887","","2026-09-04T21:14:13.000Z"
"jirayu","0x856859fA80Ae6dCfF6f1cc6DB2B8ba6E3ef43e09","https://x.com/jirayu/status/2094965834687002663","","2026-09-04T21:18:54.000Z"
"jiro56","0x6d056584Ee93F1Df88fe4f31DFB5C595c944e5a5","https://x.com/jiro56/status/2095667292073632006","","2026-09-04T21:21:00.000Z"
"jitell","0x1fC89b0F816812A3f8cce0A64a685e6DE4eEc138","https://x.com/jitell/status/2095652125076592876","","2026-09-04T21:20:23.000Z"
"jiuqiao","0x23680EBE09b186dc19d8Eae5472c032f7989f5A6","https://x.com/jiuqiao/status/2095977724881549627","","2026-09-04T21:17:09.000Z"
"jjiolh","0x0E5eAE8d3465f1545793651409bcbAEE9BF2Cc87","https://x.com/jjiolh/status/2095018578785906287","","2026-09-04T21:16:22.000Z"
"cryptoinsivwo","0xe60DcC075A1d4f3609A36993F2d56537FC25e795","https://x.com/cryptoinsivwo/status/2095816430528942355","101","2026-09-04T10:10:01.000Z"
"jlo27","0xF848e2f223FEC7c5dA4485F239179D8D3324f2ce","https://x.com/JLo27/status/2095897513933215318","","2026-09-04T21:16:31.000Z"
"jnixable","0x2812B3A3Ea3159c0e0cBc0DAE66fcF71F027b6c8","https://x.com/jnixable/status/2095016834378818030","","2026-09-04T21:21:23.000Z"
"joanna001","0xe91F8BE2359C32017384Ee64012cec517a29898e","https://x.com/joanna001/status/2095168901551673474","","2026-09-04T21:19:21.000Z"
"joannasko","0x8cC82CaE4c130AFa80a195A7301F9298F37171B5","https://x.com/JoannaSko/status/2095230524274890092","","2026-09-04T21:20:58.000Z"
"jobiraw0","0x1f80802170d6053E258976DA3C061c42b44761fa","https://x.com/jobiraw0/status/2095975177595064492","444","2026-09-04T20:40:48.000Z"
"jocyg22","0xc9f0dC5AB582a9c636aF0AFF716B8B7d1e672CA9","https://x.com/jocyg22/status/2095185868424894030","","2026-09-04T21:18:45.000Z"
"joemcknight25","0x4700C7d9A7a7eF8c1018c58eF0c03653C7973601","https://x.com/JOEMCKNIGHT25/status/2096088414906945563","536","2026-09-05T04:10:22.000Z"
"johannaber59259","0x59e716ecf6B6b064376aF627F4980e37f6eE2Ec8","https://x.com/JohannaBer59259/status/2095617238318658472","","2026-09-04T21:20:13.000Z"
"john_g02","0x502622D5b1F91277627eFF6503365672Ee285D66","https://x.com/John_g02/status/2094958807756199864","","2026-09-04T21:17:31.000Z"
"johndouglas11","0x9f3194882A58f8325C8ba951A5bcDF1eE040c91F","https://x.com/JohnDouglas11/status/2095015195294547214","","2026-09-04T21:14:06.000Z"
"johnpepe","0x1de041173c1B63317bebc334116Def133dB163a0","https://x.com/Johnpepe/status/2095837804043169752","","2026-09-04T21:14:53.000Z"
"johnwick8011","0xb2cD70997C10c757Eda02DB8b7AeB80FB527bf4D","https://x.com/johnwick8011/status/2095391652119448906","","2026-09-04T21:21:26.000Z"
"jojo","0x5Eb9D8Bd6F3fc0EdcdD054a89A7bC7AC7449DC70","https://x.com/jojo/status/2095049100358783704","","2026-09-04T21:20:52.000Z"
"jojo002","0x68736A152BF94a20cb7853ef06EffBBC0779C396","https://x.com/jojo002/status/2095978161471694788","","2026-09-04T21:19:40.000Z"
"joker83","0xf993cdd31C0835B6Ab5e6B0c957c4937D4aD4c96","https://x.com/joker83/status/2095426887427276094","","2026-09-04T21:18:10.000Z"
"jonatha14601441","0x8f9f7ECa6a843dF634a999f73c025D5Fb794DcB5","https://x.com/Jonatha14601441/status/2095850321417924296","","2026-09-04T21:14:04.000Z"
"jonipram","0x375baec736629c96700cf82d8aBE3646042Ca00f","https://x.com/jonipram/status/2095755443911484760","","2026-09-04T21:20:00.000Z"
"jonkas","0xEa34fb21364Fe090DCbCC77C5dFA5A710fD5F1ce","https://x.com/jonkas/status/2094922665594525532","","2026-09-04T21:17:46.000Z"
"jonsnowknowss","0x27fa4D75573fe4Bf553c710C803519f14A96eD04","https://x.com/JonSnowKnowss/status/2095044472665463981","","2026-09-04T21:18:37.000Z"
"jony","0xD68185C96EfF3edA4a79B3607865A175564832E2","https://x.com/Jony/status/2095665817554558852","","2026-09-04T21:16:32.000Z"
"joopg","0xd18fb652Faf82FB34A7b7A7Bb1B7780298E83428","https://x.com/JooPg/status/2095572561795730746","","2026-09-04T21:14:54.000Z"
"jor71","0x633de1301A29dcC4233040dA10F63eFE43A3FE97","https://x.com/JOR71/status/2095174076750247677","","2026-09-04T21:18:36.000Z"
"jordan","0xb286C4FEc30893443620edfa28457544eBC3305F","https://x.com/Jordan/status/2094927767882738221","","2026-09-04T21:18:10.000Z"
"jordan10","0x9F9E9cCF18F2C9b5D2e781924033222Ce39692df","https://x.com/Jordan10/status/2095755176196444574","","2026-09-04T21:20:58.000Z"
"joseph1","0x4054fC50E1097D11B1DEC4B554a0C22d9520BF35","https://x.com/Joseph1/status/2094973250944461661","","2026-09-04T21:17:01.000Z"
"josephu","0xFA6Fd507Ac4Aad00BaEc5A7Ce57eB661383e3673","https://x.com/josephu/status/2095739842288778696","","2026-09-04T21:14:35.000Z"
"joshcrypto5001","0xc27413d37376926A6b41b60ceDB1093D13341aA9","https://x.com/joshcrypto5001/status/2095997751599280473","475","2026-09-04T22:10:14.000Z"
"josshhy","0x6A44DD83493Cf8A3Ab7D34190DEf111306f2D9bc","https://x.com/Josshhy/status/2095476863564144996","","2026-09-04T21:14:54.000Z"
"josyliaw","0x3ce0b28d30ea0812bc71a3d3fe3b1045fa5c35d1","https://x.com/JosyLiaw/status/1476214831485231106","591","2026-09-05T05:58:52.000Z"
"joti","0xBBf2F66CF404978D1efD3a86497f31810D1aE473","https://x.com/JOTI/status/2095751102330497655","","2026-09-04T21:17:10.000Z"
"joushasweeney","0x8a14CEcC0b581c404719dF8db8194496c3962644","https://x.com/JoushaSweeney/status/2095737079225375308","","2026-09-04T21:19:25.000Z"
"jowsushi","0xFdd02ea2BF0c471c18f66c38c8C8A9751f09855a","https://x.com/JowSushi/status/2095305246008691529","","2026-09-04T21:18:42.000Z"
"joyashree","0x3CE351D6fd84c7133d441f76D7f5b9ae6dF50E85","https://x.com/Joyashree/status/2095212784983840416","","2026-09-04T21:16:21.000Z"
"joyiddd","0xc2cF7acE476AD29C1fE7afA35Dc2af79b18e5f46","https://x.com/JoyiDDD/status/2095357086844946724","","2026-09-04T21:20:43.000Z"
"jpeghodler","0x09296cbD829e7A4e9d4d52e072aB16d45b5D38B6","https://x.com/jpeghodler/status/2095428183836424440","","2026-09-04T21:16:55.000Z"
"jrojeres","0x46a4c72e9aC1F3194bFcfe1354dae43D90652FAa","https://x.com/Jrojeres/status/2095755448187675756","","2026-09-04T21:18:14.000Z"
"tycoonwealth14","0xBF276d788225966Cefe338a54C771C9A1BaaE135","https://x.com/tycoonwealth14/status/2095826823535902732?s=20","167","2026-09-04T10:55:36.000Z"
"juanmario","0xAb1Bf111f3C4D79043B217e20CFc85a7270db406","https://x.com/JuanMario/status/2095639110811118241","","2026-09-04T21:14:02.000Z"
"juckarbar24985","0x5932059B5F70e39b39bB2b1d0060a15FF1aa61b5","https://x.com/juckarbar24985/status/2095101930598712579","","2026-09-04T21:17:22.000Z"
"jufu001","0x399F379D350602D5ADAAcCD1AAAe76d365C7a6D5","https://x.com/jufu001/status/2095163480435252217","","2026-09-04T21:18:48.000Z"
"juhan","0xe1Ed51Ac12ec94Cd9519467F09DD100bdEbf4985","https://x.com/juhan/status/2095365735420316348","","2026-09-04T21:15:21.000Z"
"juki","0xDf2BbCb906f91E9A8F7123B2352d82D6A96152F4","https://x.com/Juki/status/2095349269688327885","","2026-09-04T21:21:16.000Z"
"juliansiena","0xfB939179D22fbE635B5bd91D0B36e47f5e988130","https://x.com/juliansiena/status/2095746015732311693","","2026-09-04T21:18:05.000Z"
"julietmahon","0x73B4b4E518981363210497dDAcc894e36913da9E","https://x.com/JulietMahon/status/2095256300442714436","","2026-09-04T21:17:02.000Z"
"julkernine","0xe41b73DF72C1079067C09B2FdE93fB6171624336","https://x.com/julkernine/status/2095900090537469609","","2026-09-04T21:15:56.000Z"
"julymohony","0x2ad097d08428f18e32a7da9a407022ca9334d161","https://x.com/JulyMohony/status/1512831533476085761","585","2026-09-05T05:43:43.000Z"
"june_bard","0x43b0cF1071B1FF10F12aD784267a9A66569aBeBe","https://x.com/june_bard/status/2095931074684924914","","2026-09-04T21:14:10.000Z"
"june_monk","0x444CFB16940bd5FA9BbE0e1b9fD69492b40c1026","https://x.com/june_monk/status/2095392458552995744","","2026-09-04T21:16:32.000Z"
"junhyk","0x1630f9E13827b2a038C9e7A9006Ec2Eb78238D89","https://x.com/junhyk/status/2095102637298348448","","2026-09-04T21:21:04.000Z"
"junoriver","0x31FC9368Dc4c2E235bAb451019cc346e4084bCaC","https://x.com/junoriver/status/2095824874946464176","","2026-09-04T21:16:11.000Z"
"junrynn","0xc6d62DDe65F42fEAd5e6FeABcC33A8320CEf18DF","https://x.com/Junrynn/status/2095885254705620467","","2026-09-04T21:14:15.000Z"
"justeezy","0xDB7cE4266F5F546288C2897fEB8a4552337dA554","https://x.com/justeezy/status/2095738362300504684","","2026-09-04T21:15:25.000Z"
"justhodl","0x4b727d81952D373c0844245Ac79a3A0A6f940B27","https://x.com/JustHodl/status/2095954809191945708","","2026-09-04T21:14:30.000Z"
"justinrzx","0xF6174b0412B16c77eA321f85a216a2Ad0dB3471B","https://x.com/JustinRzx/status/2095781848402413520","","2026-09-04T21:15:03.000Z"
"justpresh","0xEa22a112a6ee62c79Bd6d472c33F26B007Ff5286","https://x.com/justpresh/status/2095920325526698598","","2026-09-04T21:16:56.000Z"
"justrelax","0xc3Ed1f8849CafF5703b5F3A8385944D9044e9db0","https://x.com/JustRelax/status/2095352346677598836","","2026-09-04T21:18:55.000Z"
"juttyouns","0x9a520818860c35e58d87a63c3fee29f49470888c","https://x.com/JuttYouns/status/2096067322624782771","510","2026-09-05T02:47:28.000Z"
"juzi","0x55A180F7cF71aE549837299848b465D292a7068A","https://x.com/juzi/status/2095822187926864304","","2026-09-04T21:21:16.000Z"
"H_a_s_h_i_m","0x2d11Ec21eCe3Af652617b4560bc78e751589e898","https://x.com/H_a_s_h_i_m/status/2095763996414722049?s=20","63","2026-09-04T06:41:11.000Z"
"k11a","0xe6F4C01A832F8f66Bf82B03dD33B9F67f2008508","https://x.com/K11A/status/2095409001566854313","","2026-09-04T21:14:37.000Z"
"k1ukin","0xf37d089800Afe92aBfa548168B6bF6d2825206a1","https://x.com/k1ukin/status/2095713901522862386","","2026-09-04T21:18:56.000Z"
"k2se","0x4FCf6D6bf0F3FD049915606c0F4DE336270B8e21","https://x.com/k2se/status/2095442506213534672","","2026-09-04T21:14:38.000Z"
"k4nnoji","0x368244Dc8b3fA03602d7ebD5432cF36422A52875","https://x.com/k4nnoji/status/2095518311004524793","","2026-09-04T21:15:01.000Z"
"JoyceEvansv7ig","0x65fEf6bdF99C9bFdb5127Cda4F8aE08CB36541BD","https://x.com/JoyceEvansv7ig/status/2092616928429342721","","2026-09-04T08:58:54.000Z"
"jennifer62tu2","0xc1117404d20f0bF18B85b7AFb51382b90609E1EB","https://x.com/jennifer62tu2/status/2094365530709295105","","2026-09-04T08:58:09.000Z"
"y1kg0mj3","0x71FE9CC28c4C07837337dD3224e3a611CbB74513","","11","2026-09-01T00:38:40.000Z"
"k_700","0x9678aA27c6F8418e4A86fF3024AED85006007087","https://x.com/K_700/status/2095311305440416206","","2026-09-04T21:19:52.000Z"
"kaanbey","0xCc13f56c31E4659B40e15c9ead1fD2b28658Dd91","https://x.com/KaanBey/status/2094923430722669807","","2026-09-04T21:20:42.000Z"
"kaantr","0x98869b8b2844F47bFdA9dea0E5Bb179A183fA09E","https://x.com/kaantr/status/2095841863720412253","","2026-09-04T21:20:57.000Z"
"kabiralinsi","0x31ee535477c85e97c5d65cd543e443ac8e21944c","https://x.com/KabiraLinsi/status/1472572027500253189","553","2026-09-05T05:29:41.000Z"
"kacha","0x4c2004aC13B9505b53f1c55414885c79217a420D","https://x.com/kacha/status/2095340341537452012","","2026-09-04T21:16:34.000Z"
"kaeru08","0x30d228a62B5Cc8d83E22306235b259EcA956b5B3","https://x.com/kaeru08/status/2095051556174968326","","2026-09-04T21:21:09.000Z"
"kafcoppelia","0x35F972F1eEfDE79c743D8802bF59dbd5e00CDD3A","https://x.com/KafCoppelia/status/2095119088459295839","","2026-09-04T21:19:12.000Z"
"kagemarua","0x13f5a1632cd811a5a641f16c366f47a4ae80ccf3","https://x.com/kagemaruA/status/2095013200001897210","","2026-09-04T21:15:19.000Z"
"kagemystik","0xca5c211bf7ed4fe660031941afd585ce10263071","https://x.com/kagemystik/status/2095981662777864249","450","2026-09-04T21:07:01.000Z"
"kahrl","0xfa9c43D910311c76c9eE7150fd8A7746BA932B7C","https://x.com/Kahrl/status/2095653125697350600","","2026-09-04T21:16:08.000Z"
"kai_falcon","0x85A0d8EC86e2DC1577f4F77e7A324604f0f51757","https://x.com/kai_falcon/status/2095460419677884167","","2026-09-04T21:14:28.000Z"
"kai_oracle","0x3d8A73667e5A709dD269169Fa43D7F66F461BF99","https://x.com/kai_oracle/status/2095802719097146350","","2026-09-04T21:15:19.000Z"
"kai_prophet","0x11A0e18D632662C63a0d242A7702cE3E7EDB6B46","https://x.com/kai_prophet/status/2095373388730284884","","2026-09-04T21:17:21.000Z"
"kaidenn167","0x500FA5F1bFf38A8Cb654eAc6C43E8c1FD9B77844","https://x.com/kaidenN167/status/2095830686503886388","","2026-09-04T21:21:12.000Z"
"kaikis","0xbC1CD9817F52Cb30F009E5508833AE74F5ed51E2","https://x.com/Kaikis/status/2095690789217685853","","2026-09-04T21:21:28.000Z"
"kainapaira","0xc3a180a99074b463d177bce198bf54ecf9e98152","https://x.com/KainaPaira/status/1472573097773441025","567","2026-09-05T05:43:14.000Z"
"kairoo84","0x9F0759784adf7ea4e6280EC09A46c24714dFf630","https://x.com/kairoo84/status/2095891989568826941","","2026-09-04T21:14:58.000Z"
"kaischolar","0x62FA5394b51eefa97dF760B46EF071903bff43F0","https://x.com/kaischolar/status/2095396200272188277","","2026-09-04T21:15:55.000Z"
"kaitah","0x09AaFBB46A4DD613B6A9a5370694686d0cf1Df2a","https://x.com/kaitah/status/2094929765390929304","","2026-09-04T21:16:28.000Z"
"kaivan63","0x22870B508f30281D664935C4EE76114773aa46D8","https://x.com/Kaivan63/status/2095045276447799842","","2026-09-04T21:16:25.000Z"
"kajko24","0x7ef7c0e2e6E0F88E8F823816B5814c0dC010029d","https://x.com/Kajko24/status/2094939916961399732","","2026-09-04T21:16:15.000Z"
"kalaitz","0xa8285E69c741020150bFF1D83D645C65E3609362","https://x.com/kalaitz/status/2095655859623757471","","2026-09-04T21:20:53.000Z"
"kalbasa","0x9e84Ffc62d8cc469B3ACcE87ec7AC480DC42Df4e","https://x.com/kalbasa/status/2094906446540865264","","2026-09-04T21:18:35.000Z"
"kamenn","0x86ABf4ec8176721aA71E2b650078CBdAbfCFd5Cf","https://x.com/kamenn/status/2095946350162806267","","2026-09-04T21:15:20.000Z"
"kamichan","0xb9984F4d8507927b3b5997e876737eA5e8dCb286","https://x.com/kamichan/status/2095165347184704507","","2026-09-04T21:15:16.000Z"
"kamil","0xC7F4cF587F3a6A8bbF6B2318349f4cBecB9F2e9E","https://x.com/Kamil/status/2095274766094593638","","2026-09-04T21:18:29.000Z"
"kane0301","0xd4ab5c98AD25c4acB7177eF19A767f9ca43dAdA2","https://x.com/kane0301/status/2095305704471670256","","2026-09-04T21:18:14.000Z"
"kane0701","0xC2B616523E9e620C14010807a8fca24B92c15eed","https://x.com/kane0701/status/2095579752018203692","","2026-09-04T21:14:23.000Z"
"kane0801","0x720274cc2F7a2961A766469C113EA5e89C2D6711","https://x.com/kane0801/status/2095867814457341428","","2026-09-04T21:20:16.000Z"
"kane101","0x4772734822C1525c3D296b4011F7B1B3E0a023d5","https://x.com/kane101/status/2095263702299014503","","2026-09-04T21:17:14.000Z"
"kane1304","0xbEE1b96f31775F6A390EbA0A85acD115d08695eE","https://x.com/kane1304/status/2094986520685156295","","2026-09-04T21:14:08.000Z"
"kane201","0xa9707A1fC52bbCB60A36F804264e8032b35F4eF1","https://x.com/kane201/status/2095379146238848603","","2026-09-04T21:15:35.000Z"
"kane2305","0x9cd395f3D68faf6E78F7C0f50562DF950Ee8Fd21","https://x.com/kane2305/status/2095918521081581084","","2026-09-04T21:17:27.000Z"
"kane2501","0x296b6c915C0c4E0C76C3c18331B9FB9F1B6b1D2e","https://x.com/kane2501/status/2095951047147856617","","2026-09-04T21:15:55.000Z"
"kane3304","0xC29BE2d59f6df0A1f4Ceb649f1c75e369F8A4D9E","https://x.com/kane3304/status/2095869549662900850","","2026-09-04T21:16:53.000Z"
"kanekiweb8","0xbd3021fa06f4bda7804d84Ab3Af6AaF86a43339b","https://x.com/kanekiweb8/status/2095926114963316882","372","2026-09-04T17:25:42.000Z"
"kang01","0x47E65089f03521c1C3f7CFc1542Fa677C62ceb98","https://x.com/kang01/status/2095729040083484878","","2026-09-04T21:19:35.000Z"
"kangmutan","0x3e542ae21C32562853BB4c008692120538E22963","https://x.com/kangmutan/status/2095423012548077824","","2026-09-04T21:20:10.000Z"
"kanishkraj1535","0x10E189B527D04DD1B575e2FD59f60FB98B584168","https://x.com/Kanishkraj1535/status/2094913000526267696","","2026-09-04T21:17:55.000Z"
"kankarbok2","0xbb655415Cb58DF2660B6aE941A897aEf5f9E6963","https://x.com/KankarBok2/status/2095996120287805850?s=20","473","2026-09-04T22:04:48.000Z"
"kapinvest","0x4A32DCa6b0408cD17dddd8F4A0851080aE06f21A","https://x.com/kapinvest/status/2095240038007761032","","2026-09-04T21:17:25.000Z"
"kapolove","0x6ab7C2b81d9F9cBA69E78C471D3CE2b8aa9be6aD","https://x.com/kapolove/status/2095617409371165034","","2026-09-04T21:20:45.000Z"
"karaage","0x7b5F953e7262681dcE3DebEB0ce559512a8886Ed","https://x.com/karaage/status/2095868451023897331","","2026-09-04T21:21:22.000Z"
"karazawa","0xc813Cf414e37d2D91dBe1d91d1577f770Dc670cF","https://x.com/Karazawa/status/2095268537015781274","","2026-09-04T21:19:55.000Z"
"kari","0x00D28EfFd41dE8F48A7003815D0fFe2408D1dD32","https://x.com/KARI/status/2095855546821928305","","2026-09-04T21:16:27.000Z"
"karigan","0xBe50699434654e3808e8bf0693B2421870797d7a","https://x.com/Karigan/status/2095832402232330313","","2026-09-04T21:16:42.000Z"
"karinaqubee","0xc1f8d7391b3692c5369be360bb044581bd5ca13d","https://x.com/KarinaQubee/status/1470415662514257923","551","2026-09-05T05:29:06.000Z"
"karinasafitri_","0x7300ae87580757Ce993C449DF6707b05237a6eDb","https://x.com/karinasafitri_/status/1","640","1788588402959"
"karlnick3on","0x93Fec9CF8b7BC794aBB303EEAD67D04C3129EfAA","https://x.com/karlnick3on/status/2095725044994363171","","2026-09-04T21:14:13.000Z"
"karmaabd","0xF09bECa13B36eE170C7C6836Af85b33b47981a62","https://x.com/Karmaabd/status/2095888758473315398","","2026-09-04T21:17:44.000Z"
"kartik","0x8254d28f9346194bce91B19662894CD9656B458b","https://x.com/kartik/status/2095200489726435722","","2026-09-04T21:20:50.000Z"
"karwan","0x3f22ae68bA913dfB47C009953A42Bb884BE9CF95","https://x.com/karwan/status/2095411885310639529","","2026-09-04T21:17:06.000Z"
"kascon","0xa09cFd9E5E97Bca169b73A6E5A27bb72B335A8EA","https://x.com/kascon/status/2095069506357036329","","2026-09-04T21:17:34.000Z"
"kasiano","0x63B71aD2a353C112d28C7F0D66d6692165C86D83","https://x.com/Kasiano/status/2094936475597224309","","2026-09-04T21:20:11.000Z"
"kat3","0x3d5C2B403B2903b6792CFA4aFb5D811BDBA59bf6","https://x.com/kat3/status/2095269627201602141","","2026-09-04T21:18:35.000Z"
"katonijiri","0x015d91f373aa649351589959b658ac14d73198b4","https://x.com/KatoNijiri/status/1471015280570560516","548","2026-09-05T05:29:02.000Z"
"katsuoth","0x4562E92dc6eB4696050A0D9A09BEBc5BC5bAb408","https://x.com/Katsuoth/status/2095660266173684148","","2026-09-04T21:18:35.000Z"
"katsura","0x43179113486a3bF969FAf11d78fc6aA48ae3304d","https://x.com/katsura/status/2095444234717197110","","2026-09-04T21:17:24.000Z"
"katuvintik","0x307304d8D6312802F345782F66da3275CC018231","https://x.com/katuvintik/status/2095317320003593423","","2026-09-04T21:14:48.000Z"
"kaungkin7","0x76573ab4153a33A37483C9a7885BEE5Fb7C61c9d","https://x.com/kaungkin7/status/2095186418608938159","","2026-09-04T21:19:42.000Z"
"kaupernick","0x92D27bb06E506Ca582C830232734e001548C589B","https://x.com/KauperNick/status/2095577461624602334","","2026-09-04T21:19:31.000Z"
"kaushik","0x3b3F746505b94Cc7D2c040145A89fE1377bCA945","https://x.com/kaushik/status/2095241949311696983","","2026-09-04T21:21:08.000Z"
"kavpodolsk","0x2F973Cb9009c2963D7fC1DFe9028BA4B0CD9F166","https://x.com/kavpodolsk/status/2095200795925216612","","2026-09-04T21:18:08.000Z"
"kaz0403","0xE10cb93dFCA04eCF7081d497b379622DE2521fe4","https://x.com/kaz0403/status/2095620203029856555","","2026-09-04T21:20:36.000Z"
"kazama123","0x1D886E182B773E11652EF44B48D99Ad6C7DE960a","https://x.com/kazama123/status/2095276820416467256","","2026-09-04T21:20:29.000Z"
"kazukiz","0xea6A102aF7Fe06103431e641071683C9DB641352","https://x.com/kazukiz/status/2095219175606801920","","2026-09-04T21:16:30.000Z"
"kb_1","0xa825AE015427Ad8FB2fC63123e0A9Cf73676c758","https://x.com/KB_1/status/2095674895224833913","","2026-09-04T21:18:55.000Z"
"kbzk","0x35A8fE4C8e9a8B9b88cFA3bfaEb1ebc23E9a876d","https://x.com/kbzk/status/2095018920489975378","","2026-09-04T21:19:35.000Z"
"kehmb","0x91Cf760948Db7BDbcaD65E80ED732092d0BFE4ae","https://x.com/kehmb/status/2095883838824636250","","2026-09-04T21:18:00.000Z"
"keiterz","0xadF7A8b92E98bea5eEDBbF3bf20652d5B4083FD8","https://x.com/keiterz/status/2095122357787906668","","2026-09-04T21:21:02.000Z"
"keithchristian","0xbA982Bd05ae05Be9D7C15515277676717B59d95D","https://x.com/KeithChristian/status/2095505801485233766","","2026-09-04T21:16:19.000Z"
"kekk","0x6130ddbc37f141516059C08B3d6f9639872f8985","https://x.com/kekk/status/2095251930219657086","","2026-09-04T21:15:21.000Z"
"kemg","0xdB1091f74C8A0322053b2F9C1B49b8E16b5BA211","https://x.com/kemg/status/2095847385957184953","","2026-09-04T21:19:29.000Z"
"kempatchi","0x6979c2096e87aE0f90a593E7791866B87dFbfDCE","https://x.com/kempatchi/status/2095503250847011625","","2026-09-04T21:14:55.000Z"
"ken808","0x54D183A8483A8877c9B1D86badeb610e20A23Ee8","https://x.com/ken808/status/2095664407297270365","","2026-09-04T21:16:18.000Z"
"ken9x","0x115193D3B2fFc0a4Ecc6228E4A5FDd86Cd6CEF31","https://x.com/ken9x/status/2095888754613286741","","2026-09-04T21:14:10.000Z"
"kenanibis","0xd6701a14a219A9afB79976B7526a007FDa27b229","https://x.com/Kenanibis/status/2094973030320215918","","2026-09-04T21:18:29.000Z"
"kenchychwan","0xCFa06aECa7972276ec6F5074880583c74369E609","https://x.com/KenchyChwan/status/2095357080619116800","","2026-09-04T21:19:06.000Z"
"kenteee","0x61E2de144EB9442ED02FD8926e8af70e52F8Ba5c","https://x.com/Kenteee/status/2095024809933848637","","2026-09-04T21:15:18.000Z"
"kenther","0x338613877e9fEeEcC3Ddc98f008dC910152F8821","https://x.com/Kenther/status/2095982091254427593","","2026-09-04T21:18:01.000Z"
"kenzem44","0x30D6e3Ee119885546B54cd1110e7f05D08Df8497","https://x.com/Kenzem44/status/2095287315155119516","","2026-09-04T21:14:21.000Z"
"kepochnik","0x8B3CA9258f60cfdADbBd0f4Ec254fE0Bc63bAd66","https://x.com/kepochnik/status/2095018720530189003","","2026-09-04T21:21:08.000Z"
"kerem36","0xDE33CFFDe80094547c0811A0019de01EA7867174","https://x.com/kerem36/status/2095663230359339479","","2026-09-04T21:15:11.000Z"
"keri","0x26eDeCA75bCF3D27260b7Ce1eeed2F466DcFb371","https://x.com/Keri/status/2095004795531497737","","2026-09-04T21:15:39.000Z"
"kernoff","0x31369718720f0D57d9e9c72EE4A205f5c7a88fE1","https://x.com/Kernoff/status/2095169091875929223","","2026-09-04T21:14:57.000Z"
"keroman789","0x4500f57193A56037D9Dd234529A4659e07224567","https://x.com/KeroMan789/status/2094897898221436733","","2026-09-04T21:14:07.000Z"
"kesha1","0x7D19aa46b3F57e5F7eA7E84D6Dca149D3A4C9abE","https://x.com/kesha1/status/2095075853009069179","","2026-09-04T21:17:12.000Z"
"ketaminz","0x19aF94d81de2e8e53eB025103a4A75DF0Ba59FE3","https://x.com/Ketaminz/status/2095276844885903370","","2026-09-04T21:19:00.000Z"
"kevinturnerdo","0xcBC9be5C1bc5f677c38a65d850cccd244DEDb77c","https://x.com/KevinTurnerdo/status/2095237385996209800","","2026-09-04T21:15:28.000Z"
"keyzaa","0xB619Cc0Ee6DCd7DBdad0fdF6AEB59751f81cC2dE","https://x.com/Keyzaa/status/2095872724351545280","","2026-09-04T21:16:56.000Z"
"khabibgunawan","0x26B0666be0759020B3EBaDBeA101c7f644EC6e42","https://x.com/Khabibgunawan/status/2095288912740992567","","2026-09-04T21:19:36.000Z"
"khacquanitc","0xB6d68F9DDCfFA2431C926DDAa9C960E8eFe0219D","https://x.com/khacquanitc/status/2095330044061722801","","2026-09-04T21:20:58.000Z"
"khadeschneide","0x75EAedC08cBcBa50B886Db973BCE32a629cd07c9","https://x.com/KhadeSchneide/status/2094981956974515996","","2026-09-04T21:20:30.000Z"
"khadixbtc","0x740e8b726b5b00ddac9454bf5785d56a23876346","https://x.com/khadixbtc/status/2095920619183354164","362","2026-09-04T17:03:57.000Z"
"khai12","0x84C97Fb4188da866e82eE2b71Ca5567208554D7A","https://x.com/KHAI12/status/2095640617863957076","","2026-09-04T21:14:34.000Z"
"khairul1121","0xc5D0B1489C2CD405178Cbf052d95D915F2AD03c3","https://x.com/khairul1121/status/2095370927593617562","","2026-09-04T21:16:26.000Z"
"khalid44","0x90B91db282Ec0ff3cCEdC61A40B9Bea6662B59AA","https://x.com/KHALID44/status/2095226684626780543","","2026-09-04T21:19:50.000Z"
"khalidaaaibv7","0x12564c4054eb2e6b233cc4cd7d611895d6bf136c","https://x.com/khalidaaaibv7/status/2095971603712704596","442","2026-09-04T20:33:39.000Z"
"khami","0x9Bb207d3f5b1dcCd12D5aa31D45f0FeAF7daAc7C","https://x.com/khami/status/2095073234577874012","","2026-09-04T21:14:57.000Z"
"khampay","0xEb4ff32C22fc3943B93A3Ddd383E0d6f47C107a5","https://x.com/khampay/status/2095183338335514960","","2026-09-04T21:15:34.000Z"
"khariball","0x2e4f87180Aed6f036ad6b7147c08E40D396DCefE","https://x.com/khariball/status/2095437463690333727","","2026-09-04T21:18:44.000Z"
"khebotz","0x37D87C5C64B2c0A6dA5fBA0A3FFe9A8b9168A411","https://x.com/Khebotz/status/2095128883987787195","","2026-09-04T21:15:08.000Z"
"khizarahmad347","0x9941bF6242D20C2b0E457B9Be5269E415867eF47","https://x.com/Haunting_Hoods/status/2095880792765497711?s=20","422","2026-09-04T19:19:48.000Z"
"khizarulz","0xcBcFbe43Ba96D68D35E873f7c8627f9a86993D20","https://x.com/khizarulz/status/2095820974966053893","","2026-09-04T21:17:36.000Z"
"khlly","0x3607021ad644037f17Cd23FF67CE2fe376630F0F","https://x.com/khlly/status/2095841413151116392","","2026-09-04T21:19:07.000Z"
"khoban2","0xD36e52b907AC756d99C9DC4DEAC92364AA1B5cB8","https://x.com/khoban2/status/2095368307176275706","","2026-09-04T21:14:05.000Z"
"khoda","0x4063Fd490a3aC3FB9108c4d0E950AacF0F6C42Cc","https://x.com/KHODA/status/2095342190813084412","","2026-09-04T21:20:01.000Z"
"khondokar54701","0xa345A60bB5F3b378976e434Ae052D65172f7D19A","https://x.com/khondokar54701","226","2026-09-04T13:41:52.000Z"
"khosbayar","0x20b4369b10393101D2a182172E3f3c3C1d14B52b","https://x.com/Khosbayar/status/2095193227675877324","","2026-09-04T21:20:45.000Z"
"khrol","0xE6aE1869beB978c68E83560A51c22860F3E7E3eb","https://x.com/khrol/status/2095313351537953694","","2026-09-04T21:14:41.000Z"
"khunaa","0x5693A929c2061D9A7043e3A9A6d18D8ca3ECeCb6","https://x.com/Khunaa/status/2095227597515904419","","2026-09-04T21:19:08.000Z"
"kidnakub","0x2182659debA53237906AF75d6026CFBBBfc4aC53","https://x.com/kidnakub/status/2095541385375126959","","2026-09-04T21:19:34.000Z"
"kiemusddonggao","0xf9A2790E548f7D06DD71FC917B68F97801200Cde","https://x.com/kiemusddonggao/status/2095625956075934506","","2026-09-04T21:14:51.000Z"
"kientrung84","0x387C661539BD561D5Dd2263faAE146DF3d3a45b5","https://x.com/kientrung84/status/2095063087214338807","","2026-09-04T21:20:19.000Z"
"kikko","0xe82B6F76a69B3d367af5884560205C7F324A7D98","https://x.com/Kikko/status/2095825688025723737","","2026-09-04T21:20:42.000Z"
"kilctre","0x0Db12b0Bc2dF072617Eda74DaFb1476958CF5202","https://x.com/kilctre/status/2094894338912182524","404","2026-09-04T18:29:57.000Z"
"kill_l","0x405626910Abe30cF97A5b2e6E15b9F5e83024ad4","https://x.com/kill_L/status/2095366748651257937","","2026-09-04T21:18:33.000Z"
"killny3","0xef211a5b0e5c8e02e674231f3f8585ca473a360f","https://x.com/Killny3/status/2095953502430265577?s=20","419","2026-09-04T19:14:17.000Z"
"killtyraz","0x931DD5aAf0dde8DC5Cb496aafc12C514D08870fE","https://x.com/killtyraz/status/2095849300530269331","","2026-09-04T21:14:40.000Z"
"kimberlyturne","0xC3445D3cd04fde3d96196034B788F88d82d78EE5","https://x.com/KimberlyTurne/status/2095532226491427653","","2026-09-04T21:14:35.000Z"
"kimchau","0x8247C44a7e829d6f51ba0Ec2000A615BB72d8A10","https://x.com/KimChau/status/2095801001395526505","","2026-09-04T21:20:08.000Z"
"kimmyrathm14238","0x9ebf12ab7341374a52EfC6C08997036C3Aa26A35","https://x.com/KimmyRathm14238/status/2095523745451525619","","2026-09-04T21:20:27.000Z"
"kimsw","0xc3b3d3D292b87Ea4063e1e2F5eDE33a61170a8F4","https://x.com/kimsw/status/2095655303623190231","","2026-09-04T21:20:50.000Z"
"kimwei","0x32666a2d3ce80717cb851a95CEE1b5cD168bFA87","https://x.com/KIMWEI/status/2095447135412185346","","2026-09-04T21:16:23.000Z"
"kin_kornits","0xf5D693631B92B0fcB5a32A6B91a61aCeC39120Eb","https://x.com/Haunting_Hoods/status/2095494665466237398?s=20","259","2026-09-04T14:45:52.000Z"
"kinanstar18","0x445eb0D752BDf92cE1eFFC1F2FcDcDf8a54687Ac","https://x.com/kinanstar18/status/2095897647794237676","303","2026-09-04T15:32:37.000Z"
"kindboy","0xEFc9a6BF4a5cF46235D2c4D289a833aDF2206378","https://x.com/kindboy/status/2095236039799640826","","2026-09-04T21:20:26.000Z"
"kinesias","0x46f95ad8AcED9B2175b89965250E3D3b71F03C56","https://x.com/Kinesias/status/2095182988618616579","","2026-09-04T21:14:22.000Z"
"king","0xBE0432910082D5200140EEa1174D7B5bf1041398","https://x.com/king/status/2095958443467844471","","2026-09-04T21:14:09.000Z"
"kingcomrade","0xc0D808fD41345b5Ae6dD8d08e0fafa2b1674199f","https://x.com/KingComrade/status/2094988707776330116","","2026-09-04T21:16:40.000Z"
"kingharem","0x0182Ee3Bf8cB9d020b3197F117ff4c6d7A795A57","https://x.com/KingHarem/status/2095506030236315411","","2026-09-04T21:15:48.000Z"
"kingin","0xdE29C926074E1DE985b7Dd26E62575701D2227F4","https://x.com/Kingin/status/2095616094572687661","","2026-09-04T21:21:17.000Z"
"kingkhan","0x8C36d13E04A1BB3f5B02970405F7128a95c66C67","https://x.com/Kingkhan/status/2095016694903868259","","2026-09-04T21:15:50.000Z"
"kingkost","0xf0C2D36a6BF073BdB2a297787Df88cA1210a01ca","https://x.com/KingKost/status/2095508584536410345","","2026-09-04T21:17:30.000Z"
"kingmann","0xdBbaF8e784752698946302043706727F1B48fd0f","https://x.com/kingmann/status/2095698595095136870","","2026-09-04T21:19:15.000Z"
"kingsman","0x4b42f41be4D651d653bfE91468BDC1ED083b5B42","https://x.com/Kingsman/status/2094974618613609170","","2026-09-04T21:15:04.000Z"
"kingson","0xBaCE3Feb9ef8844451051F61b2c12979B381ecC1","https://x.com/kingson/status/2094931678775752329","","2026-09-04T21:14:19.000Z"
"kingspin","0x9A3888557d7550CDe7b1cA60a4b00e0936de3DE9","https://x.com/kingspin/status/2095951847665366745","","2026-09-04T21:15:57.000Z"
"kingstace","0x4c78d809ab7cCBBa817825cA367dAF8666247C04","https://x.com/kingstace/status/2095662620062734811","","2026-09-04T21:20:39.000Z"
"kingtetra","0xa6D50dfC778f536238C99b0E99F1614317A5121f","https://x.com/KingTetra/status/2094936880058816543","","2026-09-04T21:18:04.000Z"
"kinya","0xE03db82A2F7F05FE9304C1e5915D573DC4151d33","https://x.com/Kinya/status/2095567198464150044","","2026-09-04T21:15:34.000Z"
"kiramia","0x0DdAEB18f2DE9965D0b4d6f852Ec2638a5bE8007","https://x.com/kiramia/status/2095570978816339710","","2026-09-04T21:16:25.000Z"
"kirito_sensei","0xA8648c4284D6387df10444F558c862919022c9c0","https://x.com/kirito_sensei/status/2095902850989514363","","2026-09-04T21:15:40.000Z"
"kirlaki","0x37E68dDC8aF54d5EB72d29aAa89802Ed8ded3D53","https://x.com/Kirlaki/status/2095368967120777634","","2026-09-04T21:19:21.000Z"
"kirovkin","0x3696F98e9Bc9F910242b6D65a4bA563E01Bf4F3c","https://x.com/Kirovkin/status/2095652506368891054","","2026-09-04T21:17:45.000Z"
"kisai","0x1d485d4B737fA407BC3240a0057bFD0443beE2c4","https://x.com/kisai/status/2095931165150493651","","2026-09-04T21:18:29.000Z"
"kishan","0xB6bE358D9cE5E9a485853Fd6b1C660ED1eD5e9f0","https://x.com/Kishan/status/2095470333762536619","","2026-09-04T21:14:09.000Z"
"kitetsu","0xe0B1D1789EA508dBCEd20601AC0401E40175E775","https://x.com/Kitetsu/status/2094925976583887893","","2026-09-04T21:19:18.000Z"
"kizoo9","0x49214C8A473E985031bB824AE1d1875fb643e400","https://x.com/kizoo9/status/2095387992146460502","","2026-09-04T21:20:44.000Z"
"kjjii","0xA87dA9F9F093D0a84fe300f038DB679Ff1c13C39","https://x.com/kjjii/status/2095026280708670914","","2026-09-04T21:19:34.000Z"
"kjoma470","0xA50f48B47335E30bC91Da354E30239DBeca37c7A","https://x.com/Kjoma470/status/2095817206965997413","","2026-09-04T21:16:09.000Z"
"kkrt","0xAAc616F517996F86C24a799fd547ce83003D16b8","https://x.com/kkrt/status/2094962534204517908","","2026-09-04T21:17:06.000Z"
"kksssub","0x23ACD232780a0c9ED038Cf43F382276EE77251aA","https://x.com/kksssub/status/2095387561582530077","","2026-09-04T21:19:00.000Z"
"klassik","0x25C24A358BD022Bc09FFA9cbBD7B9d7D5EdC5Cc6","https://x.com/klassik/status/2095611208418922652","","2026-09-04T21:14:38.000Z"
"klay","0xe0c9D68AfC73793ee6bc4D0fEB631b84fD2d157c","https://x.com/Klay/status/2095218487031464675","","2026-09-04T21:19:45.000Z"
"kleks","0xE4ccD6B46f5F5dcc9107E10057A57E4ea3e67caB","https://x.com/Kleks/status/2094935997102317124","","2026-09-04T21:14:17.000Z"
"klevermouse","0xbfCC05075d33d2C3f552eAB2D389b04185eae8C5","https://x.com/klevermouse/status/2095669327277116397","","2026-09-04T21:15:57.000Z"
"midorisann100","0xb4ccddbc2f0b73df0208b26b0c3d4ae8d497a0d9","","3","2026-08-31T17:38:50.000Z"
"knight_kai","0x66528B82635307d66d10140A50ab9c7C196a2494","https://x.com/knight_kai/status/2095399068051321628","","2026-09-04T21:18:26.000Z"
"knight_ren","0xC6F02B04BE4Dbc72A1519b9dbDa26022c553097b","https://x.com/knight_ren/status/2095014924717158021","","2026-09-04T21:18:54.000Z"
"knightmare1104","0x5014c7c59ae000ccf53813796bb96c3960c6c1a6","https://x.com/knightmare1104/status/2095805741080944909","233","2026-09-04T14:26:36.000Z"
"knseed","0xfBd8D995495219cAC2220366784bB445561B5630","https://x.com/knseed/status/2095019932080863381","","2026-09-04T21:19:18.000Z"
"koakley","0x5577886365A2036c6f2D4B1e14827ed24598A866","https://x.com/koakley/status/2095865282024785763","","2026-09-04T21:14:55.000Z"
"koin_micing","0x8c63aacc12c822d06a2754e22c1941b17cf9fd5b","https://x.com/koin_micing/status/2095917830520893824?s=20","358","2026-09-04T16:53:25.000Z"
"kojiii","0x6Fa314466762E7AfB789766E5FaD2009A9EDA8a0","https://x.com/KOJIII/status/2095771588285046822","","2026-09-04T21:17:30.000Z"
"kokfong","0x1814ff786a8a47D7288adc4caB4624dF27cD771d","https://x.com/KokFong/status/2095572449558063494","","2026-09-04T21:18:39.000Z"
"kokoronin","0x8f37Caa59CF62d54aD2813A7e5D69c382Be851Bc","https://x.com/kokoronin/status/2095262687137827526","","2026-09-04T21:19:37.000Z"
"komaro","0x677cA0Fa344daC769c6FeBC36ccd8b08b810e7e5","https://x.com/komaro/status/2095706152186107208","","2026-09-04T21:14:33.000Z"
"kond1","0xAC36F5ef9Eb3837e649B62cB32498829303f5482","https://x.com/kond1/status/2095402396341699016","","2026-09-04T21:19:25.000Z"
"konnitra","0x6B278fDF47702863770b846A6ec33aB2272667bE","https://x.com/Konnitra/status/2095960806178484011","","2026-09-04T21:21:33.000Z"
"konopqq","0x23d1320655eBAF28891951708C11B3E1C4b48C4E","https://x.com/Konopqq/status/2095558562552609648","","2026-09-04T21:19:20.000Z"
"kooe2","0xB79Da0FBcf2b8ab2909f94459a34c977B41D3fec","https://x.com/kooe2/status/2095756019936187880","","2026-09-04T21:14:23.000Z"
"koool1","0x23B82e04F689079B4c69668F2AdA8B53Aace8570","https://x.com/koool1/status/2095177788397089366","","2026-09-04T21:15:00.000Z"
"kopperfield","0x67Ac0621B49bDD0c6f4d9B3daDda2969731855e2","https://x.com/Kopperfield/status/2094898239692540290","","2026-09-04T21:19:20.000Z"
"korgonxx","0x228DF918d79EFd3e18259D123aacB01ac10425CB","https://x.com/korgonxx/status/2095073563696917176","","2026-09-04T21:20:42.000Z"
"kossy999","0xCf3B1707209156c1F729cCe9aeba08C200cD536C","https://x.com/Kossy999/status/2095598909041793789","","2026-09-04T21:16:16.000Z"
"kota","0x1b6debec8C327f42ADe886EF27B39f1E4C9188a2","https://x.com/Kota/status/2095812317596008240","","2026-09-04T21:21:13.000Z"
"kotdimvas","0x3417C3E04eB74b857f472bDea4925718E733372a","https://x.com/kotdimvas/status/2095844591996045526","","2026-09-04T21:20:11.000Z"
"koulkou","0x4315E59AD6862aD35d7A2ff28CDd878Ac061B287","https://x.com/koulkou/status/2095665275665268773","","2026-09-04T21:21:14.000Z"
"kraj","0x639E64B8D0127bCcE2A0B6A947e80fE8769BeE5E","https://x.com/kraj/status/2095879146568423700","","2026-09-04T21:14:35.000Z"
"kral66","0x179FB71Ab63778e43cc33B60fEA9C177e105c053","https://x.com/Kral66/status/2095803339396866958","","2026-09-04T21:18:30.000Z"
"krayt91","0xAbaD683A50a7D71b9e772bD9a408Dc1F2B6C7025","https://x.com/Krayt91/status/2095174324715557779","","2026-09-04T21:15:02.000Z"
"krecik","0xB773D48BE6Fd6034b7E43d929A8d2bbe32Dbe667","https://x.com/krecik/status/2095240230124745270","","2026-09-04T21:15:12.000Z"
"kresnaeth","0x2685EB35921708c1F1c64637B224eB1cf9d9EA2A","https://x.com/Kresnaeth/status/2095673476594592216","","2026-09-04T21:16:52.000Z"
"kribolista","0xFb47EAFadfcbdAF81eF90a8970A96DE927abF2CC","https://x.com/kribolista/status/2095729245087746301","","2026-09-04T21:15:19.000Z"
"kricrypto","0x32f34Ae6ea60d5c48655AaC7F1645Bcab3C64dA9","https://x.com/KriCrypto/status/2095524791459070490","","2026-09-04T21:20:08.000Z"
"kriptoescobar","0x4FC4761269AC8a55C742a33bfF7CB53f3bE223C7","https://x.com/kriptoescobar/status/2095277041009739869","","2026-09-04T21:15:38.000Z"
"kriptoloji","0x516e78a0b6aCe9A5220CcF188B4CEC1c211C2580","https://x.com/kriptoloji/status/2095620292602414326","","2026-09-04T21:21:18.000Z"
"kriptoyd107","0x983cfcf3a54a454f3758Bb52Fc04afbdD6Ea0b20","https://x.com/kriptoyd107/status/2095469442271687194","","2026-09-04T21:17:48.000Z"
"krishanbb","0x392136D4F6c6af4c3ec46df0A7106597FE1C1503","https://x.com/Krishanbb/status/2095696228958984651","","2026-09-04T21:16:17.000Z"
"krisos","0xA3f86477300dd2c1Ba52Ab03343b803B67430278","https://x.com/krisos/status/2095204451570200192","","2026-09-04T21:16:06.000Z"
"krisstof","0x72323dF2944d832d3E5052A39Efc6cd4c1ee5391","https://x.com/Krisstof/status/2095181954130295658","","2026-09-04T21:17:56.000Z"
"kristenn","0x70753f0da99C270a215AF48F89c6785893166A58","https://x.com/kristenn/status/2095692101426013249","","2026-09-04T21:17:31.000Z"
"krisww","0x5F67bE449777b062277Ab0189Ea94DAe2472BebD","https://x.com/krisww/status/2095730956781966263","","2026-09-04T21:16:34.000Z"
"krit","0x967062EA533b6bBDDF6E95116274400EBd5f984f","https://x.com/Krit/status/2095913249105330069","","2026-09-04T21:18:48.000Z"
"kronosaed001","0x635BB5Bb59b961e514a88e66aFa832c083FAF67f","https://x.com/Kronosaed001/status/2095059105648169150","","2026-09-04T21:15:03.000Z"
"krosh","0xcFeB9140D18E813c0Ed1B33f61D18f1FCe786e81","https://x.com/krosh/status/2095047876193612639","","2026-09-04T21:14:49.000Z"
"krtsinc","0xc892D7A942d9875B9215ead461bF0adacfd41ec2","https://x.com/krtsinc/status/2095575726315861703","","2026-09-04T21:19:01.000Z"
"kryptotaide","0x55759edD296B17b1B341a9C3379eDE338aBB147B","https://x.com/kryptotaide/status/2095616115228690594","","2026-09-04T21:19:51.000Z"
"ksoltani","0xb8c107596A5a7B52F5339C33c109b57e9Fbd4464","https://x.com/ksoltani/status/2095173018217168451","","2026-09-04T21:18:42.000Z"
"ktrip","0x34eA5Af1Fa5C635D6C1Cf645b5B0314bE0Cc3C78","https://x.com/ktrip/status/2095933164730994244","","2026-09-04T21:19:21.000Z"
"ku666","0x33f2D5C8EF72f3fE8303E2433c74206A4777E0e9","https://x.com/ku666/status/2095562858510570188","","2026-09-04T21:15:31.000Z"
"kubatura5","0xd99888D24ccb094Eef596c74aA7D794Bf2bD44f8","https://x.com/Kubatura5/status/2095189490642885674","","2026-09-04T21:17:59.000Z"
"kuczy","0xFAe2025bBfBC375C06E2cB70f2a2cAF9Cc97A393","https://x.com/Kuczy/status/2095048319050852751","","2026-09-04T21:15:39.000Z"
"kuiizpeace","0x5F7b64B63627e85cAea4E5A8Ece1a9c667870b81","https://x.com/Kuiizpeace/status/2095472858833714340","","2026-09-04T21:17:39.000Z"
"kujou_pro","0x166AD4191F09eC58957B8097d9708eA1E8b8a8E9","https://x.com/kujou_pro/status/2095407537809106189","","2026-09-04T21:18:10.000Z"
"kukudud","0xa2DA382cf1e39e0B41C9920C9887A5226935351d","https://x.com/Kukudud/status/2095011841757764534","","2026-09-04T21:17:02.000Z"
"kukunaga","0x4158382Bc94A69b6B905f56567AD0bc6774A7e3f","https://x.com/Kukunaga/status/2095924311391432222","","2026-09-04T21:17:29.000Z"
"kuldeep757","0x2a5978cCAF3F1Be5093fD84AC6223e48FC9Be8Ce","https://x.com/Kuldeep757/status/2095529688272015919","","2026-09-04T21:17:00.000Z"
"kulwant","0xF61294604e9bC429F77A6E5E537D63a0A8038348","https://x.com/Kulwant/status/2095840136096301784","","2026-09-04T21:14:14.000Z"
"kumo","0xce4a0941065b356fFA0FF12C34bCc3460B9AA22f","https://x.com/Kumo/status/2095711896470820182","","2026-09-04T21:17:17.000Z"
"kumooo","0xE0Faf74572D4845e3D860C6bb0368009d8ac137a","https://x.com/kumooo/status/2095371187872168921","","2026-09-04T21:17:14.000Z"
"kunop","0x5FBD31e05aa7C1B0208bc4A374C3205124BA8F3b","https://x.com/kunop/status/2095654899446611046","","2026-09-04T21:20:56.000Z"
"kupa208","0x5A15173F91ECaF039408a087D1C1292cd1b35A65","https://x.com/kupa208/status/2095160354002714164","","2026-09-04T21:19:17.000Z"
"kuroi","0x41980E1dc4e5a1F88fB6d9a25F8E2760e953FD5D","https://x.com/kuroi/status/2095258974364151114","","2026-09-04T21:16:53.000Z"
"kurouto","0x1Aa0b0CFBFb7eCe378c4CBCC07F303dF2186bD99","https://x.com/kurouto/status/2095364147413478871","","2026-09-04T21:16:52.000Z"
"kurt42183","0xc878725675d45bDFB43c03A77F98a3a25213bF1A","https://x.com/kurt42183/status/2095794281027465353","","2026-09-04T21:17:35.000Z"
"kusuma96","0xf93A194250856d2a96C2f356E47B24EbFE085072","https://x.com/kusuma96/status/2095493715301479905","","2026-09-04T21:19:43.000Z"
"kuya12","0xc11CBc963E3A358c9635e0fb68f28bE589E72B86","https://x.com/Kuya12/status/2095203330649040627","","2026-09-04T21:17:00.000Z"
"kwamd","0x73f58980F975d78db7b3D0A75238B282A628c28c","https://x.com/Kwamd/status/2095248591561566324","","2026-09-04T21:14:38.000Z"
"kwon","0x48D5b6D79cd6f923202Cf84ab956cEa4196eB88F","https://x.com/Kwon/status/2095316843787186075","","2026-09-04T21:21:12.000Z"
"kwucrypto","0xC1403DAC4CC9caCe9195C53d0535c5E21290c5af","https://x.com/kwucrypto/status/2095608207426179563","","2026-09-04T21:14:44.000Z"
"ky3bka","0x6c0cb46DFeA4522720ea6506e1Fb8bA96397288e","https://x.com/ky3bka/status/2095087043456113131","","2026-09-04T21:20:22.000Z"
"ky3bmu4b","0xbAdaC5C5D16D44467fa9fDcE49Ac25F66b9a70C9","https://x.com/ky3bMu4b/status/2094969513990373094","","2026-09-04T21:19:52.000Z"
"kycha","0xce9285D161d267c59Ad1559798438F161aB6b1A1","https://x.com/kycha/status/2095076921270551076","","2026-09-04T21:15:33.000Z"
"kylan","0xe20D1c2Bd44ebdd0d6f9B74F2Dc374a92A7Ec204","https://x.com/kylan/status/2095471269691925150","","2026-09-04T21:15:24.000Z"
"kylan3414","0x0600Fb5825E5D19dEaf69228eb85B3111738c073","https://x.com/kylan3414/status/2095893101201786074","","2026-09-04T21:21:01.000Z"
"kyrylo22","0xBB1aa833D3f6e11682F8b20e5495B20EF087D58B","https://x.com/Kyrylo22/status/2095204005883342444","","2026-09-04T21:16:41.000Z"
"kzl347","0x909171C92caC17e246Cadd20214Ee825eb67bE85","https://x.com/Kzl347/status/2095367542918470157","","2026-09-04T21:19:45.000Z"
"l200","0x9590879e5E55e47Fff64240a34f1E734696D00eD","https://x.com/L200/status/2095040567593608095","","2026-09-04T21:14:39.000Z"
"regina27ss5","0x13544Aac3AbABA4Cdfe62850939DD7e7D99DB803","https://x.com/regina27ss5/status/2092937502900879361","","2026-09-04T08:57:39.000Z"
"l7bib3","0x79c11b297032C8Baea9FD18692A92aB56b134d97","https://x.com/l7bib3/status/2095695544859871308","","2026-09-04T21:18:19.000Z"
"SaraJacksot5tr","0x6730519d9c1C4255350D7E11104AA5091369bc9D","https://x.com/SaraJacksot5tr/status/2093716844555796481","","2026-09-04T08:59:03.000Z"
"Crypto_Aman44","0x2f359b9920736cd75b7f7cd53ca8c3300f42f1cd","","16","2026-09-03T23:54:28.000Z"
"Andyai966","0xba0062d88c637eb983cd7d320793a1f98668c24b","https://x.com/Andyai966/status/2095722301677568250","33","2026-09-04T03:56:11.000Z"
"laasyanira","0x4fbcb46afb60b4c47df8fe967aba199a202c8bfe","https://x.com/LaasyaNira/status/1472572362063167491","571","2026-09-05T05:43:18.000Z"
"laba8","0xf5687ea1953A943AE7438d3949354763192127A6","https://x.com/laba8/status/2095495094691436593","","2026-09-04T21:14:28.000Z"
"labyrinthia","0xcD21C7a9cc106ec59045DA532D6d840a49569972","https://x.com/labyrinthia/status/2095055245437771909","","2026-09-04T21:18:41.000Z"
"lacandice","0x79B3b45E826535b464Caa2eca1B45C99B946eADf","https://x.com/Lacandice/status/2095252039100153141","","2026-09-04T21:20:24.000Z"
"lacerise","0x7E1E649aFd7B2910FEfEAEb221b91aEe7a7Dba47","https://x.com/Lacerise/status/2095044214146518966","","2026-09-04T21:18:28.000Z"
"laclap","0x7aa53Ad7BA14A97a56ee7DC56F8102be15282D76","https://x.com/laclap/status/2095267590880602025","","2026-09-04T21:14:02.000Z"
"ladangcuanx","0x3C6B098E7802F8a15D2b547e4e197A3F255599c0","https://x.com/Ladangcuanx/status/2095896897726955758","299","2026-09-04T15:29:47.000Z"
"laedri","0xf565A610432CB303850315f1918533EA7D8D78F2","https://x.com/laedri/status/2095107807108083331","","2026-09-04T21:17:00.000Z"
"laithinh","0xa5c20C2CF618381eECD992Fdb086EC2fA0CF74a6","https://x.com/LaiThinh/status/2095505493217670071","","2026-09-04T21:18:10.000Z"
"lakshya33","0x76e28BCDb5D95e64d6993daF37F3823316DAe996","https://x.com/lakshya33/status/2095304636700174288","","2026-09-04T21:19:24.000Z"
"laminthant99","0xC80f1B72B2620fc2eA449453A188a765F194cAA5","https://x.com/Laminthant99/status/2095297919129727863","","2026-09-04T21:16:41.000Z"
"lamvi","0x44537f78BA39fA32BaA33022F7a81138f47cc106","https://x.com/lamvi/status/2095825744811274636","","2026-09-04T21:15:06.000Z"
"lanasui","0xDA1297b9401D64eA28c527c880E22e53F66E287C","https://x.com/lanasui/status/2094898542766291932","","2026-09-04T21:21:01.000Z"
"laojiang","0x8e5e572878C2e3Ab15ea1931d999cBE44F463EdA","https://x.com/laojiang/status/2095573588477097081","","2026-09-04T21:16:19.000Z"
"lara_hunter","0x74ba55525Ad5B45299B164FC13F7cf88005C9C0A","https://x.com/lara_hunter/status/2095807982424203367","","2026-09-04T21:15:14.000Z"
"lara_mage","0x4306906Cf4CbA6d71181b37230600c13B3B04BE7","https://x.com/lara_mage/status/2095131647398643195","","2026-09-04T21:21:39.000Z"
"larrizle","0xF0ebA82b46e55E2028ffbCA1182725243b1B586e","https://x.com/Larrizle/status/2094916904871349739","","2026-09-04T21:20:06.000Z"
"larryone","0xc96d01De6b596eeD76e10271ab851a844Fb38450","https://x.com/Larryone/status/2095659994853119371","","2026-09-04T21:17:58.000Z"
"laru","0x23023C75d301D4354b6b775b0A5f43b36cdb5F1a","https://x.com/LARU/status/2095901937814113571","","2026-09-04T21:16:24.000Z"
"lastcall24","0x0d9FAc20a9F02eDdd119407eD3ffC61Ef8b8Bb29","https://x.com/LastCall24/status/2094958896378379529","","2026-09-04T21:15:10.000Z"
"lasts","0x2b67767f1B5C96699B826461838FC60E595Eff69","https://x.com/lasts/status/2095580950691394036","","2026-09-04T21:14:42.000Z"
"lasweex","0x4a80D339820281eEf1E9869646a93EB6E7939646","https://x.com/Lasweex/status/2095122335656264845","","2026-09-04T21:16:31.000Z"
"lauarroyle","0xA11B34C5cA57745296BB090706136477219bc143","https://x.com/LauarRoyle/status/2095574123080657279","","2026-09-04T21:14:49.000Z"
"laurenyounygx","0x215Fb89E4c3d67CB99D0cb24FA8D9f3a23aE3161","https://x.com/LaurenYounygx/status/2094977680097190047","","2026-09-04T21:14:53.000Z"
"lavize","0x682D6C9b73F7F6b34B753d21729b847692e80FbF","https://x.com/Lavize/status/2095075704882353795","","2026-09-04T21:14:43.000Z"
"lavopavden","0xfAC5353BEACfdff6d422470948e0320822C91D59","https://x.com/LavoPavden/status/2095928008621382447","","2026-09-04T21:21:39.000Z"
"lavrovmax","0x8E15A2ce7eF02e523944194583c337753c963446","https://x.com/Lavrovmax/status/2095948231107643038","","2026-09-04T21:17:58.000Z"
"lawrenceothe","0x3f2d181a117dAE71F030dB6383a173f4e4B5EE35","https://x.com/lawrenceothe/status/2095420597798843115","","2026-09-04T21:20:14.000Z"
"layabina","0x669d6a7f0fc544d935c4a98bffae180cd631e733","https://x.com/LayaBina/status/1476222772615409665","609","2026-09-05T05:59:18.000Z"
"layla_eth","0x89586d2F5A81998559b0F0aDDED559967Fc45560","https://x.com/Layla_eth/status/2095578725011318088","","2026-09-04T21:18:13.000Z"
"lazseif","0x76ba377f0342BB6dC19a520A7f9E491dAf6C29B8","https://x.com/lazseif/status/2095713496568570137","","2026-09-04T21:15:58.000Z"
"lazy_hunter","0x1d41E83056dF8dE77328a97C765390BbA35AFE4A","https://x.com/lazy_hunter/status/2095129602827497259","","2026-09-04T21:20:30.000Z"
"lazy_pilgrim","0xA4290E8A23c16fFA30F3e6B14De4fCd0b3CA13b7","https://x.com/lazy_pilgrim/status/2095874581810590355","","2026-09-04T21:18:03.000Z"
"lazy_raven","0x5e70f32B9EA54cAC6B235425317f1C5310a3A470","https://x.com/lazy_raven/status/2095101643205842548","","2026-09-04T21:14:16.000Z"
"lazydawn","0xb610DA291C71B6f800C6546C72151b531CFbd8B6","https://x.com/lazydawn/status/2095204767309749935","","2026-09-04T21:19:17.000Z"
"lazypilgrim","0x5ef77cb68420D4A68388024A7eA58f4b67f4Bc99","https://x.com/lazypilgrim/status/2095527433579852370","","2026-09-04T21:16:11.000Z"
"lazyrelic","0x43a788E1970B2eaD47C59Ec49B40685B6A7FB3a2","https://x.com/lazyrelic/status/2094982799014253296","","2026-09-04T21:18:58.000Z"
"lazytiger","0xE7527584efC218d51250B3f467FF2C839e97fbC8","https://x.com/lazytiger/status/2095507717749282437","","2026-09-04T21:16:58.000Z"
"lazza","0xb09EA0Ce69C760D5302e1F0170f45C20c459DcF2","https://x.com/Lazza/status/2095478298781347627","","2026-09-04T21:15:33.000Z"
"lbara","0x9e225058979DC3ba5AdbC4D9F0f733278f1b960b","https://x.com/Lbara/status/2094902215974402193","","2026-09-04T21:21:31.000Z"
"le290788","0x08f793cdfbef911424d1a592acf57bffdc563f1c","https://x.com/Le290788/status/2094282118310539321","360","2026-09-04T16:56:02.000Z"
"leandro1","0x5365AEe4f5e322a90D816A3927646D060c9FbDB9","https://x.com/Leandro1/status/2095214454015313452","","2026-09-04T21:16:11.000Z"
"leannonlexus","0xFb101AB70F8D3AB9b8cACf73498568B025a0A1Bf","https://x.com/LeannonLexus/status/2095480864816609761","","2026-09-04T21:14:57.000Z"
"lebiabina","0xb0b1fee47dcb18b9c22f133f9358a9b3e66dce8c","https://x.com/LebiAbina/status/1513806023118655489","593","2026-09-05T05:58:54.000Z"
"lebree","0x23BD2c0CE11E457beDc5F885c2644E94ef108331","https://x.com/Lebree/status/2095880040432326045","","2026-09-04T21:20:29.000Z"
"ledger_alex","0x54E828Ca0f8c89dFAFd54A58e11F5f4F853A49a6","https://x.com/ledger_alex/status/2095781540591633385","","2026-09-04T21:18:54.000Z"
"ledger_neo","0x9CbB6F9201EF69490997600F272Cd10e6736a1a1","https://x.com/ledger_neo/status/2095761180721085361","","2026-09-04T21:21:03.000Z"
"lee610","0xe3E2d3de4e599124b827c9785634D8b1d9e60Dc5","https://x.com/lee610/status/2095702071235052853","","2026-09-04T21:20:45.000Z"
"leeleo","0xe03C6F276F563e3F00220eF3184E65A19f6C421F","https://x.com/leeleo/status/2095198661092437108","","2026-09-04T21:14:28.000Z"
"leelopal74","0xDcC131A82DbFec046Ec6ACcDb58be1a8468Db933","https://x.com/leelopal74/status/2095893621426057557?s=20","288","2026-09-04T15:16:25.000Z"
"leigu","0xD050Da1c4C3D8de07578f0De9411F40930ac9217","https://x.com/leigu/status/2095687160292835575","","2026-09-04T21:19:36.000Z"
"leisawinni","0x02513bad66d1407b916af0e0715832a3c1408db2","https://x.com/LeisaWinni/status/1472602489903976449","572","2026-09-05T05:43:19.000Z"
"leminhthang","0x3fab9FbC3224B96EE7A19829C65e167eB3aa8700","https://x.com/leminhthang/status/2095003600140550375","","2026-09-04T21:14:25.000Z"
"lensland","0x4d1b0F1611071E35D8c961eA4a2156F06aFfb1Fd","https://x.com/LensLand/status/2095916310266040409?s=20","352","2026-09-04T16:47:34.000Z"
"leo1707","0x4c5fB32763336414EcD671e47Cb1b73cf01CCfe0","https://x.com/leo1707/status/2095601863942560730","","2026-09-04T21:15:52.000Z"
"leo_hawk","0xc8ab83c5C56d9d4BD8C0C5ecee343Ce2F426354c","https://x.com/leo_hawk/status/2095783511026557384","","2026-09-04T21:19:30.000Z"
"leo_hunter","0x0e95b21a575d3A37ff0FDb0192E845f9AdC20541","https://x.com/Leo_Hunter/status/2095382842055413861","","2026-09-04T21:17:21.000Z"
"leoash","0xE77dFB9FaD69C54e2aeD7f35A5237B87526EB8F4","https://x.com/leoash/status/2095482512422106262","","2026-09-04T21:21:22.000Z"
"leolantern","0xe8346Dfb83221CfE3f9ae83D72466CA24891c67C","https://x.com/leolantern/status/2095735057431133053","","2026-09-04T21:19:59.000Z"
"leomcc","0xd215A3E0c07369D270f4e0Ff7C66Fe35A489A6F5","https://x.com/leomcc/status/2095220705996515479","","2026-09-04T21:19:08.000Z"
"leopanther","0x3CAcd5137448D8bbd2c2e978B5f64679425C338c","https://x.com/leopanther/status/2095797627659284904","","2026-09-04T21:14:37.000Z"
"leoprism","0x3703c7B5165547374c40A840900DCaB4fb4f83A0","https://x.com/leoprism/status/2095863972617270268","","2026-09-04T21:18:17.000Z"
"leryboy","0xE4899874099b415284a5B8288B39E15D7131bb56","https://x.com/Leryboy/status/2095504447041201308","","2026-09-04T21:17:44.000Z"
"levan","0x37fFf8b33CA668ed1705ba00e5C42C1136058068","https://x.com/levan/status/2095563253965819559","","2026-09-04T21:17:25.000Z"
"lexx77","0xccF311365e31AEAe1Aab3fe93BBc6D91aF6ab797","https://x.com/lexx77/status/2095546346103131924","","2026-09-04T21:19:48.000Z"
"leydon","0x1A16dED69763F420a65298c688fEd350683827b1","https://x.com/Leydon/status/2095939606088129389","","2026-09-04T21:15:53.000Z"
"leyli","0x7668315d330E9d8d811f77B9c82D600176Db0a95","https://x.com/leyli/status/2095127007650219993","","2026-09-04T21:18:12.000Z"
"lfluse","0x1d78BfF99D02DC354a708e8f8AF04761A799242e","https://x.com/lfluse/status/2095257633005992139","","2026-09-04T21:15:43.000Z"
"lhjj","0x755DEF9eE60Eac2Ac583E3f483e46988F4B45d2F","https://x.com/lhjj/status/2095419651458260224","","2026-09-04T21:14:15.000Z"
"lian1","0xFD841E3761733028f34dc2f28Cb83bd2B8dcc565","https://x.com/lian1/status/2095787395029806258","","2026-09-04T21:17:09.000Z"
"liang1992","0xF351a3e66d1D251cC745f9C5f2745abBD5C8e9f0","https://x.com/liang1992/status/2095573731122527273","","2026-09-04T21:21:07.000Z"
"libanese","0xd98D65374a9Cd04F922aCB6ebe6705731741BEE6","https://x.com/libanese/status/2095905664828635626","","2026-09-04T21:15:02.000Z"
"libertaphoenix","0xc3A7a11C185F86FF4EA8d104925eF2f92A32A010","https://x.com/libertaphoenix/status/2095510311539978383","","2026-09-04T21:20:40.000Z"
"lilacs","0x8Cb9276Eb6ECA61ba5988576a992F64b22724316","https://x.com/Lilacs/status/2095034632058243584","","2026-09-04T21:15:30.000Z"
"lilei90","0x4E88CC4717bbE8cB11F335E3F4DD07676cE6fD78","https://x.com/lilei90/status/2095436367058729071","","2026-09-04T21:14:34.000Z"
"liliji","0xBFb5DaDbf4bF9f247d4aa5197Ee5f123D8ff3E6A","https://x.com/LILIJI/status/2095541263937181254","","2026-09-04T21:19:42.000Z"
"lilkwon","0x663Aa2758555E8129ABCe36Bb02a3cd34aca1476","https://x.com/LilKwon/status/2095480259971636576","","2026-09-04T21:16:45.000Z"
"lillaxie","0x7b24aDaEbe6B7965acDc78b6D9739d3A2F3856EA","https://x.com/lillaxie/status/2094982263792690375","","2026-09-04T21:19:09.000Z"
"lillywhite99","0x77eBa232a802D9FBE4c3fC89DEc669f7663abD29","https://x.com/Lillywhite99/status/2095502007415799743","","2026-09-04T21:16:41.000Z"
"lilmie","0xa05590210DBcbe407Cb76eCc172748A6Cc1F143F","https://x.com/lilmie/status/2095884451252488624","","2026-09-04T21:18:36.000Z"
"lily5645","0x37bDad30AFF1F25b6E0102E2bB3599E722D67D7D","https://x.com/Lily5645/status/2095496723542671095","","2026-09-04T21:20:46.000Z"
"lily_2005","0xDD8fFe1BeE87b88B9d30577fc3541cE0c6C7c949","https://x.com/Lily_2005/status/2094917258732614109","","2026-09-04T21:21:03.000Z"
"lilysea12","0xB9502deD6BFEF4491A5d44362e54c1793f2b2F52","https://x.com/Lilysea12/status/2095565077287912812","","2026-09-04T21:18:26.000Z"
"limiepeia","0x78b04f7fe5545a6119a245b0683c9ef8c5c8c319","https://x.com/LimiePeia/status/1470416974710665216","544","2026-09-05T05:28:57.000Z"
"limon1","0xAB5B23Ec5aa409D16180f0D47Bc6ee9596b6F488","https://x.com/limon1/status/2095594663233288499","","2026-09-04T21:14:08.000Z"
"limoonada","0x96bB3749782EE951D02D77f13A7f82C0061bE420","https://x.com/limoonada/status/2095210700105333741","","2026-09-04T21:20:43.000Z"
"lina7328","0x91415A4884f203aD0326e89A7CC0ab4bEb53fE25","https://x.com/lina7328/status/2095585650833853343","","2026-09-04T21:18:24.000Z"
"linatran","0x9b2d936154EB95D37Fd57960f210d2BCd7bC801c","https://x.com/linatran/status/2095206801856622221","","2026-09-04T21:14:13.000Z"
"lindberg","0x83fF564934D6D3091165E03d47126228c71a37B3","https://x.com/lindberg/status/2095456985229458439","","2026-09-04T21:14:04.000Z"
"linhapple","0xB025F96352eE835EBB9b59C69A7BD2050Ab4A1a3","https://x.com/linhapple/status/2095397627872443258","","2026-09-04T21:21:30.000Z"
"linhbot","0x67f251a7AE2441e3E1c6c0211FEf9349645796C6","https://x.com/linhbot/status/2095464826153674382","","2026-09-04T21:18:11.000Z"
"linhlinh","0x74f1D8ae19C5B68a68be0273c13b3d7F4A4008ff","https://x.com/linhlinh/status/2095275547361266462","","2026-09-04T21:17:31.000Z"
"linhlinh84388","0x7901Ce26Da0f4A098E979c323a4947E3CF733732","https://x.com/linhlinh84388/status/2095792431278379478","","2026-09-04T21:21:16.000Z"
"linhphuong1209","0xb36a5538c759F15a638F0c14fd8273ba8C8eC469","https://x.com/linhphuong1209/status/2095138574038656845","","2026-09-04T21:18:24.000Z"
"linio","0x7AAa1D34da89f478f567017AAe715716A3432e50","https://x.com/linio/status/2095557102394071542","","2026-09-04T21:19:30.000Z"
"linsmile","0xd00f6DE0427d27f154418BC2891eDC5E592c4cfa","https://x.com/linsmile/status/2094941526161746960","","2026-09-04T21:20:12.000Z"
"linyoz","0xF0B7CCD84e49e78E09996374282581ea194Ce154","https://x.com/LInyoz/status/2095211388873399803","","2026-09-04T21:19:18.000Z"
"lioncipher","0x94F2891F506BF70Ba7069f8b3f0B7A2e347DaB57","https://x.com/lioncipher/status/2095004957671771991","","2026-09-04T21:15:47.000Z"
"lionin017","0x8cE814f429Ae7CF0a40F5d1d5e6A0071dD1981Ec","https://x.com/Lionin017/status/2095866375596294532","223","2026-09-04T13:28:15.000Z"
"lioste","0xdc86531e7625fFF43ae60ee67b1E9309C9A2716F","https://x.com/lioste/status/2095164149130545705","","2026-09-04T21:20:42.000Z"
"lirikk","0x458E090c7C6F039db47f7179356Ff0e6C6F06C70","https://x.com/lirikk/status/2094919934951490983","","2026-09-04T21:20:35.000Z"
"lisamarlinax","0xB1CbCc0C346824C7531103E9F0512b5fD1278661","https://x.com/lisamarlinax/status/1","627","1788588363884"
"litra1000000","0x1366E70420a96e814b643c12A1Fb8d2B03b8D1a5","https://x.com/Litra1000000/status/2095383057623161997","","2026-09-04T21:16:15.000Z"
"little","0x92F4e8b9D72a91E8A4ef0C6e5beF7Cb410Ae4fa2","https://x.com/little/status/2094909481660164783","","2026-09-04T21:21:27.000Z"
"littlecat","0xF33Fa55E025D1C90276ba7019536eA2CC62C7c3d","https://x.com/littlecat/status/2095938623520158126","","2026-09-04T21:16:41.000Z"
"littlefive95","0x03B74a58c753df7d19bd50EeBA1B633152492ad5","https://x.com/littlefive95/status/2095096287952067287","","2026-09-04T21:15:40.000Z"
"littlestone","0xc9Af756a9e978fACBDF37646172DC92E23Cd0508","https://x.com/LittleStone/status/2095238282854818945","","2026-09-04T21:16:09.000Z"
"liujunxiong","0x7e3CDb7551c25aFe6f19EBC744b1A3f7c41156E8","https://x.com/liujunxiong/status/2094949280139137014","","2026-09-04T21:15:40.000Z"
"liulang2025","0x66B510Ab3BC17385b89BCef80b0DA6c3c72acd6C","https://x.com/liulang2025/status/2095528659063384143","","2026-09-04T21:14:45.000Z"
"liuxing","0xf51E2816e791c9256C5F4fc1f12d61d33bef7cBE","https://x.com/liuxing/status/2095462562148780155","","2026-09-04T21:16:34.000Z"
"lively_blade","0xc664E4e4c6D4DFa91c9EA59C0A565D24689570d5","https://x.com/lively_blade/status/2095844716026433720","","2026-09-04T21:17:13.000Z"
"lively_ghost","0xC40ed4194424F0C4527b918f007Be17Bc24A3565","https://x.com/lively_ghost/status/2095394525718661256","","2026-09-04T21:17:15.000Z"
"livelylion","0xB0e517e2cf0D61B90A5e46bedf04ECCfF8041B3a","https://x.com/livelylion/status/2095127458244816184","","2026-09-04T21:16:40.000Z"
"lixiaobai","0xf041BB15410b0DC237e866fEC7cB6872F28874a5","https://x.com/lixiaobai/status/2095830622831366716","","2026-09-04T21:19:48.000Z"
"lizarszie","0x256DDcC7f5ab09b4F53Cd672A6EAC4cf14ca1a11","https://x.com/Lizarszie/status/2095745797498373429","","2026-09-04T21:17:22.000Z"
"lizzit","0x6094D1Afb576f4ebE4897a108c15C21A0fdEd1cf","https://x.com/lizzit/status/2095774211530055007","","2026-09-04T21:20:29.000Z"
"ljolik","0x8154C36FC59C9371655B8A24A6d4581CEF28CD19","https://x.com/Ljolik/status/2095271532006107349","","2026-09-04T21:20:46.000Z"
"ll1ll","0x382c322D7418C6a0929C779719Db199997bf8358","https://x.com/ll1ll/status/2095128690327263719","","2026-09-04T21:21:33.000Z"
"llawliet","0xb30a73683D21C33D8AE1C47051BC7b9337E3999d","https://x.com/Llawliet/status/2095517780285043208","","2026-09-04T21:15:59.000Z"
"llfuoco","0xe1e4443f1c4444d98c159a28a235f59afcc8cb67","https://x.com/llFuoco/status/2095882454230008158?s=20","247","2026-09-04T14:32:03.000Z"
"lloyd666","0x9A40a8D73F9d4c2EF87537507fb54caC5C507b3a","https://x.com/Lloyd666/status/2095527473805813788","","2026-09-04T21:18:03.000Z"
"t0guze89","0xe58F01d4719397F058145b36e0A0764bbb06f3c2","","24","2026-09-01T00:38:40.000Z"
"melissa58wi7","0x738E15B85BbADd546Bca2C5d8F96dd85DA80b87b","https://x.com/melissa58wi7/status/2092665875915079681","","2026-09-04T08:58:28.000Z"
"local_sec","0xb7EE8E55521FDf1853d9Ec5f58Ae47F49e7De5c2","https://x.com/Local_sec/status/2094985986635497468","","2026-09-04T21:20:00.000Z"
"lococripto","0x0dd73c974423cCbAe92A1f8d41B60CFE795C34CE","https://x.com/LocoCripto/status/2095874671983038722","","2026-09-04T21:16:54.000Z"
"logan750","0xDeEF3485F85A035d0EFEff365B155CCFF7d06D0e","https://x.com/Logan750/status/2095278004373926110","","2026-09-04T21:14:31.000Z"
"loganmalik61770","0x940401c58B5857c136D08f69Ae30958CECAdA866","https://x.com/LoganMalik61770/status/2095370955593161219","","2026-09-04T21:14:46.000Z"
"loganthompson","0xa0E6CD69bCffD80c3A8cB9F41cE537F844B428d7","https://x.com/LoganThompson/status/2094951994781378906","","2026-09-04T21:15:45.000Z"
"loic987","0xeC1448D7Fc3CaC8d04a019Ddd74d7793f44fc30a","https://x.com/loic987/status/2094919882749397115","","2026-09-04T21:20:34.000Z"
"lojin","0x72C6338EC553DdD287d6Cd971Df61C8c9EECEBf7","https://x.com/Lojin/status/2095707413356708317","","2026-09-04T21:21:03.000Z"
"lokaboka","0x6f291D6ed3892e07E75c465B4B5851298B42b544","https://x.com/lokaboka/status/2095461026996031614","","2026-09-04T21:21:23.000Z"
"loknath2","0x85F4CD39b5f34238dCf0Bb2Cf044F0670Ab77d62","https://x.com/Loknath2/status/2095029299221632427","","2026-09-04T21:21:20.000Z"
"lolo_lolin","0x01F3C679223C3cb577aff2f3c62b80e43649730c","https://x.com/Lolo_Lolin/status/2095399375785372565","","2026-09-04T21:16:52.000Z"
"lolomh","0xaB955B7c40b677bd905CfeFC4847D5BDCaB414c0","https://x.com/lolomh/status/2095900142250421956","","2026-09-04T21:18:22.000Z"
"lom1k","0x81068AD151f8af86C0b7c7c93AC23c0a8c8FAC44","https://x.com/Lom1k/status/2095591268748066232","","2026-09-04T21:16:50.000Z"
"lomes","0x3Cc9466287801d34A60E150C6636410c043Af619","https://x.com/Lomes/status/2095794366613547131","","2026-09-04T21:17:35.000Z"
"lone_sage","0x4EB3B0eF8C679ecE763064D9fefF254B3efB1dfD","https://x.com/lone_sage/status/2095082416065845640","","2026-09-04T21:21:24.000Z"
"lone_samurai","0x3FB0C0a0DDF5C9C432570900F70F6A4e9357A2d6","https://x.com/lone_samurai/status/2095721088121194595","","2026-09-04T21:15:40.000Z"
"lone_seer","0xB01975c694f001778e40331777a7f13F1010882c","https://x.com/lone_seer/status/2095361113997074887","","2026-09-04T21:16:06.000Z"
"lonecipher","0x9F33D0389A8F930b3d770cfCE2Da7e7f4037768b","https://x.com/lonecipher/status/2095217185855533807","","2026-09-04T21:14:22.000Z"
"lonehero21","0x745921AD074FF8e753e0CB98b0973a7ee91630C2","https://x.com/lonehero21/status/2095554140601208313","","2026-09-04T21:21:36.000Z"
"lonemist","0x186B7249B44A4Dba1259D9BfDe22217C02671C1c","https://x.com/lonemist/status/2094978883292283469","","2026-09-04T21:14:39.000Z"
"lonesailor","0x53fC6C62bcEd6981A466547Ad4E24eD6Fd07E220","https://x.com/lonesailor/status/2094962059721407227","","2026-09-04T21:20:34.000Z"
"lonesamurai","0xb132e6044E57CC6eFb5751F17b293c6D49cc13C3","https://x.com/lonesamurai/status/2095938000918852262","","2026-09-04T21:16:22.000Z"
"lonevortex","0xf62F798C9659715Fe623d1697dd3711d9360989a","https://x.com/lonevortex/status/2095656251843623139","","2026-09-04T21:14:43.000Z"
"loomio","0xa4450DA895394Df3261f030EFAc17b10C307B9AF","https://x.com/loomio/status/2095222001825024402","","2026-09-04T21:17:20.000Z"
"loopy","0xDEAa9b43e864f3dc30EC71Eff78a619eF894F7f0","https://x.com/loopy/status/2095014113867934311","","2026-09-04T21:18:40.000Z"
"loorrfsgs83737","0x532a930Bb39B112D25D712FC60C2FC8412943A15","https://x.com/loorrfsgs83737/status/2095595210711751051","","2026-09-04T21:20:48.000Z"
"lord01","0xA5458Ad76f9575b2bbc418AdDe1C8012B59d9149","https://x.com/lord01/status/2095076260152144164","","2026-09-04T21:15:45.000Z"
"lord_mahor","0x381633B1Bb70905c82b7E1E256aeB4C7D14DF02c","https://x.com/Lord_mahor/status/2095451789315531661","","2026-09-04T21:18:06.000Z"
"lordjun","0x1936100BAC09C8E0b2BE97a9ae6eC7B8aaddaaB5","https://x.com/JunieMontealto/status/2095914664819610012?s=20","351","2026-09-04T16:45:38.000Z"
"lordslavik","0xF66D4cda82F9d370002CE2A03D868E7450576A71","https://x.com/LordSlavik/status/2095252213659274481","","2026-09-04T21:20:17.000Z"
"lordsuka","0x863A7456109B8a85E29c9d82555Ba10907ea3ea0","https://x.com/LordSuka/status/2095249616941680376","","2026-09-04T21:18:33.000Z"
"lorenude","0xbd761067695C9813DfBEfD6e8b350649a1DD55A1","https://x.com/LorenUde/status/2095304217147387498","","2026-09-04T21:21:35.000Z"
"lorins","0xF5F77391b8c17920e8e6F15D718b3A5cD197F9F8","https://x.com/Lorins/status/2095524044950569771","","2026-09-04T21:16:09.000Z"
"loryx777jota","0x5237a017fA15560350A16B0Cc60C343b9ECe5BBA","https://x.com/loryx777jota/status/2095134982309984283","","2026-09-04T21:19:38.000Z"
"lost_jester","0x4b969206680d46e8d3b4F02843a7885eaded1d6d","https://x.com/lost_jester/status/2094990221094281973","","2026-09-04T21:19:18.000Z"
"lost_mist","0x2c91Fe28c12471323B54734FF59346F29D47bdb1","https://x.com/lost_mist/status/2095893948561643852","","2026-09-04T21:21:09.000Z"
"lost_witch","0x986e30FE054E70aBD0d15D5F2B9030482222afD4","https://x.com/lost_witch/status/2095666742939199543","","2026-09-04T21:14:19.000Z"
"lostgalaxy","0xF4568e42Ca6aB4932d783CB1479f3Ccd93Dc4EC0","https://x.com/lostgalaxy/status/2095230683555529522","","2026-09-04T21:21:10.000Z"
"lostinnftspace","0x925F611ab514DDC7B66C17fe94a59b57488812E0","https://x.com/LostinNFTspace/status/2095811277087790724","","2026-09-04T21:20:03.000Z"
"lostinnowhere","0x67C0A68054ce6e0F8c74d7158221D7b8358b695b","https://x.com/Lostinnowhere/status/2095086721190846293","","2026-09-04T21:16:35.000Z"
"lostjester","0x281c3e54183c23f3C2490DdAbaeAEE22470DDA53","https://x.com/lostjester/status/2095449745933736457","","2026-09-04T21:17:16.000Z"
"lostscribe","0x16311ED4bDBF4a96FF3e8135d03481c77739fC5d","https://x.com/lostscribe/status/2095906365982086835","","2026-09-04T21:17:49.000Z"
"lostwolf346","0xD934f31B8DFAEa8b370757CAfb6aF572cF2D82F1","https://x.com/lostwolf346/status/2095764760115231227","","2026-09-04T21:15:42.000Z"
"louis9x","0xA48f3142cA08d57b5E0A107F9F1a9d207E4dB1a9","https://x.com/Louis9x/status/2095670824907634234","","2026-09-04T21:15:40.000Z"
"louisxl7","0xe543d1320620a6bd19983a07f7f4b7551ffcd32e","https://x.com/LouisXL7/status/2095951812524392546","413","2026-09-04T19:07:57.000Z"
"louiszz","0xdA87222688b903E2AE671e947c9ff9bA02b248d8","https://x.com/Louiszz/status/2095621813733581519","","2026-09-04T21:17:12.000Z"
"loulou","0x0D541402654E41cA9576308ca9642493c7B1bCa0","https://x.com/loulou/status/2095425164174225823","","2026-09-04T21:15:33.000Z"
"loulou1","0xEA7Abd9DB7EeE67BA74E11ee3D3DC7B087219f22","https://x.com/loulou1/status/2095618740205525905","","2026-09-04T21:20:58.000Z"
"louzhu","0x9A01f6570e75903b2BCc5B7456d3326A118Dff78","https://x.com/louzhu/status/2095935623525210787","","2026-09-04T21:19:16.000Z"
"lovcesh","0xEFbe82F422bFac3F8801DcBfDfe7d88BBD3B9DDA","https://x.com/lovcesh/status/2095876536234574083","389","2026-09-04T18:00:25.000Z"
"loveqq4","0x66F144e317E2e52923CBC1a2Effdf301941A6469","https://x.com/loveqq4/status/2095401974061926906","","2026-09-04T21:16:51.000Z"
"lovesone","0x87AA74094c20436D5d1a6fe7ab303787b5f5a0E8","https://x.com/Lovesone/status/2095805577997392028","","2026-09-04T21:20:24.000Z"
"lowgic","0xD30961a15CfD55C060F99b55BE47582b4d2C706b","https://x.com/Lowgic/status/2095439082077483382","","2026-09-04T21:19:32.000Z"
"lpojqmwrfzxg","0x4a3E1abd7823Bfc8b7e1f25d894a5EDAed971B1E","https://x.com/lpojqmwrfzxg/status/2095187555536649971","","2026-09-04T21:18:38.000Z"
"lpv2390","0x31Dc0bEe281D0CE29c0b10043A2a5283Ea877600","https://x.com/LPV2390/status/2095884096054055839","","2026-09-04T21:15:52.000Z"
"lrw6248","0xa54bdf8d620F95Fe2C3af5167a5c0526883a2e83","https://x.com/lrw6248/status/2095424009177633281","","2026-09-04T21:19:42.000Z"
"lsb108","0x9Ff7f2b9f9293c446f8F759eeC4235ABFf6fa10E","https://x.com/Lsb108/status/2095891751734744617","","2026-09-04T21:14:29.000Z"
"lsfc1914","0xD05Ec10B213f4ffF4CC1AF96018DDB8C0B811197","https://x.com/lsfc1914/status/2095678754040803347","","2026-09-04T21:20:54.000Z"
"lsls55600","0xcFb9a6AdECD7fBF461b18711A6E6b4EF0d33C27d","https://x.com/lsls55600/status/2095804175996317470","","2026-09-04T21:15:38.000Z"
"luangsuani","0x7a1ec1e11688ad8ef44c7a8be642ae5b598bfcf7","https://x.com/LuangSuani/status/1476178964947222531","592","2026-09-05T05:58:53.000Z"
"luannq1990","0xD9db699B03a49D079f2e2994cA747283F9c21EEB","https://x.com/luannq1990/status/2095011788738098761","","2026-09-04T21:16:44.000Z"
"lucastt1023","0x5CA1B4c14421D9ef251c150C2c1c0E019541bd6f","https://x.com/lucastt1023/status/2095677543792448109","","2026-09-04T21:14:28.000Z"
"luciagleason","0x9EF74Dfa34d71D6C4688AE175f61bce4b4b0a615","https://x.com/luciagleason/status/2095787725664164886","","2026-09-04T21:20:01.000Z"
"lucipurr","0x1AbE5b4caC908dE896EF7727A8bE1FD811096a22","https://x.com/Lucipurr/status/2095486183555261422","","2026-09-04T21:18:33.000Z"
"luckiest2023","0xC6931681243167Da44C3336bCadC5749EEACE72e","https://x.com/luckiest2023/status/2095978073507445851","","2026-09-04T21:16:32.000Z"
"lucky11111","0xE4537213c3E40D4dB0CB3DA6259619bF3F55D146","https://x.com/Lucky11111/status/2095777615445379102","","2026-09-04T21:18:51.000Z"
"lucky1888","0x202fC20Cd72641D6AF7453E211FF5a84959c9A2C","https://x.com/lucky1888/status/2095621952935876788","","2026-09-04T21:19:54.000Z"
"lucky439","0x7Cb990265659eAEb0dFb3096d98F9CA3078110E9","https://x.com/Lucky439/status/2095288056357746693","","2026-09-04T21:17:38.000Z"
"lucky7886","0xa0830afA84DdD8DA701E2759f64a64B35c1d566D","https://x.com/Lucky7886/status/2095431102590156666","","2026-09-04T21:19:26.000Z"
"lucky81","0xEe7F9c19D78A338c327C7aCECF412d0756E79Ff5","https://x.com/lucky81/status/2095885147053572593","","2026-09-04T21:14:18.000Z"
"lucky_lucky4","0x53D9aFe52A10caC8ecf7d7C4EA8B30F71A9f9e9d","https://x.com/Lucky_lucky4/status/2095773762254265561","","2026-09-04T21:15:13.000Z"
"luckyboyvikram","0x8DDB5202120Ed13933b1239444F919f415E0c9AD","https://x.com/luckyboyvikram/status/2095310347624281604","","2026-09-04T21:15:26.000Z"
"luckyjing","0x1A52983C07a88f4cF37779Bd378507D85CCDB4ce","https://x.com/luckyJing/status/2095664978528794139","","2026-09-04T21:14:26.000Z"
"luckykk","0xd1141FB224c860E47A8cf44873C6575FD7a21739","https://x.com/luckykk/status/2095025336124346247","","2026-09-04T21:20:47.000Z"
"luckyme99","0x2E85F01c6CcF665B25A347900B888a0C69c47FF9","https://x.com/luckyme99/status/2095322520630651452","","2026-09-04T21:14:59.000Z"
"luckystars1","0xDdBCc839811E04DeB4940563e6c8f1987c738cFf","https://x.com/luckystars1/status/2095032264127563020","","2026-09-04T21:16:32.000Z"
"lucshe","0xCC9854EBA0FdF198A26fB0Da9fE25802B0d2Caa4","https://x.com/Lucshe/status/2095845627439695447","","2026-09-04T21:21:17.000Z"
"ludingji","0x2143E74997bcE3633c65cC6293a459268a98966e","https://x.com/ludingji/status/2095555580997683919","","2026-09-04T21:15:08.000Z"
"luffy_taro","0xC81cf808665B87EdDc7Cde04CF08A79111a483E1","https://x.com/Luffy_taro/status/2095392175289436722","","2026-09-04T21:18:36.000Z"
"luisfer","0x73Fef02b226ed36F9cEb6E2197Fc75D90Bc1E3e0","https://x.com/Luisfer/status/2095497964677825693","","2026-09-04T21:17:05.000Z"
"luisha","0x4075AFB9456FB5b42dE9BD2642BbE2d193974f81","https://x.com/LuisHa/status/2095187677536686903","","2026-09-04T21:18:38.000Z"
"lukasbear","0x4F41B7D2D66811D8d75A72A6D806499C731cD5Ad","https://x.com/lukasbear/status/2095754551081423287","","2026-09-04T21:21:26.000Z"
"luke0909","0xF33E12a0DF26623bDfdD1DF9b24d35F843fB1E5f","https://x.com/luke0909/status/2095206228809859249","","2026-09-04T21:18:36.000Z"
"lukito59074507","0x0971ddd4430da00444d1f83c299c2754f592c383","https://x.com/LukiTo59074507/status/2095884293797216357?s=20","254","2026-09-04T14:39:31.000Z"
"lukk_isme","0x60cb54b4a57ebc733c2003fcc31bfbe6749e3ceb","https://x.com/Lukk_isme/status/2095922816202023098?s=20","367","2026-09-04T17:12:36.000Z"
"lullyy","0x135C435Bc17b336652e1aE1Ea9C25d74476C75A0","https://x.com/lullyy/status/2095075588726334059","","2026-09-04T21:20:59.000Z"
"lulu798","0x4D8A152021fD6342c79267a1177F078614039D35","https://x.com/Lulu798/status/2095719053194259659","","2026-09-04T21:15:11.000Z"
"lumaheihei","0x49582F1474BaaA35884165De53e8F16943ca2E17","https://x.com/Lumaheihei/status/2095479721238944515","","2026-09-04T21:18:43.000Z"
"lumoo","0xf1cfFc49Cc3eF2dFf809EEd2731683D168857896","https://x.com/lumoo/status/2095753586138230416","","2026-09-04T21:21:11.000Z"
"luna_g07","0x83697E59A431d975B0Dd22d174173bb83c29a4C3","https://x.com/Luna_g07/status/2095510073814409438","","2026-09-04T21:21:09.000Z"
"lunaglow","0xF1Bd6d23a4FC9bD5f3B800Ea68739351BdDd353A","https://x.com/LunaGlow/status/2095352122644402413","","2026-09-04T21:16:05.000Z"
"lunaharmony","0x801040a440520A795A701ADF9b48a60497b3d1EC","https://x.com/LunaHarmony/status/2095676323970359571","","2026-09-04T21:16:56.000Z"
"luoluoyan","0xB6B5D20776B828f9649dEFB0837Cf013808E8774","https://x.com/LuoluoYan/status/2095169967447366802","","2026-09-04T21:19:17.000Z"
"lush","0x1aA5bB1a27E9e31819456cc2F7119aBbcF85695a","https://x.com/lush/status/2094940934280810784","","2026-09-04T21:17:26.000Z"
"lusiameliax","0x85A607b925F9913066Dd32766b474FC872726285","https://x.com/lusiameliax/status/1","651","1788588435017"
"lusulysadia","0x01381e392f8baed915082dfdfc0c0622cfa68464","https://x.com/LusulySadia/status/1512847775800578049","599","2026-09-05T05:59:01.000Z"
"luthen","0xC77707595662ddEFE77557612f86e9D20A8F75fa","https://x.com/Luthen/status/2095335332801926566","","2026-09-04T21:18:16.000Z"
"luvria___","0x7cb91f9c05e9927adefa9e8b242f2dcd3f4ef5aa","https://x.com/luvria___/status/2095882013592961284","244","2026-09-04T14:30:15.000Z"
"lvmaoguai","0x209BAa584d346EFf4E2e121c9f733395e9BE9B08","https://x.com/lvmaoguai/status/2095715365168516196","","2026-09-04T21:17:48.000Z"
"lvntsv","0x0F38fceae8CaF1fd0ce78f503a64A6C664F90130","https://x.com/lvntsv/status/2094924772214507478","","2026-09-04T21:16:24.000Z"
"lx404","0xC54a609c2529676d5e1f6A246575d3Af5B88Ee08","https://x.com/lx404/status/2095241617025433292","","2026-09-04T21:21:25.000Z"
"lydey","0xb951d83E5D6EF55614A445d8a9AdE1EF4746318a","https://x.com/lydey/status/2095102436954953044","","2026-09-04T21:19:12.000Z"
"lylyly","0xE7435C2A95BA747748Ad31Ad6E97E7658B5Ebe8a","https://x.com/LYLYLY/status/2094925030315461907","","2026-09-04T21:14:58.000Z"
"lyndsey_overton","0xf2FAECD02DEe082122a657D6855Df7F6F0539E6D","https://x.com/lyndsey_overton/status/2095174743541717221","","2026-09-04T21:19:11.000Z"
"lyra_echo","0x596B7cf4aF43b2B73a2d27348D6De37489F74928","https://x.com/lyra_echo/status/2095582256324677188","","2026-09-04T21:17:00.000Z"
"lyra_storm","0x095E0D794a6ab79AAaFf5A474cFEe26D182eaE7A","https://x.com/lyra_storm/status/2095300586073396442","","2026-09-04T21:18:38.000Z"
"lyradrifter","0x2b0d587e9bb9e98771ee6EacCD03F68e76dAf7D5","https://x.com/lyradrifter/status/2094991613824424658","","2026-09-04T21:17:46.000Z"
"lyz888","0x109da535266Dea71dC5F38bE0849e0a5Dc626997","https://x.com/LYZ888/status/2095622136186039512","","2026-09-04T21:20:06.000Z"
"m0nk3y","0x6f1bA09216e277D83ff193B63c9acbD6A887e808","https://x.com/m0nk3y/status/2095183714277734880","","2026-09-04T21:18:32.000Z"
"emreEth33","0x383B361622BCF913DdA102CBec70833c82Bea79B","https://x.com/emreEth33/status/2095764974261907873","64","2026-09-04T06:45:06.000Z"
"m1q2u","0xbf29155c95e5158e51555f398279f912a193823b","https://x.com/M01Q2u/status/2096026304848290012","488","2026-09-05T00:06:27.000Z"
"jambujambu99p2","0x67e7ab27bb0ccb3c1d6e315ec5d599f260b2f57c","","9","2026-08-31T23:39:56.000Z"
"SuperiorSats","0x2e49Fdc107befE0715841D681912080493651B6E","https://x.com/SuperiorSats/status/2095808543903654375","93","2026-09-04T09:38:23.000Z"
"m3cahit","0x999b948A16c53b4a324b2b9C6DFd31E0f27c6482","https://x.com/m3cahit/status/2095506070576154075","","2026-09-04T21:21:39.000Z"
"NicholasPoaxhc","0xb9092136E40e97FF89b362AD83808dfFCE2534ea","https://x.com/NicholasPoaxhc/status/2092934062875344897","","2026-09-04T08:59:33.000Z"
"m7800","0x31430Ea854fAA90f1262FaC90746B4EFD1D25455","https://x.com/m7800/status/2095237509482585542","","2026-09-04T21:18:51.000Z"
"DennisPetenqjp","0xd2B6b8E685A5C5e426BBc1c545463a84AA4706F2","https://x.com/DennisPetenqjp/status/2093118995992412161","","2026-09-04T08:58:53.000Z"
"HaroldJackxmmh","0x5293918731d0379F7D4BD30F3644dF2a5fA9D45a","https://x.com/HaroldJackxmmh/status/2092848622403059713","","2026-09-04T08:59:02.000Z"
"LoriRobert1bx3","0x969f1de8AD498258101d486ab29813ac426678ef","https://x.com/LoriRobert1bx3/status/2093673786304888833","","2026-09-04T08:59:28.000Z"
"3n4Cy4Uiivnenks","0xE6Dd5C665732B2e09ca6C9f1c41A226A4C7cA15d","https://x.com/3n4Cy4Uiivnenks/status/2095714967890858375","21","2026-09-04T03:27:02.000Z"
"machabee","0xCD5053A5e1Ad751Ab305CE7839f39424fa391395","https://x.com/machabee/status/2094973325868202592","","2026-09-04T21:19:22.000Z"
"mackatac","0xA3Ee27986679979a98fB44Ab4242dff1B57c9169","https://x.com/mackatac/status/2095401857542177451","","2026-09-04T21:17:33.000Z"
"macmayson48425","0xBcC5210c1C2e1090f7eED0B4C151739f335Da02e","https://x.com/MacMayson48425/status/2095271878464957171","","2026-09-04T21:19:24.000Z"
"mad_pilgrim","0xE38fcA5D6a46e7002a6779658b07AB217A0ac56a","https://x.com/mad_pilgrim/status/2095951771809740986","","2026-09-04T21:20:13.000Z"
"mad_ranger","0x1D2Cb1dF446a71D8bD08fd526D810cCA41ECed80","https://x.com/mad_ranger/status/2095542996062027634","","2026-09-04T21:21:33.000Z"
"mad_tide","0x955a445d04328e06E576c37615D4b0aC0bb767DE","https://x.com/mad_tide/status/2095172803970576421","","2026-09-04T21:15:33.000Z"
"mad_vortex","0xA3a24AebaFEEE31122630Aa87E7337fa0c7B488c","https://x.com/mad_vortex/status/2095545397119718605","","2026-09-04T21:15:31.000Z"
"mad_witch","0xCAbE8Ad2866f63c3F13302d32A4c7B15648Ff165","https://x.com/mad_witch/status/2095168889000306956","","2026-09-04T21:17:54.000Z"
"madarame01","0xa80d5851a5e4fd453BBd75380F68a18681aCB383","https://x.com/madarame01/status/2095022985997346503","","2026-09-04T21:19:38.000Z"
"madcaptain","0xCf31607E74a63810364253D243D2AA621C27649C","https://x.com/madcaptain/status/2095139711853749729","","2026-09-04T21:18:13.000Z"
"maddogssss","0xF973faB35Fd5C1e6A648E151AfdC1691Aa98802b","https://x.com/Maddogssss/status/2095225034316138462","","2026-09-04T21:20:34.000Z"
"madeleneboi","0x2531C56E8b944e8054ff15C2853b7d98Adb1D670","https://x.com/MadeleneBoi/status/2095703559013371368","","2026-09-04T21:15:07.000Z"
"madfox","0xe1D3A0e1f16BB1B1f3995ad64152faD7582ec0fB","https://x.com/madfox/status/2095831408308799299","","2026-09-04T21:16:47.000Z"
"madhawk","0xb9DE38CD27B257495945800697949e6a0e84021f","https://x.com/madhawk/status/2095103994882663797","","2026-09-04T21:21:31.000Z"
"madiun","0xf9fae64d45025c7ee7Fd64f40d1b8454dB01290e","https://x.com/madiun/status/2095457009430628720","","2026-09-04T21:18:37.000Z"
"madmax___8","0xaB343fa2dEd228C57Fff50af30CbE03c09C56BE6","https://x.com/MADMAX___8/status/2095941522357178556","398","2026-09-04T18:26:48.000Z"
"madmaxmdq","0xA416e31FfB3dF164833D7082F48c107B576A2738","https://x.com/MADMaxMDQ/status/2095981849839000324","","2026-09-04T21:17:36.000Z"
"madox","0x4DaE2bE879198a58b5C8F5247596A156185BF82B","https://x.com/madox/status/2095501089878075429","","2026-09-04T21:20:58.000Z"
"madpanther","0x0388Ed3Eec49Fe1E1D104752b84b93cBa64ba6EE","https://x.com/madpanther/status/2094979088477917534","","2026-09-04T21:18:55.000Z"
"madronin","0x15fa618919195F67ff235Cb7E146d8cfb3852Fd3","https://x.com/madronin/status/2095058641640886070","","2026-09-04T21:19:11.000Z"
"madstar","0xE90330db9a904A1Db1b1Ac4Dbe196e0762438b9D","https://x.com/madstar/status/2095438909060627046","","2026-09-04T21:21:02.000Z"
"madwitch","0x8a9e736b5bA53be49d16FBD5ab29438dCbf95930","https://x.com/madwitch/status/2095109949892857747","","2026-09-04T21:20:23.000Z"
"madyrancabuaya","0xfcb0c8fa7ba6bec771fd1fc4f4f36666cae09b5c","https://x.com/madyrancabuaya/status/2096072212344402045","515","2026-09-05T03:12:47.000Z"
"maesters","0x66582AEb67121e0947F23a90284397f894C896aC","https://x.com/Maesters/status/2095439962962604144","","2026-09-04T21:18:45.000Z"
"maestrosda","0x5147337232b8565A62c84A9D27B98b2B69e8363d","https://x.com/MaestroSDA/status/2094897882316405893","","2026-09-04T21:19:14.000Z"
"mafaza99","0x89980F7cD063eDd9FbE6d06352E4991311042aE9","https://x.com/Mafaza99/status/2094922699844760237","","2026-09-04T21:14:27.000Z"
"mafia1","0x032d66eB9cB6f12cbe20DaA5928ed62661101766","https://x.com/MAFIA1/status/2095555463182153100","","2026-09-04T21:19:05.000Z"
"mage_eve","0x65Ef8ec1AAC017d33cdda7301273Ec0E85D72FCB","https://x.com/mage_eve/status/2095594461017675497","","2026-09-04T21:15:16.000Z"
"magejester","0xffe159Eb94bFC45C51F0800A86CBfed4Bf82A527","https://x.com/magejester/status/2095316109496026099","","2026-09-04T21:20:20.000Z"
"maggicaterina","0xbEa60C0e4fDEc2BB35F26b755B18073b2DEC3056","https://x.com/MaggiCaterina/status/2095920992433948383","","2026-09-04T21:20:33.000Z"
"maghat","0x09fAd4cB832E10289d03d978a43662dF8EafbaEf","https://x.com/MagHaT/status/2095377050808347239","","2026-09-04T21:16:11.000Z"
"magic5e","0x962f53d6dF6D5b0778fa06E14Ea8435854FFbc5e","https://x.com/magic5e/status/2095192224404675487","","2026-09-04T21:16:59.000Z"
"magicalsg","0x384E3F0A7a6470989422D4f03c3316A8ba76e675","https://x.com/magicalsg/status/2095828287466284397","","2026-09-04T21:17:21.000Z"
"magicboss","0x59Af6bC0B66E9C8226A4cAb2FFb18481F30dc62d","https://x.com/Magicboss/status/2095354133178868874","","2026-09-04T21:18:51.000Z"
"magniu","0x1CD58888320E41932C157178ED4AfAB8D75EFe5f","https://x.com/MagNiu/status/2095720715951098379","","2026-09-04T21:14:06.000Z"
"mahan","0x02248bBcaD6736E2573711899301e4F6208b3419","https://x.com/mahan/status/2095596693372123983","","2026-09-04T21:14:57.000Z"
"mahdiabbasi","0xF0B69ca4aCf53e4C1d3EbF1b231509889e4160Ba","https://x.com/mahdiabbasi/status/2095752583982885257","","2026-09-04T21:20:01.000Z"
"mahdibn","0x5b3Ab32d348395a81BcCB3563cd06ebF538ff9C8","https://x.com/Mahdibn/status/2095796757095849902","","2026-09-04T21:14:54.000Z"
"mahdigh123","0x93bc2c7402F33FBf07d67E16132409bf7638b73E","https://x.com/mahdigh123/status/2095287419965603330","","2026-09-04T21:18:12.000Z"
"mahendra","0x09f0b3075c4f98C50BfeECBD8a29dCa8B7082196","https://x.com/Mahendra/status/2095831662775394146","","2026-09-04T21:15:34.000Z"
"maherrattahlla","0x0a31665ff930c9d042fd4d56795bd3814c7bb187","https://x.com/maherrattahlla/status/2095920712506650777","363","2026-09-04T17:04:27.000Z"
"maheshkrsw","0xB4e2621A340dafaA0EC4e4356Ffcf484D37E7A29","https://x.com/Maheshkrsw/status/2095526666861416870","","2026-09-04T21:17:09.000Z"
"mahir0631","0xf0bfa984Fa04D224D90c05532f9BA288de5A0B03","https://x.com/Mahir0631/status/2095953394292969967?s=20","418","2026-09-04T19:13:55.000Z"
"mahirah78797527","0x19aa0dB9e6a478239b66D80f5bc18079a62CBA16","https://x.com/MAHIRAh78797527/status/2095952827566965192?s=20","415","2026-09-04T19:11:43.000Z"
"mahirahmed06","0x8176AE4a33D90c49bB063C3E565A66480493C0E6","https://x.com/MahirAhmed06/status/2095951089795522802?s=20","411","2026-09-04T19:04:53.000Z"
"mahirushiinaa","0x79841A8f650765bd1110f8673703D9965bB22605","https://x.com/MahiruShiinaa/status/2095547314206089198","","2026-09-04T21:14:05.000Z"
"mahiurs","0x6302c999ED525409839CDA34Ae61ad7d1Af87CD1","https://x.com/mahiurs/status/2095006606392084462","","2026-09-04T21:19:18.000Z"
"mahmud07","0x34833CFF803f5a19677bC3E72AD34C50dB043D33","https://x.com/Mahmud07/status/2095621086048420386","","2026-09-04T21:17:21.000Z"
"maianh14294","0x2feFa35d42CBEA5DD8E65C4dC3cf3d84e9756987","https://x.com/maianh14294/status/2095526701436615341","","2026-09-04T21:21:30.000Z"
"maidokai","0x48B7f40Cc4B1736Ff54cCD1c787eE2D605364bEB","https://x.com/maidokai/status/2095162528435963892","","2026-09-04T21:14:53.000Z"
"maiork","0x45774A5658207eeCb973703D1FdD922d21F0c0d4","https://x.com/Maiork/status/2095097584677965022","","2026-09-04T21:21:13.000Z"
"majidforoutan","0x0F16ad8C7D99eeF8E2B5e63125Cc1503D9Ec5cb8","https://x.com/majidforoutan/status/2095213777493839455","","2026-09-04T21:14:37.000Z"
"major","0x4AFBD017e5b118fB3a3a8A4968239AED4b183fdC","https://x.com/Major/status/2095292387325619440","","2026-09-04T21:21:38.000Z"
"makanx","0xAb863b9a78986CbfBc9E8eEfBDEFC6D10919C438","https://x.com/MakanX/status/2095954329730049528","","2026-09-04T21:18:01.000Z"
"makavellt","0x901078Ca778A7c43a1e3106a25cBb4D52198257C","https://x.com/Makavellt/status/2095720374293668253","","2026-09-04T21:20:51.000Z"
"makh74","0x5B123D839d7d68EcD9012E3E0148DA57Ba040F88","https://x.com/Makh74/status/2095084281124367416","","2026-09-04T21:14:53.000Z"
"makicrypto","0x73F7C5a9dd00c8D8378029670401D311eB07EE8E","https://x.com/makicrypto/status/2094928503272698079","","2026-09-04T21:16:46.000Z"
"maksyaka","0x2d31285DE2A24a89ea09a3Ec4747dcc8a9b1EF8F","https://x.com/Maksyaka/status/2095449677232582985","","2026-09-04T21:16:42.000Z"
"makys","0xCdE3ABd730C45D04232A2Fe9F7121A14E9AFd1aD","https://x.com/Makys/status/2095215320872647748","","2026-09-04T21:17:08.000Z"
"maldhama","0x67f48a32068f4431a6B7dDB9ca6F9c3636095d05","https://x.com/MAldhama/status/2095901008467759357","311","2026-09-04T15:46:48.000Z"
"malici","0x951B2D4EdCab140Cd12cF364CE325E6217657988","https://x.com/malici/status/2094923900351476016","","2026-09-04T21:16:22.000Z"
"malika23","0x462B3fd5c04c0aFc786F0E7E9570Eda185fb8298","https://x.com/malika23/status/2095474333793259853","","2026-09-04T21:14:07.000Z"
"mama2726","0x386D8D76bf89492418458a5bC8151Aa7ddac6ADA","https://x.com/mama2726/status/2095171898454306367","","2026-09-04T21:14:44.000Z"
"mamamulu1","0x036E140b099Bb37DB8FA28E76E8fF135Adb126b1","https://x.com/mamamulu1/status/2095433211420986931","","2026-09-04T21:19:37.000Z"
"mamita","0x45E5945d9b2fE777bcC16DFaAF65000Ee6895e92","https://x.com/mamita/status/2095606023673436957","","2026-09-04T21:20:19.000Z"
"mamm123","0x8Dc53de830b3FEC2d44f8B21651ca2DfF5c1D40E","https://x.com/Mamm123/status/2095653733894536899","","2026-09-04T21:14:47.000Z"
"mammama","0xe9f6002C4F2E1c3c790d121CC7dA804284f568c6","https://x.com/mammama/status/2095442508230102956","","2026-09-04T21:16:07.000Z"
"manara","0xf08b5d557A9d807df48F774EA1b812c44c9713fb","https://x.com/Manara/status/2095077744975725887","","2026-09-04T21:16:18.000Z"
"mand_d","0xc5Eed7839688e30244e0Dd1433Cc1d3036C30D0C","https://x.com/mand_d/status/2095202213806788337","","2026-09-04T21:15:13.000Z"
"mangsir96","0xB43c78EADc4Ad6c332A07768C5E0CFe14fA9D5De","https://x.com/mangsir96/status/2095937009965777309?s=20","393","2026-09-04T18:08:50.000Z"
"manhunt","0xcCB2bE5D729732BA577Ee926C3FD9Ef49Df18421","https://x.com/ManHunt/status/2095496443458556627","","2026-09-04T21:19:38.000Z"
"manhunt09","0xE673e404223D43C4623C6c87c04256d60E169462","https://x.com/ManHunt09/status/2095337088385923455","","2026-09-04T21:15:43.000Z"
"maninlarie","0xd69c2a514b892c883b5f064b15a026b0b5873aee","https://x.com/ManinLarie/status/1512847348010954753","602","2026-09-05T05:59:06.000Z"
"manishbac","0x9ef31aa9f2E901c646dEbba3212521de59F9E47B","https://x.com/manishbac/status/2095558968065182378","","2026-09-04T21:17:04.000Z"
"manishg143","0x22AbEA4bF036fD969281BC1aCF65312abdB2b9cd","https://x.com/manishg143/status/2095734910739450269","","2026-09-04T21:15:01.000Z"
"mannn","0x8C0042469C64eDF11C1C6076F638e131038C4E0e","https://x.com/Mannn/status/2095512010756946314","","2026-09-04T21:21:17.000Z"
"manojnayak87","0xFf8270f0b3224B09c4Dad20E5Efe8cAD932df3e8","https://x.com/manojnayak87/status/2096069273416618269?s=20","511","2026-09-05T02:54:34.000Z"
"manomalik","0xbf2667Cfe607f53Fd73d7376DF5474C5b7bEde08","https://x.com/Manomalik/status/2095110966257038421","","2026-09-04T21:21:04.000Z"
"manro69","0x5af8D5E2fF77535Ba06c634c7764896E8De264F6","https://x.com/manro69/status/2095513183582958844","","2026-09-04T21:20:07.000Z"
"mansonkell","0xCc138D5B00dF654f56E495faE9501B1d8E0D7ef9","https://x.com/MansonKell/status/2095957660048757199","","2026-09-04T21:14:58.000Z"
"mansoorndb","0xA2457D8b4a79cDD51F03F1A41A47c31A8cE3E866","https://x.com/mansoorndb/status/2095490321502014062","","2026-09-04T21:20:48.000Z"
"mantratantra","0x3815826eA86CC052d76B4A2Ce3E7A1675f3Ed9A1","https://x.com/mantratantra/status/2095709030254596573","","2026-09-04T21:16:18.000Z"
"manueladams","0x8CB81FF498a76Aa0894795BA94d967Bf656F38Da","https://x.com/manueladams/status/2095757019068224519","","2026-09-04T21:15:33.000Z"
"manukakal","0xCE2EF26E518071C262B842f9dE8b4cFF8e1c80EA","https://x.com/Manukakal/status/2095067903959578196","","2026-09-04T21:15:43.000Z"
"manzrakhmul","0x781D496191EB56EC760D3eD666cFF8E260f3606F","https://x.com/Manzrakhmul/status/2095740936108414591","","2026-09-04T21:17:14.000Z"
"maoboyuha","0x760cb9631c316f8c204c1d4d4f9d3a19d9418587","https://x.com/Haunting_Hoods/status/2095895534615904498?s=20","528","2026-09-05T03:55:46.000Z"
"maomao","0x440F0458A07e595BEaBB02f902fB63220760B197","https://x.com/MAOMAO/status/2094936921053343758","","2026-09-04T21:14:20.000Z"
"maplehell","0xd19Ff49F1FC072bBa45a0B83EA82A15F2f185961","https://x.com/MapleHell/status/2095694716363354818","","2026-09-04T21:17:01.000Z"
"maqiuyu","0x3334dAa597f355583B1b7F52e9ab70bcb8e98bA9","https://x.com/MaQiuYu/status/2094997495277756278","","2026-09-04T21:20:30.000Z"
"maran","0xAF10944f93175c6d77cd5A755740787a5FB7b8a1","https://x.com/maran/status/2094900882947626156","","2026-09-04T21:14:09.000Z"
"marcosaru","0xA4118ef27564C6E76dA734052239d40672baA9e4","https://x.com/MarcosAru/status/2095636510290329182","","2026-09-04T21:21:27.000Z"
"marcus13","0x540735B5b0cC75867e18814307ee89a080Fd83C4","https://x.com/Marcus13/status/2095659135092227249","","2026-09-04T21:16:43.000Z"
"maresal77","0x4217a9BAFA62B32aa2cD4b1054F8e0C427Ed32A6","https://x.com/Maresal77/status/2095295858484184085","","2026-09-04T21:15:41.000Z"
"mariabolshakova","0x444AEEFD162676aDb929490cD3930e9F4098ea6F","https://x.com/MariaBolshakova/status/2095364237516091179","","2026-09-04T21:20:46.000Z"
"mariacampbeli","0xA074C1212073F19EAb3618F1DBA924A66C47Bba4","https://x.com/MariaCampbeli/status/2095799459022705921","","2026-09-04T21:20:31.000Z"
"mariaheitor","0x35A9a13717724797B0B9974f4dF9b222b3AA1f6B","https://x.com/MariaHeitor/status/2095205798172873072","","2026-09-04T21:14:43.000Z"
"maribel","0x40fbCfd2E1606bb835c973e3Bf6533047e5A526D","https://x.com/maribel/status/2095587639434050907","","2026-09-04T21:16:53.000Z"
"markiwi","0x5d144322F4b341f35Df51b70C40c7013B1Fe6395","https://x.com/Markiwi/status/2095103825935322453","","2026-09-04T21:15:32.000Z"
"marla","0xD425d63854Ad21a98C4dCD9879fA7dcd08c005Da","https://x.com/MARLA/status/2095323509583887685","","2026-09-04T21:20:14.000Z"
"marlows","0xA8286024e9B9d095a9eC308b93eC36cC1Fd5201c","https://x.com/Marlows/status/2095000608563715735","","2026-09-04T21:17:18.000Z"
"marpiku_","0xaA3D6fFBd237ed59f2F1D922a1380Be5D9f4c85c","https://x.com/marpiku_/status/2095980142674868292","","2026-09-04T21:17:28.000Z"
"marsma","0xeC165ed7822Ce8B5a494Bb882057411b6Dd1cf4C","https://x.com/marsma/status/2095537667458376755","","2026-09-04T21:16:13.000Z"
"marss5","0xf230C405a71b043BAc9C680a164D9e674d4FC6Bc","https://x.com/marss5/status/2095087546517615057","","2026-09-04T21:16:19.000Z"
"marsuvalen","0xEd16E37FB9825946Ce7863F80a5E010bEB33542E","https://x.com/marsuvalen/status/2094907184146175155","","2026-09-04T21:18:09.000Z"
"martimnezz221","0xdAAEDB67714BA95D7425B52Bea3F911d45AF48DD","https://x.com/Martinezz221/status/2095954275428143170","421","2026-09-04T19:19:02.000Z"
"martinho","0xdF47fC26Bd84B8d4F3f26F43d84e252E7d6caFFc","https://x.com/Martinho/status/2095403549728382226","","2026-09-04T21:18:24.000Z"
"maruf976","0xEf182f3252359a89d9Acd529D5De47EF80761f63","https://x.com/maruf976/status/2095537225905321755","","2026-09-04T21:21:18.000Z"
"marveluniverse","0x466C2F40429FC9BD718d7288a1f6F311ABeF5cA4","https://x.com/MarvelUniverse/status/2095170378000096402","","2026-09-04T21:14:11.000Z"
"marywallker","0xd1E4aB543b554d387E7A606bE3B89ba6391b3043","https://x.com/marywallker/status/2095867220100785970","","2026-09-04T21:19:08.000Z"
"masaooo","0x532b1a6493c4A32d1dBFA6713A5BC7E988433ac0","https://x.com/masaooo/status/2095274544485140763","","2026-09-04T21:14:37.000Z"
"mashiron","0xc72177CD498DEAec0f937f88ce04F5DAc3240c79","https://x.com/mashiron/status/2095760383601582090","","2026-09-04T21:20:15.000Z"
"masir","0xc9f56379F23c25b341D4459A54Abb5034C927b40","https://x.com/masir/status/2095923711775435070","","2026-09-04T21:19:02.000Z"
"masteri_t5","0x91C0b4E4a3427ccd87751F034faA522BAF442909","https://x.com/masteri_t5/status/2095360396765967529","","2026-09-04T21:20:12.000Z"
"mastery","0x7048c0Af81B2416130E67610004585e70843E7eF","https://x.com/Mastery/status/2095145615926214351","","2026-09-04T21:15:26.000Z"
"masum58","0x9A2d41ffAEB3d30EeffCd324aE1134B7a04e1bA6","https://x.com/masum58/status/2095269994767184353","","2026-09-04T21:14:22.000Z"
"mateuszek","0xcBc49Ef51Bf78F8B14DAc6E8f05Da2A1878facE2","https://x.com/mateuszek/status/2095279329739034644","","2026-09-04T21:18:44.000Z"
"matic","0x8433108Bff2034f94e8947BB9Ea98553f987B607","https://x.com/matic/status/2095367975096676158","","2026-09-04T21:17:05.000Z"
"matinvafa","0x689F050B5e39AE07D19bEf92607e5C1e6abC9a2E","https://x.com/Matinvafa/status/2095631222297936948","","2026-09-04T21:19:52.000Z"
"matros","0xfFF6b009248BEaCa7366609fD255ADB3429a4845","https://x.com/matros/status/2095962406701899994","","2026-09-04T21:17:42.000Z"
"matte0btc","0x22B2d59dc85c58214191e38bB71A6659512370BF","https://x.com/matte0btc/status/2094963160881852400","","2026-09-04T21:16:38.000Z"
"matthewcrypto","0x7f2c7791Af8ACed448939bb8dbd9F041957683e6","https://x.com/matthewcrypto/status/2095882549967369519","","2026-09-04T21:15:44.000Z"
"matthewgar","0xe32B94355a6C5Ea5D74700d4031cF138A5bCC2B6","https://x.com/matthewgar/status/2095005842446330674","","2026-09-04T21:20:08.000Z"
"matveyav","0xD523113933D623306cbee432089086643f51D3a6","https://x.com/MatveyAV/status/2095845918231958574","","2026-09-04T21:16:18.000Z"
"maureeng","0x9A463f7f2dC402828a186FD5e362bbBF67D06D4D","https://x.com/maureeng/status/2095703329463946442","","2026-09-04T21:20:49.000Z"
"max24","0x5CF5431528Da85c8f8EAD086fb2CcaFa96520B08","https://x.com/max24/status/2095620567876446492","","2026-09-04T21:20:28.000Z"
"max_ranger","0xb37b82Ef3722A931213B85D6541AD8E2fF6B11DA","https://x.com/max_ranger/status/2095881645603700887","","2026-09-04T21:14:22.000Z"
"maxall","0xC21AeE3e83bC6d288cb41daDc253C0452b419653","https://x.com/maxall/status/2095802316086849400","","2026-09-04T21:21:24.000Z"
"maxiiiii","0x9Aa09BE7AeCebE1328Bb1a3e0d9484e455AAA530","https://x.com/Maxiiiii/status/2095017121385325449","","2026-09-04T21:19:03.000Z"
"maximusx","0x8A1AD2BA00cf8B571578a8A1eB245FC14DBc0CD7","https://x.com/MaximusX/status/2095955465833888880","","2026-09-04T21:20:41.000Z"
"maxistor","0x25EEA5Cbce711e8375101AE92BcD6D3072A26393","https://x.com/Maxistor/status/2095406014903822874","","2026-09-04T21:14:06.000Z"
"maxong2003","0x65730a1ED88963EF707bcCba7c3002816A78849b","https://x.com/Maxong2003/status/2095381331964656036","","2026-09-04T21:15:22.000Z"
"maxpilgrim","0x9471Fee2092085f736f305428A36f0bD6b45610a","https://x.com/maxpilgrim/status/2095597470210252867","","2026-09-04T21:19:10.000Z"
"maxplay","0x165D421eB3F52833fE3459B2741dAD78a720Ce99","https://x.com/Maxplay/status/2095469598692044226","","2026-09-04T21:17:08.000Z"
"maxscholar","0x9c9E3E2c9c8f4462bfD3f4DA63016C46E7eBBf8C","https://x.com/maxscholar/status/2095040819887641904","","2026-09-04T21:16:20.000Z"
"maxxxim09","0x5c75236620B90072A00e7E1d53743653ea330f6F","https://x.com/maxxxim09/status/2095729664179031927","","2026-09-04T21:15:39.000Z"
"mayaanggraeni_","0x71645062f276ea2AFaC034E4640365823d68F3BC","https://x.com/mayaanggraeni_/status/1","621","1788588345122"
"mayalu","0x796DA5D72Fc56029A223BFFa8B29001E0aD1E54B","https://x.com/Mayalu/status/2095822610904707094","","2026-09-04T21:14:03.000Z"
"mayankmk","0x9AB13c7345B38C5e53fA48f2B605557da9469146","https://x.com/Mayankmk/status/2095925632538137863","","2026-09-04T21:18:09.000Z"
"mayarra","0x7D40A9E0BD6E39E69505B65430530967a900791A","https://x.com/Mayarra/status/2094987360317589073","","2026-09-04T21:16:15.000Z"
"maycongr3","0xFDC856bf066475Df049c7D4f267d07b5eb93b16C","https://x.com/MayconGR3/status/2095904408476732272","","2026-09-04T21:17:23.000Z"
"maydeng","0x027a454f01180d53a6a8A8133B8DdF015664D6bE","https://x.com/MaydenG/status/2095014473692419040","","2026-09-04T21:17:55.000Z"
"mayer55","0xe69c5ADCF5013355aaF6193B2c9A7996E5082d03","https://x.com/mayer55/status/2095881456357696823","","2026-09-04T21:14:37.000Z"
"maykikk","0x4dEf67FAE4c17965d7C50F3d29012Af123B721F8","https://x.com/maykikk/status/2095658062012766123","","2026-09-04T21:18:16.000Z"
"mazay85","0xE4AE23A7D88F84749ff009FAd247DFE9EaA12a48","https://x.com/Mazay85/status/2095472051641041219","","2026-09-04T21:19:06.000Z"
"maziar","0x21e7d7340d78D2Dc256C874Cb3cD39b482b5c0B3","https://x.com/Maziar/status/2095145005811602053","","2026-09-04T21:21:13.000Z"
"mbdrop","0xBCA663231CCab58C142A4e20B0aCe0Ecb2A3eE78","https://x.com/mbdrop/status/2095727388919191687","","2026-09-04T21:14:44.000Z"
"mbmchaves","0x6A8493D5C605E5E81900a36c5dca982EcD77A3cE","https://x.com/mbmchaves/status/2095183449432828728","","2026-09-04T21:14:25.000Z"
"mbpoyraz","0x2Ac4a71DF81e05e574437745cD405ff13eBb330c","https://x.com/mbpoyraz/status/2095790867394911875","","2026-09-04T21:19:26.000Z"
"mca1","0x3D2d3a6DCbf2155a60A30ad1309B3eE45780ed3e","https://x.com/MCA1/status/2095574785960214679","","2026-09-04T21:16:35.000Z"
"mcwar1","0x8a073d6A3FbAd3a2E611a724de8c226e54d11F7C","https://x.com/mcwar1/status/2095413603105589770","","2026-09-04T21:18:38.000Z"
"mdashik17657283","0x346437744c073B72b6653FA911d3d573a412f923","https://x.com/MdAshik17657283","498","2026-09-05T00:50:24.000Z"
"mdbabulx4","0x76C2C873FBFBBCBeA2e7f3710bCFf551561739b0","https://x.com/mdbabulx4/status/2095464254407015188","","2026-09-04T21:19:02.000Z"
"mdjubayersheikh","0xDeD206285C831C8dDf25b7b5D0981B6CE9ddA3AE","https://x.com/Mdjubayersheikh/status/2095283509402557779","","2026-09-04T21:16:22.000Z"
"mdrofikul95605","0xfe17A2662813722D78CeB4e6A99ec01573924033","https://x.com/MdRofikul95605/status/2096049900144505027","506","2026-09-05T01:42:06.000Z"
"meatbagvibes","0x4d5b3d7fd88c56a865f2ac6bbf393082441f14a6","https://x.com/Haunting_Hoods/status/2095895534615904498?s=20","533","2026-09-05T03:55:53.000Z"
"mechemist","0x16Cbbb9241fcB561F8c22a0C453fb438609994Ec","https://x.com/mechemist/status/2095428008265634319","","2026-09-04T21:21:38.000Z"
"mechisl","0xe170ced2C4374A021732815B041Ce9b7144C1bD9","https://x.com/mechisl/status/2095760964358866219","","2026-09-04T21:15:56.000Z"
"meganwalkerking","0xDf46bCD489692cC5bF4A684432D1595C555730a4","https://x.com/meganwalkerking/status/2095254548654987569","","2026-09-04T21:15:38.000Z"
"megawatix","0x9213Dd38608a863a0cc43F65C49E38F008B1445F","https://x.com/megawatix/status/1","636","1788588390467"
"mehdinfm","0xf20d181B62Bb1C00404C69840bAeeB95b4e86c5A","https://x.com/MehdiNFM/status/2095555295869247235","","2026-09-04T21:17:51.000Z"
"meikana","0xB8a6FbF551160BeF0c93D5761D90BdABFBF5062F","https://x.com/meikana/status/2095374946946700295","","2026-09-04T21:21:19.000Z"
"meimei1919","0x4fFe996DE20eEB0C4b11569Ab38808D0387b2847","https://x.com/meimei1919/status/2095067939816632927","","2026-09-04T21:19:55.000Z"
"meixiaolin","0xff145abe52056b124e4a54fa5c2685f590383d38","https://x.com/MeiXiaolin/status/1476214258014638081","603","2026-09-05T05:59:07.000Z"
"mekomox","0x987571aa3AA739810F07F230e56e60ef797234F6","https://x.com/MekoMox/status/2095003073386080517","","2026-09-04T21:19:44.000Z"
"melatiramadan","0xC30C49B03a1d3f7b351c65bE3c1213c2b0C18856","https://x.com/melatiramadan/status/1","638","1788588396593"
"melbourneo","0xa4eD9FBD5d3C6943bcecCc9177Cf32d56d84871C","https://x.com/melbourneo/status/2095384373506178792","","2026-09-04T21:17:34.000Z"
"meledagg","0x95928A2eC9bb361F2628ba45B679E174c7e8a842","https://x.com/meledagg/status/2095541846539907692","","2026-09-04T21:19:00.000Z"
"meliana","0x245E89e961fFdf17719Cd16842e296bfA5dB93E9","https://x.com/Meliana/status/2095306067957509751","","2026-09-04T21:19:23.000Z"
"melisademirhan","0x389e3e358838597edD13e5aeb098436530319A55","https://x.com/Melisademirhan/status/2095150817678143805","","2026-09-04T21:15:32.000Z"
"melsp","0x70212567C802450A5b21815c93ED4e201EF6eCc0","https://x.com/MelSP/status/2095968754725230373","","2026-09-04T21:16:09.000Z"
"melwinande24004","0xDA3CB5dB2d40f95A6e80614872A15DfaF8179c24","https://x.com/MelwinAnde24004/status/2095384887126860960","","2026-09-04T21:15:52.000Z"
"memeland0102","0x1f7ce97949B721A78254736A79ca5322a86842E2","https://x.com/MemeLand0102/status/2095875082556211282","229","2026-09-04T14:03:09.000Z"
"memo","0x34C131c9d45aa3bBE3205308D37c4893AF02131a","https://x.com/Memo/status/2095028230860012947","","2026-09-04T21:17:13.000Z"
"mendru","0xfB07013c7AE22ffAe2594c1c52201A904F300663","https://x.com/Mendru/status/2094975664610356138","","2026-09-04T21:18:56.000Z"
"mengyang","0xF033F919f1D3426A1274C917336e04Fe084bb7Ce","https://x.com/mengyang/status/2095544577573462176","","2026-09-04T21:20:27.000Z"
"menpiz","0x0903726946Ea2e484A7421DA92347F69D1AC81d9","https://x.com/MenPiz/status/2095766460097964222","","2026-09-04T21:15:22.000Z"
"mensifrigard","0x9293caF120241091FBd4a9CEBeB5cEae81aa30Ba","https://x.com/mensifrigard/status/2095014470921150702","","2026-09-04T21:18:26.000Z"
"menter","0x7Cd17140115465341968D6bc68b89F17A9995f78","https://x.com/menter/status/2094947437600461459","","2026-09-04T21:21:19.000Z"
"mentha","0x63B97B8Ab02d6B0B79F8e2B470Ad5fd0EF369AaF","https://x.com/mentha/status/2095578480942897782","","2026-09-04T21:20:52.000Z"
"meobeo","0x00152509748dE68D5eCba5cC0E72081A6EE55Efc","https://x.com/meobeo/status/2095693662757232614","","2026-09-04T21:19:29.000Z"
"meomoi1804","0xa339dE6B8acc31620a47208B2e1491C92d549a84","https://x.com/meomoi1804/status/2095578497873301455","","2026-09-04T21:14:23.000Z"
"meory","0xE0c2A30602f0838E6eF2C82b4534B2A46a8aA6AC","https://x.com/meory/status/2095663754801394706","","2026-09-04T21:16:41.000Z"
"mepoo","0x4854a5CCEe8F2eb4a36d09d6EB372962A177e722","https://x.com/mepoo/status/2095203042052419690","","2026-09-04T21:20:51.000Z"
"meraj420","0xDE6CBe79f672710c1579572d6D91F7fB93dbaf3D","https://x.com/Meraj420/status/2095372270550875066","","2026-09-04T21:21:01.000Z"
"merbuti","0x2E0359511cF3D1ecD3eE3dDee1c4fcB4891e7167","https://x.com/merbuti/status/2095678462978624392","","2026-09-04T21:20:20.000Z"
"merida64","0x21d7A81AcA6A7791657c1c8729c4c4492ee45534","https://x.com/Merida64/status/2094983956821969297","","2026-09-04T21:21:13.000Z"
"metaalex","0xe77B25bf547B82A17dcC1aE00A6446294cAEB343","https://x.com/metaalex/status/2095814252544488088","","2026-09-04T21:16:44.000Z"
"metadrophunterx","0x714C1D5F2368C50cc3282A0e60bB78A021395F28","https://x.com/haunting_hoods/status/2095880792765497711?s=46","264","2026-09-04T14:50:51.000Z"
"metagd","0x35cF5E47B38bb16d7Add9baf9cd8A86372b4aAaF","https://x.com/metagd/status/2095247748161601031","","2026-09-04T21:17:16.000Z"
"metasound","0x27b3c4f0024Dc21A2A3c93C34FcD3314e9908c55","https://x.com/metasound/status/2095488265087468822","","2026-09-04T21:18:27.000Z"
"meticulousmofo","0xF59af4c1712bD16b4Bd0ffD6Ba82f32E91e75637","https://x.com/MeticulousMofo/status/2095428088635023771","","2026-09-04T21:14:59.000Z"
"metjus","0xE71f0a629732f02695525DF57fB8e07B6b52EB0f","https://x.com/Metjus/status/2094906404827965891","","2026-09-04T21:14:03.000Z"
"mets","0x9bA40c85a67B7aa6EFA90cC2E9b457654E41bfdf","https://x.com/Mets/status/2095587028558052269","","2026-09-04T21:18:36.000Z"
"mfr92","0x00080A13A59EB2182603B975175aEe43cBD33BDf","https://x.com/mfr92/status/2095470485755025884","","2026-09-04T21:17:08.000Z"
"mgt5","0xAAF5FF040997E61D7bd9bf52F43759EEFEF8e619","https://x.com/MGT5/status/2095692132547228158","","2026-09-04T21:19:35.000Z"
"mhax01","0xf39C431d9BDff08e41AF09338203726E317F8A5c","https://x.com/Mhax01/status/2095839417915363991","","2026-09-04T21:21:29.000Z"
"miaameliax","0x32C2695F14B69b24E51D1A8549bC13AbA887538a","https://x.com/miaameliax/status/1","641","1788588405981"
"michael314","0xE78FbA5BbFaA8824f563F96dC138EEeF980b0436","https://x.com/michael314/status/2095211649938984510","","2026-09-04T21:16:51.000Z"
"michaelfort","0x051d018156279f367254De0b58d140E106e53125","https://x.com/Michaelfort/status/2094924614374788579","","2026-09-04T21:14:26.000Z"
"michaelspacey","0x666bc9ecd43EEAdAF35753A72D517038a4E3A1c5","https://x.com/MichaelSpacey/status/2095564449811961354","","2026-09-04T21:17:44.000Z"
"michalmx","0xA095E9DAc20E225487681768D0f52162cEb3118B","https://x.com/michalmx/status/2094995992861266320","","2026-09-04T21:17:33.000Z"
"michelgreender","0xEB27543e9495c19dacd60D9d1A633705b6e2B4C4","https://x.com/MichelGreender/status/2095552252415883666","","2026-09-04T21:18:27.000Z"
"michelinapawley","0xE3D65bD4D8DfAfA1FF63353c324DAC35cF37fCa5","https://x.com/MichelinaPawley/status/2095818431376218662","","2026-09-04T21:15:34.000Z"
"micky5689","0x01A53855A63b2088c7af3703C7452c740370ea0D","https://x.com/micky5689/status/2095481894895976681","","2026-09-04T21:16:51.000Z"
"mid24","0x9de960200cd1C8FF125E54B9aba5371Dc537D6fd","https://x.com/mid24/status/2095402850370261181","","2026-09-04T21:19:30.000Z"
"mida084","0x73Cf9032a66EeEfb8e469ACE4D274dE46DDb66E8","https://x.com/Mida084/status/2095884398730212021","","2026-09-04T21:19:27.000Z"
"midnattsol","0xa87785bD6A9A167dA376170F5cdd0ea926Eb8937","https://x.com/Midnattsol/status/2095012487194059622","","2026-09-04T21:16:30.000Z"
"mido0826","0xB44b3901e0d42Bf84b6C70336e39f002156Ac6b3","https://x.com/mido0826/status/2095437465713462593","","2026-09-04T21:18:35.000Z"
"mienar","0x464c6932431bBADD9C9823D7C25E2e1FFC391546","https://x.com/Mienar/status/2095571615848348553","","2026-09-04T21:16:10.000Z"
"miezio","0x547975e6bA3cf59EF843210930B0aE761DDcf06D","https://x.com/Miezio/status/2095676531791563357","","2026-09-04T21:20:23.000Z"
"miguel8","0x9762DFB8eC8a20F83071c915eb4311fE05dC170a","https://x.com/Miguel8/status/2095521850529826226","","2026-09-04T21:15:55.000Z"
"mihaibratu84","0x957c960E755147d39988f3eE36a5C6bc978f8Cf3","https://x.com/mihaibratu84/status/2095113165986128347","","2026-09-04T21:18:03.000Z"
"mihanstone","0x87cE0e059d4063CE269A4Bca452e285e2cB0549C","https://x.com/mihanstone/status/2095107039778376067","","2026-09-04T21:15:51.000Z"
"mikanoshi","0xb59D4A78d4EcDEaCb009b71Bea77725A253D3Ec2","https://x.com/Mikanoshi/status/2095811951241670198","","2026-09-04T21:20:19.000Z"
"mikewazowski","0x115B953fe17e27BAFb3803501c850fb3820db47C","https://x.com/MikeWazowski/status/2095510258513745200","","2026-09-04T21:17:26.000Z"
"mikou","0xd235BBf7d37a810d238e780323E2A252E905983c","https://x.com/Mikou/status/2095597433881502605","","2026-09-04T21:17:20.000Z"
"mikzane","0xaCe06b56d9646805631aFbEf727ef7418A301866","https://x.com/mikzane/status/2095634170983010164","","2026-09-04T21:20:19.000Z"
"milad6890","0xb081E3A1C9049bFB109737adfd0d1a09efB3f857","https://x.com/Milad6890/status/2095365356254065692","","2026-09-04T21:16:39.000Z"
"milana_tasya","0x4f8369c41130c59e6a37edfbbbd0262bc1f073c1","https://x.com/milana_tasya/status/1498491364845109249","608","2026-09-05T05:59:16.000Z"
"miles1984","0x2EC612f6A90251A3947D845f80F841666bD5f3D2","https://x.com/miles1984/status/2095014778566079072","","2026-09-04T21:15:12.000Z"
"millenium1","0x0408B325De176422072A09d337E78E57b75A3612","https://x.com/Millenium1/status/2095809434066701497","","2026-09-04T21:14:09.000Z"
"millisoft","0xbd3a22b9fE98A0830E5D2ecA3fDb448a046fE336","https://x.com/millisoft/status/2094918710184796839","","2026-09-04T21:17:23.000Z"
"milo_baron","0x2326e9a69A17FCAaF7997505010929e555910c55","https://x.com/milo_baron/status/2095059358094821319","","2026-09-04T21:20:44.000Z"
"milopanther","0x3545E68Acc038a57F68969af80063DC937977687","https://x.com/milopanther/status/2095846558851278187","","2026-09-04T21:17:11.000Z"
"milotiger","0x6328bab7268A6F49187D2FDac4B378eA11e1Bb43","https://x.com/milotiger/status/2095346586979382588","","2026-09-04T21:20:20.000Z"
"minaj","0x17453aE1F1173Df2061cAF8f84f5B450A260ca03","https://x.com/Minaj/status/2095517388212958432","","2026-09-04T21:21:08.000Z"
"minato10","0x441C228D8fbA8C7Ae5d87C6509948d634FA7db30","https://x.com/Minato10/status/2095894572489611854","","2026-09-04T21:15:11.000Z"
"mindsetmoney","0x7c808225B9B6E411e781Ce1f78e9c5a4D7c432fd","https://x.com/MindsetMoney/status/2095630137203565470","","2026-09-04T21:15:24.000Z"
"mingi","0x8Daa9060D6b76fcde657d0a9e9E020c1Ce367488","https://x.com/Mingi/status/2095910453795971807","","2026-09-04T21:15:13.000Z"
"mingkin","0xf823fB5f92005fe7c1Ea032EcCBf7E64439965aA","https://x.com/mingkin/status/2095043591964549665","","2026-09-04T21:20:05.000Z"
"minhboy","0x3484Ba22bb002F41CC25902C9186030063213fbC","https://x.com/MINHBOY/status/2095507143839475752","","2026-09-04T21:20:11.000Z"
"minhhai101","0xA4a7048edDC9d541E5C33589D6318fcd3bbc83d9","https://x.com/minhhai101/status/2094915302029122299","","2026-09-04T21:17:49.000Z"
"minhkhue2019","0x88bDB7AE344251A275671385653b4078D1794b41","https://x.com/minhkhue2019/status/2095225593909918607","","2026-09-04T21:14:16.000Z"
"minhminh7","0x97e22A4517C5Bc82042bb176e7068c22a506a063","https://x.com/minhminh7/status/2094897645525207846","","2026-09-04T21:18:56.000Z"
"minhphat","0xD58F980B3231EFBE194F151e7769AEcd99888b4B","https://x.com/minhphat/status/2095653329611864038","","2026-09-04T21:18:00.000Z"
"minhtri2019","0x3a66D80690b15082d62576CC4Dcd64750EE02810","https://x.com/minhtri2019/status/2094900895122938901","","2026-09-04T21:18:32.000Z"
"minly","0x7A2E2dFe88aB03EC650B23E11D6293029922a03D","https://x.com/Minly/status/2095662168001004900","","2026-09-04T21:19:11.000Z"
"mint_bear","0xbb401641A6C8d02FCb4427FB69Bb308142E755fE","https://x.com/mint_bear/status/2095322549689147313","","2026-09-04T21:21:22.000Z"
"mint_echo","0xd43d6aAa16f715b57D2eb2E75e5a966A774D2c26","https://x.com/mint_echo/status/2095303789824117185","","2026-09-04T21:20:48.000Z"
"mint_knight","0x7F12322616bDd7AcDD4a3AcFB51FB6F7C051e9A6","https://x.com/mint_knight/status/2095085422598978744","","2026-09-04T21:15:52.000Z"
"mint_prism","0xCe2342c889D740d557c9C5AaD471ea95dA5A6967","https://x.com/mint_prism/status/2095258135441820437","","2026-09-04T21:14:24.000Z"
"mintdog","0xf58fa0781db393a2A030cd7A021f8EcD16A4487F","https://x.com/mintdog/status/2094904896568260185","","2026-09-04T21:17:14.000Z"
"minthare","0xC0047D5A0171978bAD19dB6c59ea46089B985eC4","https://x.com/minthare/status/2095540303402220413","","2026-09-04T21:16:50.000Z"
"mintlamb","0xA709178F3DCeB58965Af8Ae8F8c941C038Ebf998","https://x.com/mintlamb/status/2095553526340308058","","2026-09-04T21:14:28.000Z"
"mintlynx","0x76F146E24ED28d3db25e3E253FeC3FD9D85C4c7c","https://x.com/mintlynx/status/2095546973316922815","","2026-09-04T21:16:58.000Z"
"mintotter","0xA5A1568DCe1f49553199c7B5260Ab46fa1Bac078","https://x.com/mintotter/status/2095656439304827782","","2026-09-04T21:14:07.000Z"
"mintraven","0x4b6a02CC522ba00f148f4dC3419ca062851b6479","https://x.com/mintraven/status/2095034342494459288","","2026-09-04T21:15:41.000Z"
"mintstag","0x5873649b6810c921979A9dEb7aDe5b6747fA5b08","https://x.com/mintstag/status/2095869191111973413","","2026-09-04T21:21:08.000Z"
"mira_dawn","0xECcEb727dDA5C0E82CFAa145C8C29a47D3430B22","https://x.com/mira_dawn/status/2095436038049808499","","2026-09-04T21:16:22.000Z"
"mira_raven","0x1Fc2B0B7A80fEd6fe8796ee40a518Cb7FFd1ba03","https://x.com/mira_raven/status/2095580582507265118","","2026-09-04T21:16:35.000Z"
"miriad","0x979ebB7A6B1973e48393A075CaFB36320B6a36D7","https://x.com/miriad/status/2094993680403839369","","2026-09-04T21:17:45.000Z"
"mist3r","0x915d2e8b2d57Cf0a1380F6EF8B1E9Fca5B07cFCf","https://x.com/Mist3r/status/2095488234781955487","","2026-09-04T21:21:21.000Z"
"mist_eve","0xa8f04f36627016c64a08B4655eA24B08420e261f","https://x.com/mist_eve/status/2095572175410932156","","2026-09-04T21:18:01.000Z"
"mitchharris","0x1Cee5F8777cbA7620088B4c06FdB9c69824dff04","https://x.com/MitchHarris/status/2095065270071606346","","2026-09-04T21:19:47.000Z"
"mithbuster","0x9d48E998C4c454152700E0952b5999f1B968bcF2","https://x.com/Mithbuster/status/2095817537025402331","","2026-09-04T21:20:41.000Z"
"miyagisun","0xd235F0D7323B01aD06f2C8fb14EB098cee13d06f","https://x.com/miyagisun/status/2095040233385407519","","2026-09-04T21:15:55.000Z"
"miyu_yoshi81495","0x6Bf4D92B052E35966c807500a0ca9B1D997D7D3E","https://x.com/miyu_yoshi81495/status/2095200996315751704","","2026-09-04T21:20:32.000Z"
"mizandon","0x48A94Fc5e1f3EB0D8652e59F0DfB5366DfaAFc59","https://x.com/Mizandon/status/2095615321637272563","","2026-09-04T21:17:47.000Z"
"mizo2304","0xC9832F932A6bd79FD27850BD99E02bd2F23A049E","https://x.com/Mizo2304/status/2095930256782783309","","2026-09-04T21:19:41.000Z"
"mjd25","0x9852d303Cd4d830e00596D979D6Ac1F3aAd27aeC","https://x.com/mjd25/status/2095395718799565356","","2026-09-04T21:16:20.000Z"
"mjhmojthu","0x97f5A5611FD635eb28F6D7a03Ca3ed15333e1628","https://x.com/mjhmojthu/status/2095233144152922817","","2026-09-04T21:16:44.000Z"
"mkgmkg","0xfb0A26ad16Acd9673D58aE37e01214Be41CcD67A","https://x.com/MKGMKG/status/2095910153489564200","","2026-09-04T21:14:38.000Z"
"mklnk","0x0CE5ED5E48C22847b729Fd09d98f75E46dF9f2a1","https://x.com/MKLNK/status/2095705909653626386","","2026-09-04T21:21:30.000Z"
"mkn071990","0xbc18F0Fc19FE0b53BcFc66c3237626fEA4013Ac0","https://x.com/mkn071990/status/2095221630213031103","","2026-09-04T21:15:05.000Z"
"mmaaxxaamm","0x9ceB41640D6F8D7440F1ca463e85C7C5785146ac","https://x.com/mmaaxxaamm/status/2095441882530853420","","2026-09-04T21:15:15.000Z"
"mmm0815","0x67a952d3BAD26DF18Fd2413900502d891fbe24f7","https://x.com/mmm0815/status/2094988589198082894","","2026-09-04T21:14:28.000Z"
"mmsolanki","0x6C7DA6287Bc3BB63659302d1B38aDeE79e9945D9","https://x.com/MMSolanki/status/2095353255305062107","","2026-09-04T21:14:25.000Z"
"mnaved","0x7644b76D4B4e01782FC51DFB229B7E8eBA175424","https://x.com/mnaved/status/2095261008584298036","","2026-09-04T21:14:50.000Z"
"mnts","0x900c480692794BF65c55F79972bEf68c6cf09608","https://x.com/mnts/status/2095174788715391934","","2026-09-04T21:21:27.000Z"
"mo3n","0xa091cc1913e52E324FABaCECA6e6B0167F111F2D","https://x.com/mo3n/status/2095034637971316124","","2026-09-04T21:20:14.000Z"
"mobadel_1232","0xd3C6960a85140B5117236e1474DBE950c9771901","https://x.com/Mobadel_1232/status/2095870712770887916?s=20","227","2026-09-04T13:45:17.000Z"
"mochibr3ad","0x68B16c919df56e234F7B428f616eb78f6cA5b32E","https://x.com/mochibr3ad/status/2095937967554691405","396","2026-09-04T18:14:04.000Z"
"modtea","0x0B21351a710aC90729E210b8C4805b562453f546","https://x.com/Modtea/status/2095828050088612275","","2026-09-04T21:17:23.000Z"
"mofox","0xFd7DcB88D4b9C78C825C9bfcE21C09b8774e0626","https://x.com/MOFOX/status/2095733875137417491","","2026-09-04T21:20:25.000Z"
"mogukong","0x4fA5fa869843ac4cf065715c71bC542AAc1436Ce","https://x.com/mogukong/status/2095308857416995964","","2026-09-04T21:20:45.000Z"
"mohamm1091","0x14191bc69242eF802E07b271EDcdBA72E6781A5e","https://x.com/Mohamm1091/status/2095527674241143947","","2026-09-04T21:21:11.000Z"
"mohammad22039","0x3405251F637E05C67Ef1F461057e8B89E2dc6e05","https://x.com/Mohammad22039/status/2095077949222702258","","2026-09-04T21:18:13.000Z"
"mohsen00","0x1D9Ab8f41733ADCC0A471e34f85D6d07566581d4","https://x.com/mohsen00/status/2095383808608948774","","2026-09-04T21:19:59.000Z"
"mohsenmoradi","0x9eC0664d5A202b9a6E9086929A9dBFdA940B235f","https://x.com/MohsenMoradi/status/2095600119136977180","","2026-09-04T21:15:30.000Z"
"molkje_","0xA6eBC37E097Eb3Dbc36cB4812Dc5B126bd16E641","https://x.com/molkje_/status/2095916658988863949","354","2026-09-04T16:47:46.000Z"
"momo100","0xe119c54f2d7C1faB87EE594a0fb72fFAef3a4406","https://x.com/momo100/status/2095539246160089394","","2026-09-04T21:18:44.000Z"
"momost","0xF3C8aCc53854792e1de81DD56032Bd62973aD8dA","https://x.com/MOMOST/status/2094985517830830244","","2026-09-04T21:19:34.000Z"
"moneymakerr","0xc0F9A9E67C6dafe56dAA8485d2e42589d8cA9535","https://x.com/moneymakerr/status/2095124300361245685","","2026-09-04T21:18:36.000Z"
"monikaka","0xF4e4117EB299B128dDF33001ADd47B26E57f8EfA","https://x.com/monikaka/status/2095357994718861159","","2026-09-04T21:17:54.000Z"
"montecrypto","0xa2522f9ba7CfA92dDF2649c42B55715fCCE63C1C","https://x.com/MonteCrypto/status/2095933410222217869","","2026-09-04T21:17:53.000Z"
"montelukast","0xb7d9AfF899C70b73A5a02E2F2a2C193fB75f56eC","https://x.com/Montelukast/status/2095602083899154811","","2026-09-04T21:20:33.000Z"
"montytran","0x00474e9AfB56FC3abE3b368bAb25CEAE78469e7F","https://x.com/montytran/status/2095737488150439828","","2026-09-04T21:16:37.000Z"
"moon","0x1f56a084Ac297fAdbE2B2ACf321d2E92ca1E1efF","https://x.com/moon/status/2095852402500995339","","2026-09-04T21:19:56.000Z"
"moon_leo","0x0d1b9538bD81BB209EFa3D9A525c6a2B078d26DB","https://x.com/moon_leo/status/2095162947363488743","","2026-09-04T21:19:04.000Z"
"moracle","0xd97ad343d5DAe6ad6b662eA91F342E337a0a3165","https://x.com/Moracle/status/2095253245229757453","","2026-09-04T21:21:09.000Z"
"morisoba","0x84cc01591FdaF1Cc29E9b1b9550A08B76Eac3B6E","https://x.com/MORISOBA/status/2094961537968647109","","2026-09-04T21:16:27.000Z"
"morningstar7826","0xb589705e19e6cE9874fB893c4c41E4Ffce4e6059","https://x.com/Morningstar7826/status/2095668347995270991","","2026-09-04T21:15:04.000Z"
"moscow","0x079Bd4fD58dF074602d5483753c85C6c21ab8e7B","https://x.com/moscow/status/2095378729164418124","","2026-09-04T21:19:00.000Z"
"motiy","0xDba538B574E647D046541510EB4E37E8F974c786","https://x.com/Motiy/status/2095105351273714666","","2026-09-04T21:19:56.000Z"
"motosan","0x74d20DfD6A0Ad8D7B2857a244937ffB7b1e010fF","https://x.com/motosan/status/2095129965896186409","","2026-09-04T21:15:06.000Z"
"mouse","0x539c6213575Cef95649431d55817dB5f4937848d","https://x.com/MoUse/status/2095400447220686408","","2026-09-04T21:17:28.000Z"
"mouzes90","0x5B7f3C444012E1E0c846AeD7e9F319191eddE41E","https://x.com/Mouzes90/status/2095051203105377874","","2026-09-04T21:14:36.000Z"
"pamela29zd9","0xfD14DB63aaEE8A4791bFb4815d5E5e716afE8b1a","https://x.com/pamela29zd9/status/2093388135160348673","","2026-09-04T08:58:36.000Z"
"mplife","0x35335f8bbb95E4A7bCa0c994FB90f18A6581e4f1","https://x.com/mplife/status/2095200930699560994","","2026-09-04T21:19:10.000Z"
"mr_harfoot","0x41D5F09381489d77704730304695e43d90AEf438","https://x.com/mr_harfoot/status/2095906471198466897","","2026-09-04T21:20:54.000Z"
"mr_lee","0x0F8027752Fa33acBFe2b51AFFB6b76F80F38c284","https://x.com/mr_Lee/status/2095836323286413290","","2026-09-04T21:19:40.000Z"
"mrandom","0xE12F7eCC5F7804314A75b86E1F2d418F5A8036b2","https://x.com/Mrandom/status/2094946352361184291","","2026-09-04T21:15:12.000Z"
"mrarghya","0xA402e2071C6fdE4EE355F4208aDe2B9154e4e43F","https://x.com/mrarghya/status/2095241348502992645","","2026-09-04T21:15:11.000Z"
"mrb1371","0x1dA1c429e2916aeEc8F233Ce8F00166Ce1844962","https://x.com/MRB1371/status/2095774100185198794","","2026-09-04T21:16:59.000Z"
"mrcascade","0xf65a1BE8FdBC9870051EF6f3480Ac80c2c800a81","https://x.com/mrcascade/status/2095135310851300585","","2026-09-04T21:21:23.000Z"
"mrcrypto","0xB95e830e9957B9ebc849F2C026DC4462B0516Fb4","https://x.com/MRCryptO/status/2094898899413085857","","2026-09-04T21:16:47.000Z"
"mrdavid2","0x2b306b3808c1d16a8B18453aF98af924f13649D1","https://x.com/mrdavid2/status/2095775949287065120","","2026-09-04T21:15:31.000Z"
"mrehaz","0x091497f5b2e0fF2a85429C5a9e954f298ad9a464","https://x.com/mrehaz/status/2095350540499305544","","2026-09-04T21:20:07.000Z"
"mrgodzillaa166","0xe6abA2868d8e495D64Cb90d6F3a691460597AEbD","https://x.com/MrGodzillaa166/status/2095673709147635537","","2026-09-04T21:15:09.000Z"
"mrhai79","0x2D7D5C0F82310CB8E40ba35EFB1c2b3824FB68a6","https://x.com/MrHai79/status/2094948025746818704","","2026-09-04T21:15:51.000Z"
"mrheromant","0x514Bb7790C7E8DAC0827fD4936EAFFD0622feC67","https://x.com/MrHeromant/status/2095414894859375306","","2026-09-04T21:17:56.000Z"
"mrhisoka","0x0f0837D411cc1c8677d5475D25E949B3cd557c64","https://x.com/MrHisoka/status/2095375605863857915","","2026-09-04T21:20:35.000Z"
"mrkevin751","0x00762E98f524E92E993C8933D2eB73E870cDaa8A","https://x.com/mrkevin751/status/2095245533881165793","","2026-09-04T21:19:44.000Z"
"mrkkt","0x608cc3F0BadbDc4b4E1C4a9385C84F4e2270AE41","https://x.com/MrKKT/status/2095564481381988124","","2026-09-04T21:14:19.000Z"
"mrkraba","0x29aa77EdeC1af2a673C74089de3b1D51336a5D85","https://x.com/MrKraba/status/2095978844881240290","","2026-09-04T21:15:38.000Z"
"mrmario","0xD16EC6c87deE645C2A3925F00851892A456A0b25","https://x.com/MrMario/status/2095594359557288187","","2026-09-04T21:19:18.000Z"
"mrmctan15","0x6c9127F0E04996C648DDfbFBdE3E04A96e5436de","https://x.com/MRMCTAN15/status/2095765377037360056","","2026-09-04T21:17:14.000Z"
"mrmojito","0x19FDD428D0fC25D0695503331489Bd3C36f6C435","https://x.com/MrMojito/status/2095851867833868032","","2026-09-04T21:17:42.000Z"
"mrparanoiac","0xBA271dc48A2b7c1F45e6FAC45663a1A938F5ddEE","https://x.com/MrParanoiac/status/2094899903026144885","","2026-09-04T21:19:55.000Z"
"mrrazor","0x6606d341e119064B81455E784bB26E1B126aE9f8","https://x.com/mrrazor/status/2095532588076565645","","2026-09-04T21:19:35.000Z"
"mrtyler","0xF835322f9f414E9c9A8874F33DCd613201209519","https://x.com/MrTyler/status/2095266217899757433","","2026-09-04T21:21:31.000Z"
"mrvuphongct","0x19b8D8B6722dfa6a8b3FcEa46095EE859DCff8bD","https://x.com/MrVuPhongCT/status/2095895656302443850","","2026-09-04T21:14:37.000Z"
"mryahya","0x1fb6301c8bAA4E6fd135Ac9f5543082D457B7ffE","https://x.com/Mryahya/status/2095215349434985369","","2026-09-04T21:14:34.000Z"
"msfdc","0x7CD7FD839e20226c0dB8992aD2Cc9E1121145851","https://x.com/msfdc/status/2095058275703694686","","2026-09-04T21:15:17.000Z"
"msihsbsuo84648","0x1c60F3Fb4cBb2DE706436a3E6b701Be8d0828967","https://x.com/msihsbsuo84648/status/2095566002651629624","","2026-09-04T21:14:53.000Z"
"mslahangct","0x5CA0d1403D35FB50AA4256cBC183A3eB65990227","https://x.com/MsLaHangCT/status/2095635321417449395","","2026-09-04T21:19:43.000Z"
"msmodi","0x446c6673Ba6C699a7F385A338485598aD59746F2","https://x.com/MSModi/status/2095088180537950840","","2026-09-04T21:20:18.000Z"
"msnganguyenct","0x5D84689f848f2863735b63BF1eb9a7C5C07BDe64","https://x.com/MsNgaNguyenCT/status/2095762408430614049","","2026-09-04T21:15:06.000Z"
"mtam01988","0xee4B75a75436a32aC58a1a52382dC4E37F951Ce6","https://x.com/mtam01988/status/2095627564183866542","","2026-09-04T21:18:13.000Z"
"mtam222","0x4622382cA5E2F3dF25592d61aF4d4a42523C7ca3","https://x.com/mtam222/status/2095542418237019146","","2026-09-04T21:19:21.000Z"
"mtech","0xF995bD059F0d5ac4967C368091A9fb571C7Dc520","https://x.com/MTECH/status/2095288438806299156","","2026-09-04T21:17:09.000Z"
"mtt_28","0x41fc9e95B87FEfB6888505184edd6eCEFF44e63d","https://x.com/MTT_28/status/2095868659270736113","","2026-09-04T21:16:20.000Z"
"mttg","0x346D5Fbf81134Ff7e334e83d548524274724C194","https://x.com/MTTG/status/2095219342503425696","","2026-09-04T21:21:15.000Z"
"mttleaf","0xe9F88ac74F2D872174e45cd805F2b4b2abBC4cf5","https://x.com/mttleaf/status/2095688088935403736","","2026-09-04T21:15:01.000Z"
"muazvarol","0xA0d2358f1b46e0337967Bfa26D4560289Ac78cc6","https://x.com/muazvarol/status/2094973398609685383","","2026-09-04T21:16:58.000Z"
"muchachocrypto","0xCce4c335a2c9F9D2c9451adfeaAa6722F47a3F8D","https://x.com/MuchachoCrypto/status/2095870729257620805","","2026-09-04T21:15:09.000Z"
"mufe_z","0xb089E1005Ad4109b343cAb91B73B3A4434C50E33","https://x.com/Mufe_z/status/2095439462318493760","","2026-09-04T21:18:34.000Z"
"muflih","0x837Dbe3a1eac8779D1475c5dAcA52F81d8bAa5Af","https://x.com/Muflih/status/2095385784438405201","","2026-09-04T21:18:20.000Z"
"muhamadhatim","0x7D6fBa6EA3229eEdf8a0C856146892Fc876Da26D","https://x.com/muhamadhatim/status/2095134359343556132","","2026-09-04T21:18:43.000Z"
"multipulty","0xBB0f7d220C40845AF7311Df21abc8A3148C73476","https://x.com/Multipulty/status/2095498840085157900","","2026-09-04T21:19:03.000Z"
"mumeido","0x9A1e9ca1992acB083AC511974f38d082fDe844A2","https://x.com/mumeido/status/2095006603408113445","","2026-09-04T21:15:14.000Z"
"mumuppi","0x46127Fd7108bb46ed83cc64Ff6fF751F438fBe8a","https://x.com/mumuppi/status/2095553807798955923","","2026-09-04T21:20:28.000Z"
"mumuyes","0xE96a81A1f6447F0e8E9BaE639aCCC3B719e691E6","https://x.com/mumuyes/status/2095148849504388125","","2026-09-04T21:17:56.000Z"
"munjong11","0x933bbDdc0dF692672C797F4fA150DcB470cE1cD4","https://x.com/munjong11/status/2095662689228693212","","2026-09-04T21:21:38.000Z"
"muntaj","0x304F306E16d56891Aa94f50B404f8Bd052f4779f","https://x.com/Muntaj/status/2095346957512202114","","2026-09-04T21:14:15.000Z"
"muradibrahim","0x93F77e430b8e43f337f5b3237Ac7D540cB13dA19","https://x.com/MuradIbrahim/status/2095140162311493912","","2026-09-04T21:19:18.000Z"
"mursed","0xfF42c55017a6913Ff0Fe4d16876646779BC7Ea67","https://x.com/mursed/status/2095027934753030994","","2026-09-04T21:20:40.000Z"
"murshad","0x87A60Db081507BE2daa8bb751816fd85a5F2FCA8","https://x.com/Murshad/status/2095246889667832948","","2026-09-04T21:20:48.000Z"
"murtgit","0xBb5a51d7C8846309e0Ba78dB5bdDc0Ae7BDa6845","https://x.com/murtgit/status/2095645758566011143","","2026-09-04T21:17:17.000Z"
"muskzilla","0x263905274C7270F96B9a3b6fE9A0a7b20bc86c69","https://x.com/Muskzilla/status/2095899381381405994","","2026-09-04T21:18:06.000Z"
"mustafaaa","0xA637E2d36Ec2701A85FAe55D833db0340D2FB051","https://x.com/mustafaaa/status/2095025234278597798","","2026-09-04T21:20:41.000Z"
"mustorm","0xF79c4F543A4428F51caDdf3134e0caBf6164FcDA","https://x.com/mustorm/status/2095006053700190893","","2026-09-04T21:18:21.000Z"
"mutex","0x4dF2b3EEA5B984De6899dBF691cE0DdD118dAd9F","https://x.com/Mutex/status/2095796737940819230","","2026-09-04T21:16:40.000Z"
"muthai","0x170455Cba8Fa28e186F4e8c72679611eD7aD76af","https://x.com/Muthai/status/2095780264301212714","","2026-09-04T21:20:04.000Z"
"muzaki","0x7c93738a20cbdc47C07BD9C46d86701290C85586","https://x.com/Muzaki/status/2095642150099982394","","2026-09-04T21:16:16.000Z"
"BrandonGar01mq","0x27945b97E8B2c274803E1B83744BBA649a189e48","https://x.com/BrandonGar01mq/status/2094429870607040513","","2026-09-04T08:59:06.000Z"
"mxp001","0x1961d62493a6a1b724C2376ffe77b09E281202d8","https://x.com/MXP001/status/2095187522764526972","","2026-09-04T21:17:29.000Z"
"myairdara1","0x252D0C271479C2F0fD922aC0c87Ea40db25f2D77","https://x.com/myairdara1/status/2095789812045529570","","2026-09-04T21:15:44.000Z"
"myank","0xe27Bd1FB64d76d189C84b2d729a21D6eFbEF100A","https://x.com/myank/status/2095055915605826501","","2026-09-04T21:15:27.000Z"
"myaww","0x7fe6C1C8331b563176404ee10109295894d5e97c","https://x.com/myaww/status/2095236079475437865","","2026-09-04T21:17:14.000Z"
"myc1","0xA8d0bf9c45F36CaC79f12b7714a3854773Da045A","https://x.com/myc1/status/2095784880323300664","","2026-09-04T21:17:52.000Z"
"myronyoung","0x95aFCcAabaFBf45548e3Aa72fC88df8EF2b67044","https://x.com/MyronYoung/status/2095946320370314845","","2026-09-04T21:15:14.000Z"
"myroslaw","0x8ddC51A4b25a8EE449c8aA7E4D65c3Da54604BED","https://x.com/Myroslaw/status/2095922800220073090","","2026-09-04T21:20:58.000Z"
"myself3a","0xec609C384e0183538FEb37d93b9562AB8C8A5855","https://x.com/Haunting_Hoods/status/2095880792765497711?s=20","448","2026-09-04T20:53:02.000Z"
"mystic_drifter","0x43B5321A555328738087a4f841D994B91baAb7DA","https://x.com/mystic_drifter/status/2095704186618194997","","2026-09-04T21:18:24.000Z"
"mystic_moon","0x25A32A5d1a2dC6B736d30D3325b6AB00A926A220","https://x.com/mystic_moon/status/2095078409300165120","","2026-09-04T21:16:29.000Z"
"mystic_shrine","0x13BA8A9B0E7810D79eE4E91F82564945bFF22603","https://x.com/mystic_shrine/status/2094929368557125953","","2026-09-04T21:14:16.000Z"
"mysticnomad","0x432443bf123De3056d00eC6A1848e1f2C21C1618","https://x.com/mysticnomad/status/2095715281385917252","","2026-09-04T21:18:29.000Z"
"mysticranger","0x4ADA216231c318f74B54c338E74686b852B10309","https://x.com/mysticranger/status/2094967762365947835","","2026-09-04T21:19:21.000Z"
"mysticsage","0xb622902b561d7f3C6044BC05fe0d085761C71489","https://x.com/mysticsage/status/2095261594986179613","","2026-09-04T21:19:04.000Z"
"mysticshadow","0xA25354EB52881E8E11922691D7FB736dC3e1059A","https://x.com/mysticshadow/status/2095179369470674367","","2026-09-04T21:15:55.000Z"
"mystictiger","0x66e547C971f8a28f7EF8A4f94fD3d606a7b83085","https://x.com/mystictiger/status/2095437916473217298","","2026-09-04T21:14:44.000Z"
"mysticwave","0x4c3D23F4809DC7d9bEE33518fA75B753557774fb","https://x.com/mysticwave/status/2095750457192127887","","2026-09-04T21:19:20.000Z"
"mytido","0xE7D0eCC8cD91F949dE5C00d6A83df2c4F269e4d6","https://x.com/MyTido/status/2095452052073783344","","2026-09-04T21:16:19.000Z"
"myvy","0x2868e7a575a05Af5F9D4d6C2bA957E30fAB8C8b6","https://x.com/MYVY/status/2094988488765717865","","2026-09-04T21:21:00.000Z"
"mzestia","0x7c056671aeb18f96bec0c6ce292a1e4838908a43","https://x.com/MZestia/status/1470408582587817985","558","2026-09-05T05:29:58.000Z"
"mztacat","0x55bE8117C633e13eD731C70d7d67f18a97aE3768","https://x.com/mztacat/status/2095395226202386449","","2026-09-04T21:17:45.000Z"
"boy972772","0x4e273ec27cba6592c0cd7a7ecce8ca9f3329a609","","12","2026-09-03T22:25:37.000Z"
"PramodLegal","0x5350E5826fc7Bf672436775049231cc66fdb2E78","https://x.com/PramodLegal/status/2095854764991164887?s=20","197","2026-09-04T12:41:58.000Z"
"Taiwo07517767","0x0497520aB629CAaf23CFe217073c8733208615D1","https://x.com/Taiwo07517767/status/2095810923231334703?s=20","98","2026-09-04T09:55:50.000Z"
"kifa6370reva","0x3eFFDd834d3a96A0f10D2A50eDe91c7fFDB5cEE3","","9","2026-09-03T21:15:42.000Z"
"nannokao","0xA02549cD0b2ED268dAB4B1D8e98Bb6F4a076262B","","6","2026-08-31T19:22:02.000Z"
"nacro","0x6ea925bFed23ad2D2b3Ff012abD14F5Ae55E33D9","https://x.com/Nacro/status/2095279801163154878","","2026-09-04T21:20:36.000Z"
"nadieprime","0x1593dCD54e5b5ae3974424325d4e802ee9533262","https://x.com/nadieprime/status/2095926656766525872","374","2026-09-04T17:27:45.000Z"
"nadirah","0xC7B64E7Be14aC6E1Aa0De508484A00aC1b12E7F6","https://x.com/Nadirah/status/2095221712934783084","","2026-09-04T21:18:42.000Z"
"nafasa","0x1E0a4ceC4C8af4e3289eF606333BC16357311a5C","https://x.com/nafasa/status/2095225591126896758","","2026-09-04T21:15:20.000Z"
"nafasiiiiii","0x206B75efbAE1d086Fbe6F5Ef260c7F59a89A8a89","https://x.com/nafasiiiiii/status/2095974604737590724","","2026-09-04T21:19:00.000Z"
"nahusha","0x8b0F059789812040CDCC1761280B4CE09311fB5C","https://x.com/nahusha/status/2095637739394218485","","2026-09-04T21:19:26.000Z"
"nailsworld","0x9FA2984A3666329cF0e5676c7AddEA62EAc5343A","https://x.com/NailsWorld/status/2095376257538631275","","2026-09-04T21:14:12.000Z"
"naimulislam","0xcE379E44FeD631De1d973204441005B102085050","https://x.com/naimulislam/status/2095926292864757922","373","2026-09-04T17:26:16.000Z"
"namburn","0xc556C32d390F8862a6634C00f3DcAA7696845b87","https://x.com/NamBurn/status/2095256964427634899","","2026-09-04T21:20:27.000Z"
"namcangkua","0x869Aea4421E47aE32502aC40835A52332594Bb08","https://x.com/namcangkua/status/2095338507059134850","","2026-09-04T21:16:43.000Z"
"nami","0xf0aaa86335CFCfbB1104EE9e038065b87d844876","https://x.com/Nami/status/2095362278790770984","","2026-09-04T21:15:39.000Z"
"namlongvn","0x80d3FA2EE298b9530330F39F99151bA4ad12aE39","https://x.com/namlongvn/status/2095123680037345240","","2026-09-04T21:20:54.000Z"
"namnv1234","0x41D26b6fbdf8f486D45b6B617c3E7A61A8246Ffb","https://x.com/Namnv1234/status/2095965582269044616","","2026-09-04T21:16:20.000Z"
"namsg","0xD9676918440B35de2441B49895BF2c994D97d224","https://x.com/namsg/status/2095883419150480010","","2026-09-04T21:21:24.000Z"
"namsinhdauten","0x653772ed9db68dc9f85bd216bc36bdcba6e7cbd7","https://x.com/namsinhdauten/status/2095883333578445291?s=46","250","2026-09-04T14:35:32.000Z"
"namtsy","0xFBb069A0d5d7c286d2079CFB70Dfa00Bfdc1C26d","https://x.com/namtsy/status/2095204700996656032","","2026-09-04T21:16:18.000Z"
"nancy454","0xbae80dA44Ecab4045402B7Fb7655E1fC34049834","https://x.com/Nancy454/status/2095142847761191262","","2026-09-04T21:16:43.000Z"
"nandapratama_","0x873f6dD907B78bb1959453C9E2F9a22Ae9267B0f","https://x.com/nandapratama_/status/1","613","1788588323439"
"naporitankyoko","0xDf824f7Baad11603B38698958F4cC17DfD60EE84","https://x.com/naporitankyoko/status/2096006161640358050?s=46","480","2026-09-04T22:43:46.000Z"
"naren251","0x9F1303d2c79Bf2219d4fAea610aDB7B5966d4190","https://x.com/naren251/status/2095477198215877134","","2026-09-04T21:16:07.000Z"
"narges","0x02109644e607175E80556100C56d6cA18287738F","https://x.com/narges/status/2095599739784800914","","2026-09-04T21:17:34.000Z"
"naseemkashif642","0x045D0d66ff898b681fff3c5eEcaDFEeD331B38B6","https://x.com/Naseemkashif642/status/2095350926695483969","","2026-09-04T21:18:41.000Z"
"nasos","0x88a9d62ab094461298Fc768d33bA71F8Cec3137B","https://x.com/Nasos/status/2094952468376242407","","2026-09-04T21:14:40.000Z"
"nasreenkha87100","0x0552DB124D992E4fFFDdF8a8C00149b3CcC76Dc8","https://x.com/NasreenKha87100/status/2095904468261040178?s=20","316","2026-09-04T15:59:42.000Z"
"nastya252525","0x86c14Fba88CA8EDBB964C0944FDa76836100acfE","https://x.com/nastya252525/status/2095160569232284730","","2026-09-04T21:17:37.000Z"
"nastya399","0xab847BDD6206FbB687466C65d87AC5e8cAec4183","https://x.com/nastya399/status/2095015887240955882","","2026-09-04T21:15:32.000Z"
"nasu003","0x7119BF3412499C0Adaf5e85Db4F7De55c5155024","https://x.com/nasu003/status/2095299733276562573","","2026-09-04T21:16:07.000Z"
"natakamry","0xED1FecD953A872433E7cf8a1d1028ea08aEFa1FA","https://x.com/natakamry/status/2095141641801752662","","2026-09-04T21:15:52.000Z"
"natakol","0x27e3b8858a0eC854B3e833CEfad1149c541A9Fff","https://x.com/natakol/status/2095784006433469215","","2026-09-04T21:20:51.000Z"
"natali","0xCe8067b7d81980DcF6d3eE4a8620E2ecFE36f223","https://x.com/natali/status/2095270793151869656","","2026-09-04T21:18:16.000Z"
"natalinae","0x79CF834ecCBf4d6DAb685C7c65232118E3F32475","https://x.com/natalinae/status/2095152657941670826","","2026-09-04T21:20:21.000Z"
"natanata","0x9D689108Be73b2b07Fd56a8825A776204F8eDF19","https://x.com/Natanata/status/2095021472995781426","","2026-09-04T21:17:46.000Z"
"natdrake007","0x2717Ef7dC18E56ABDE60CF9De9b2494d317D0010","https://x.com/natDrake007/status/2095423443229416255","","2026-09-04T21:18:10.000Z"
"natzy","0x2B66EdF69F12Fe86d059826633FB80F58c48163F","https://x.com/Natzy/status/2095610600223888307","","2026-09-04T21:17:38.000Z"
"naut35","0x7b95383eD7830d39ee86C9A2CCDED625Ae77011A","https://x.com/naut35/status/2095752814909170901","","2026-09-04T21:20:56.000Z"
"naveen94604","0xC1461e44db3ee33fbaCEc4DBDfc1F17592A767c7","https://x.com/Naveen94604/status/2095889897613938692","274","2026-09-04T15:01:46.000Z"
"naveenk","0x5d41fE73b961795E8DD804cf14FF8F7e338484D8","https://x.com/NaveenK/status/2094929600271590584","","2026-09-04T21:15:46.000Z"
"navy_captain","0x1Ce05123C0DA58c1c3362140074A8F507e4d277f","https://x.com/navy_captain/status/2095154227576579852","","2026-09-04T21:16:25.000Z"
"navy_dusk","0x137567291aB714Ed5acC3f30F917AF131782ce22","https://x.com/navy_dusk/status/2095221072166242500","","2026-09-04T21:21:23.000Z"
"navy_harbor","0x8Da2b80Be90aC6Fe8E0dFA1948Afc3E8AD772d32","https://x.com/navy_harbor/status/2095619129498620328","","2026-09-04T21:17:22.000Z"
"navycrow","0xB422c0BD436C1a7341ab5b4d35365561ca663c0d","https://x.com/navycrow/status/2095673213530738752","","2026-09-04T21:20:11.000Z"
"navydeer","0xCA52EfAD52514106624dcc8302264Ee016EeD42e","https://x.com/navydeer/status/2094912360655792270","","2026-09-04T21:15:40.000Z"
"navylamb","0x072186503405e736B1e58961c72950D56B8043e1","https://x.com/navylamb/status/2095763383206479166","","2026-09-04T21:18:51.000Z"
"navyotter","0xF6ad10748F1A4dacC5CD1cc058618ADa2a8F80E0","https://x.com/navyotter/status/2095901672131410479","","2026-09-04T21:15:13.000Z"
"navyswan","0x868Ae9273446Be88a2c5C0436D33976A328A9b16","https://x.com/navyswan/status/2095231362546932850","","2026-09-04T21:21:26.000Z"
"navywolf","0xD55d13b00F51C4D4Fd18ECd3ce5a5F2F782ADC7A","https://x.com/navywolf/status/2095336700930186620","","2026-09-04T21:18:59.000Z"
"nayon30","0xDaB23E78526A0A8f72199af18f4899C9EfF1BC1c","https://x.com/Nayon30/status/2095919396000311820","","2026-09-04T21:16:35.000Z"
"nazgard","0xaFFea9BD8a0402a98EfD1294aA27Bb0a78bb7C4A","https://x.com/Nazgard/status/2095555861659796709","","2026-09-04T21:16:07.000Z"
"nazimaaa","0x0587D731D6dD01B1b0A1F6d5C225D9ec03c2ae22","https://x.com/Nazimaaa/status/2095862874346126208","","2026-09-04T21:16:01.000Z"
"nazli_sana","0x7FCEe93B466d4ECd84b0b42da0d04F0cB7E274E9","https://x.com/nazli_sana/status/2095313508688602213","","2026-09-04T21:16:24.000Z"
"nazri000007","0x69750d21bf09EbA8Dc49Ec3d135A2F8D4E3323f5","https://x.com/nazri000007/status/2094921902160588502","","2026-09-04T21:20:25.000Z"
"nazrin","0x2e0389f20EF5e8F0A856980dbbAcfCBDbFE25d81","https://x.com/nazrin/status/2095512452720531341","","2026-09-04T21:21:36.000Z"
"nazzz","0x36642e69B79bC5Cb030527101A3D7145CCF0De06","https://x.com/nazzz/status/2095818849388697323","","2026-09-04T21:20:21.000Z"
"ncu0","0x41f9031261b8B0fcc01423E80D124FE511072fF9","https://x.com/ncu0/status/2094983051573746987","","2026-09-04T21:19:58.000Z"
"maria16lx0","0xACe6fAB9814DEbA033DA6D91B86E0BEe28008D07","https://x.com/maria16lx0/status/2094013738528014337","","2026-09-04T08:57:56.000Z"
"nebulosity","0xb228ad72C66123dF40aCf5eA6Da9fAda074D71cd","https://x.com/nebulosity/status/2095294969412771736","","2026-09-04T21:21:14.000Z"
"need45","0x5fcEbC69a9fE046AC0bdaB598DbeA0cBDd4c59ff","https://x.com/need45/status/2095619314800552187","","2026-09-04T21:19:41.000Z"
"neeraji2it","0xc9ce62971aBE04a3Bb7F3320eb9dD5CdeF25c094","https://x.com/neeraji2it/status/2095690718403432891","","2026-09-04T21:16:15.000Z"
"neglet","0x6D7254127eb0A80610D2384FeEb0BFb091BF1caF","https://x.com/Neglet/status/2095159918354540685","","2026-09-04T21:15:56.000Z"
"nehludov","0x2bE1Fef07b5CEB2752BB7de5a6748f9D6A38CA79","https://x.com/Nehludov/status/2095662563934678885","","2026-09-04T21:19:55.000Z"
"neipo","0xf349038db24af18860EFa448f0d321e98ADF79B0","https://x.com/Neipo/status/2095755711550420246","","2026-09-04T21:17:12.000Z"
"nekojatuh","0x2852b081F6542f6a48C9cB110a49d706bbCa3B37","https://x.com/nekojatuh/status/2095228077623045731","","2026-09-04T21:20:08.000Z"
"nekopoi","0x811A8Ee13cc80C0ecACb7D018FbB80b219a409C4","https://x.com/Nekopoi/status/2094967023931209560","","2026-09-04T21:20:30.000Z"
"nekotaro","0x9095101a7924B3dD27BCdec52D02Cf04C847894D","https://x.com/nekotaro/status/2094929626068928520","","2026-09-04T21:18:49.000Z"
"nelo","0x06e5e57cf5Bc7593Da5c1366dA888619EdF687e6","https://x.com/Nelo/status/2095013523017262566","","2026-09-04T21:18:18.000Z"
"nenejung","0xf2322Fa26Ff5d25863cCB15fd699a22C57276319","https://x.com/NeneJung/status/2095378655406190388","","2026-09-04T21:14:14.000Z"
"neo_ash","0xbDeC9ef0b6a5580Ee5bF1cb613a8358579C1FCd4","https://x.com/neo_ash/status/2095265406538526877","","2026-09-04T21:14:07.000Z"
"neo_cipher","0xC4752c023f1670A40BFA4c62a0F5236F4422a993","https://x.com/neo_cipher/status/2095111872421142854","","2026-09-04T21:16:08.000Z"
"neon_ghost","0x54950e14d1d2C34BE6F24798508804E558c631dB","https://x.com/neon_ghost/status/2094967942603276018","","2026-09-04T21:20:07.000Z"
"neon_jester","0x4DF60a8d14F99401ECAe1980CFdaCdA829dd74C5","https://x.com/neon_jester/status/2095091676794245831","","2026-09-04T21:21:00.000Z"
"neon_ledger","0x6B8e448fFB863C31F1880CB145F66A8969130309","https://x.com/neon_ledger/status/2095333872832372430","","2026-09-04T21:14:53.000Z"
"neon_pilgrim","0xf6Cdd7081bd5283c77168464E1EE7A9d4f58D5B3","https://x.com/neon_pilgrim/status/2095697133712042922","","2026-09-04T21:17:38.000Z"
"neon_star","0xE17761A2Fe27D19B1E10A122A45Fd546da72d55E","https://x.com/neon_star/status/2095192852320595530","","2026-09-04T21:14:17.000Z"
"neondragon","0xb6194cAe449D7FA4Da9ac4DeB67fcfb0A7907c27","https://x.com/neondragon/status/2095462079333646801","","2026-09-04T21:14:04.000Z"
"neonhawk","0x44150f56bcCA55d9D62dB9EF544EF217e9BD3dF6","https://x.com/neonhawk/status/2095862563985930256","","2026-09-04T21:21:19.000Z"
"neonmoon","0x39DCdbca6170F570cE6AccCD95Ee52d5cDCFde30","https://x.com/neonmoon/status/2095523908880747035","","2026-09-04T21:14:34.000Z"
"neonronin","0x50ad26400A9a2013715eA24729a02DC84B432404","https://x.com/neonronin/status/2095123808220309537","","2026-09-04T21:21:28.000Z"
"neonwraith","0xC7F63322659dfB7AA26959817A68f1bcC7dF19Bc","https://x.com/neonwraith/status/2095898710053432113","","2026-09-04T21:21:10.000Z"
"neophyte","0x77aD957fAD08ae57B6783a9ac0BE501910b405Bb","https://x.com/Neophyte/status/2095773960952608827","","2026-09-04T21:16:28.000Z"
"neovortex","0xFF505D06E707d8B3df0863a95d9cB1C6e04e04Bf","https://x.com/neovortex/status/2095947463220215252","","2026-09-04T21:17:04.000Z"
"nerb0","0xC20Ec1D9c11dB5C616bdB49FbF9A9352FEDE6D2F","https://x.com/nerb0/status/2095969987837396689","","2026-09-04T21:19:25.000Z"
"net_sp","0x6563B43F4f8bbD5b83f7bad5b65011251C48FB84","https://x.com/net_sp/status/2095247085411934326","","2026-09-04T21:18:07.000Z"
"net_sp1","0x285D465ffaC15fF4b835086786c224d48a7E7047","https://x.com/net_sp1/status/2095821949312070982","","2026-09-04T21:19:39.000Z"
"neun","0xAFe651F6AB06E739142e24f6ae3a924f9E1e0027","https://x.com/neun/status/2095319021535454186","","2026-09-04T21:18:01.000Z"
"neuralium","0x5A0524e1fF675d4B88dbAB9dd52f2AF30af25F8d","https://x.com/neuralium/status/2095486139931903816","","2026-09-04T21:15:46.000Z"
"nevesapncr961","0x2079aFacBCdcEfD9a19B11195B5aC2Bcc9ab9Bfb","https://x.com/nevesapncr961/status/2096081479864402090","521","2026-09-05T03:43:58.000Z"
"newairdrops","0x63263ce4dB9BE09f40dDd84F4Ea317A3508515F9","https://x.com/NEWAIRDROPS/status/2095520507343787943","","2026-09-04T21:21:26.000Z"
"newmu","0xaa2d80FC3304F36C393B49D474739CA5edd7FfC9","https://x.com/newmu/status/2095153664371811503","","2026-09-04T21:19:06.000Z"
"nextcigarette","0x63b00a594f833034A8E99F4f316c6e81F1561300","https://x.com/nextcigarette/status/2095231576789034780","","2026-09-04T21:15:00.000Z"
"nexuslight","0x2E8f163aa80032C503df1e57e5Fc07a84644D7Fb","https://x.com/nexuslight/status/2094916446545997448","","2026-09-04T21:17:33.000Z"
"nft521","0xe9A64B97F5EA80d4CA56ffE760076D261eC4d505","https://x.com/NFT521/status/2095144536135297586","","2026-09-04T21:17:56.000Z"
"nfthappy","0x5Fb3C19A0717f1F6D803279e1535ef0E900c3d35","https://x.com/NFTHAPPY/status/2095913993433174416?s=20","347","2026-09-04T16:39:59.000Z"
"nftk","0x6E296E13415d732b44E9bd019DB0EE1f81dc9C98","https://x.com/NFTK/status/2095468599733556601","","2026-09-04T21:17:16.000Z"
"nftnoob","0x79A1f0544A434c134a5895B3EC65b934298742A8","https://x.com/nftnoob/status/2095685288473546482","","2026-09-04T21:20:16.000Z"
"nga5","0x08aFD4C52a35849319263F35C1cAd7390CfF967F","https://x.com/Nga5/status/2095208512824883847","","2026-09-04T21:21:37.000Z"
"ngangoc","0xEB2993EE311baDb7F8892459A839C67c194f1739","https://x.com/NgaNgoc/status/2095492801768166195","","2026-09-04T21:20:43.000Z"
"ngbaoadp397","0x7DeA3E2Dc7F372B555729782abeC52c1209e2d42","https://x.com/ngbaoadp397/status/2095826809357345893","","2026-09-04T21:20:24.000Z"
"ngocanh","0xe8745E2f732c23EcB85742ebfaE3b23E9E5B5af8","https://x.com/NgocAnh/status/2095055066823841746","","2026-09-04T21:20:44.000Z"
"ngtalkthematter","0xfB710c8930D87e81cc213B449fdB4f696514B132","https://x.com/ngtalkthematter/status/2095249382806842341","","2026-09-04T21:19:12.000Z"
"ngtuan","0xf66f6aBdD8Ee700CC67C23641C72083eaB5a4110","https://x.com/ngtuan/status/2095860639139332830","","2026-09-04T21:21:31.000Z"
"nguyenduy85vt","0xd1e454be2F2Ac24e68213f05d1e3Aa674B8d9FbD","https://x.com/nguyenduy85vt/status/2094997094513462081","","2026-09-04T21:18:23.000Z"
"nguyenlinh6789","0x3dab789013026c395cA045ca14133286a5525C9b","https://x.com/nguyenlinh6789/status/2095108373565184748","","2026-09-04T21:19:38.000Z"
"nguyenvantu1983","0xd9De20E7EF17837f69A30592aDbd4FcAc44a36F0","https://x.com/Nguyenvantu1983/status/2095786521603374139","","2026-09-04T21:14:37.000Z"
"nhanho","0x03447b892240D32f4D777Ad7e5aCc6d3d8e577A8","https://x.com/NhanHo/status/2094949778432439513","","2026-09-04T21:15:14.000Z"
"nhat193","0x45691Cc98EFf8985e2176a2EbDE77A50DB9f92aF","https://x.com/nhat193/status/2095738883893755506","","2026-09-04T21:21:03.000Z"
"nhatkhanh","0xFa52C1120FCeF1d287692a10db0476F59eF4732E","https://x.com/nhatkhanh/status/2095098986472889112","","2026-09-04T21:17:45.000Z"
"nhatlinh","0x27100EB3b4555e9A5B9786528b6761226B75D9C3","https://x.com/nhatlinh/status/2095457848816916599","","2026-09-04T21:14:51.000Z"
"nhattc","0x7aCF555a404d901199aB3860da0b0bA22f766F6F","https://x.com/nhattc/status/2095774801883322514","","2026-09-04T21:20:08.000Z"
"nhuguse","0x996dBc4CEeAb30ef7163a53E70ff8B8d241993b7","https://x.com/nhuguse/status/2094915234325211511","","2026-09-04T21:15:26.000Z"
"niceaccount","0x7e662a4AFfB58a83d72014BC861F472ba0AFdb88","https://x.com/NiceAccount/status/2095167245500564146","","2026-09-04T21:14:57.000Z"
"nichollelukow","0xF074c37ea18d27e395f13Bcb52776740C5b3C11F","https://x.com/nichollelukow/status/2095505328997605899","","2026-09-04T21:21:12.000Z"
"nickdabull","0x43E7d8D31C1f9DB31a157B4df2F7609578726dEB","https://x.com/nickdabull/status/2095436497832150473","","2026-09-04T21:21:05.000Z"
"nickhuang","0x9c520C7f441BabF11c914879fA3628ec78230D8C","https://x.com/nickhuang/status/2095322125402938260","","2026-09-04T21:17:56.000Z"
"nickiqueenofrap","0x90c90221e722fBb1f754157827079C3Bce9619DE","https://x.com/NickiQueenOfRap/status/2095633722752456964","","2026-09-04T21:21:27.000Z"
"nicoi3","0xc109D00a9600507076E2BEAa460024B23783A857","https://x.com/NicoI3/status/2095567708145775433","","2026-09-04T21:15:36.000Z"
"nicopanther","0xF3a0Ea262Bb6A6e0644AdDDa2Bb4E979f0eE82aC","https://x.com/nicopanther/status/2095787318317600852","","2026-09-04T21:18:51.000Z"
"nik22","0xd9a5b0a13A1aEB535f3774B15Cf409efFC7eCDFD","https://x.com/nik22/status/2095814137440266948","","2026-09-04T21:21:01.000Z"
"niker","0xD6205e52920d6F1c6823b5964B1e6A0A73d14929","https://x.com/Niker/status/2095638433780758068","","2026-09-04T21:19:03.000Z"
"nikhiljindal","0x4863D6500686C9a614113b12D8Fe9AF7E065a270","https://x.com/Nikhiljindal/status/2095628110929394624","","2026-09-04T21:18:11.000Z"
"nikita2000","0x59D4e0251Ec344aeFB2954374E033e49b48cDa62","https://x.com/Nikita2000/status/2094914046626802475","","2026-09-04T21:14:21.000Z"
"nikitaq","0xD3B3C764e76D1EE26d7c2F410078d565810e8719","https://x.com/Nikitaq/status/2095715232602958056","","2026-09-04T21:19:57.000Z"
"nikki312","0x393cd375011E9138AC63DbCF985fA37210bF782E","https://x.com/nikki312/status/2094949598362831549","","2026-09-04T21:15:08.000Z"
"nikkytos","0xA17ffA75505883EC1d287DD242a902dDe694b827","https://x.com/nikkytos/status/2095077400508905545","","2026-09-04T21:17:48.000Z"
"nikoariya60","0x6D222659D93168Dcaa0ef1b4312F0b7FDAF14ea4","https://x.com/nikoariya60/status/2095848644240633784","","2026-09-04T21:19:45.000Z"
"nikoo","0x6F012b5518dc7818F0ef205CfecDc0e40Cb12E31","https://x.com/NiKoO/status/2095034910284606217","","2026-09-04T21:16:34.000Z"
"nikuniku","0x83E9229aba1c0f12F58d7E60F9a467D09f953d34","https://x.com/nikuniku/status/2094979847903495568","","2026-09-04T21:14:33.000Z"
"nil315","0xe995517A6A472D4B559134C49CE55456afDAf3ED","https://x.com/Nil315/status/2095354910658793859","","2026-09-04T21:16:19.000Z"
"nimagin","0x501b7C9C1741df1692AD66c73A7281E7dBAA8CB1","https://x.com/nimagin/status/2094964056784811187","","2026-09-04T21:18:45.000Z"
"nimingxx","0x838bfC0F6EEC48145fdc802C272418739937D26C","https://x.com/nimingxx/status/2094942028536692630","","2026-09-04T21:18:29.000Z"
"ninakartika88","0x89Ae876949331EBe939e7BF3135E8014e8C3EF64","https://x.com/ninakartika88/status/1","631","1788588376175"
"ninhnguyendinh","0x32CC6413a2572Cbb6B8c3f10d010B8076588D045","https://x.com/ninhnguyendinh/status/2096047564185563405?s=46&t=w17xBTu3dK6LTxSApgjgHw","504","2026-09-05T01:28:49.000Z"
"niniao","0x0baFbaecf866DA47d463F97298A45f2B8118D2FA","https://x.com/NINIAO/status/2095887235328242126","","2026-09-04T21:16:21.000Z"
"ninoo25y","0x387872A9b54a1B35BCEe5679583C49C1e911CC52","https://x.com/Haunting_Hoods/status/2095880792765497711?s=20","377","2026-09-04T17:36:45.000Z"
"nirimiaj","0x1212440655fbfe51a4b8064e9386faf14c3409c8","https://x.com/NirimiaJ/status/1472572797088006146","575","2026-09-05T05:43:22.000Z"
"nizamudd","0x6bEAFe7e1311CAc463A83D8dce1058d2875418f0","https://x.com/nizamudd/status/2095616887488605715","","2026-09-04T21:15:15.000Z"
"nizzammalik","0x9e40628a901CAfC525f4e0AF547D7E59F87AC21A","https://x.com/nizzammalik/status/2095290743439723163","","2026-09-04T21:14:40.000Z"
"njgj","0xA95E093636e1C5e39eDf91ff1f74DF6cEE1d0804","https://x.com/njgj/status/2095406901001603872","","2026-09-04T21:15:44.000Z"
"nkoclun62","0xc2CD854695893F160119C090247E015fad42064e","https://x.com/nkoclun62/status/2095230316618258627","","2026-09-04T21:20:59.000Z"
"nmslojbk","0x8F0B661B69861796341dA590E11Ed42571eff449","https://x.com/nmslojbk/status/2095346778887271143","","2026-09-04T21:14:25.000Z"
"nn_ceasar","0xeddceaac850cca81e82ccc0f04e065bb49595d4d","https://x.com/nn_ceasar/status/2095975511679697036?s=46","446","2026-09-04T20:42:55.000Z"
"nnnn2","0xfaB099eA3aD5b77Ef32e42184d5ba81Fa3744224","https://x.com/NNNN2/status/2095661219737611712","","2026-09-04T21:20:48.000Z"
"noah_g03","0xC28B5Ad3C782F643aF55A72650009945B3798547","https://x.com/Noah_g03/status/2095199798433201956","","2026-09-04T21:15:50.000Z"
"noahjones","0x7FE71839bfb30369dE7a63a57fFd76C3a6b90616","https://x.com/NoahJones/status/2095268724326258607","","2026-09-04T21:21:09.000Z"
"noahmontani","0x18c014d5F5A0EeCe8F2B27167db389f50D0612cD","https://x.com/NoahMontani/status/2095637799630829031","","2026-09-04T21:19:41.000Z"
"nobenli","0x9291331a91f6aC7C06c68070717B1516976F3F7a","https://x.com/Nobenli/status/2095976958128275289","","2026-09-04T21:16:40.000Z"
"nobi1","0x08b85E1422768e99728ef47c0C1aeBb7f77b0634","https://x.com/Nobi1/status/2095184674958076025","","2026-09-04T21:14:50.000Z"
"nobi2","0x20e23B4000b7Adf21968B268c603B74FF2471A07","https://x.com/NoBi2/status/2095660694678732177","","2026-09-04T21:20:14.000Z"
"noble_tiger","0x76C7D043D5Ad61CfF0B800D57497311ff6c9201B","https://x.com/noble_tiger/status/2095215954772817224","","2026-09-04T21:19:06.000Z"
"nocamer","0x1D77939C152c5e2482F74A865d72B6d6d675415C","https://x.com/nocamer/status/2095525366134678765","","2026-09-04T21:15:12.000Z"
"noelmi","0xF2E0F27Ba7d0e285eE057CB20Ac646Aab1CAeca2","https://x.com/noelmi/status/2095578910983267848","","2026-09-04T21:15:17.000Z"
"nomad_leo","0x842a244B9b3f6d5eA16e9f981049Ab3398179200","https://x.com/nomad_leo/status/2095711826293850287","","2026-09-04T21:18:26.000Z"
"nomadyam","0xa1B42c552D32bF0c8260604079C7c75B12218470","https://x.com/NomadYam/status/2094898533916083262","","2026-09-04T21:17:18.000Z"
"nomadz","0x1A7ADe23648131b88ac5Aa4eE2BAB1574edeC23F","https://x.com/nomadz/status/2095944229848335335","","2026-09-04T21:18:41.000Z"
"noname9272","0xEec75e9D6531AB31A96a4A3cbd3C578999778981","https://x.com/Noname9272/status/2095395315978789535","","2026-09-04T21:19:58.000Z"
"nonamerequired","0xcFb704512d3BF6Ef4AB0ef59C8c0A9a389A959A7","https://x.com/nonamerequired/status/2095351239696164718","","2026-09-04T21:14:44.000Z"
"noni41","0x4a15851eBc7f3beE0f5220A47093CF1734687802","https://x.com/noni41/status/2095435724844245361","","2026-09-04T21:20:38.000Z"
"nonoao","0xA5B475f66E11E4F3F10cDC25721732ee4C77007E","https://x.com/nonoao/status/2095626300779564314","","2026-09-04T21:19:18.000Z"
"nonstopstory","0xC2C05A9083854B2f47b80A49285e90e81b267594","https://x.com/NONSTOPstory/status/2095510084711758465","","2026-09-04T21:15:22.000Z"
"noobop","0x5AF207d26b358f4FFD4a9C1DF24C1A2b0C735FcB","https://x.com/NoobOP/status/2095393019281447046","","2026-09-04T21:19:31.000Z"
"noobsaibot","0xc1065C746480CecA03F83A09c19b9c4E2846960d","https://x.com/NooBSaibot/status/2095596197953482793","","2026-09-04T21:15:10.000Z"
"noor_ash","0xCB77846fEFD594C94959a6B2E28E16597fd30eE8","https://x.com/noor_ash/status/2095954884070397011","","2026-09-04T21:20:35.000Z"
"noorag","0xf0399B9CDE767F56DD1B85175d9a761fe56B0344","https://x.com/Noorag/status/2095068246534548896","","2026-09-04T21:21:38.000Z"
"noorfox","0x4386E559116E085Aa2b4924CD59Ab974a7E80384","https://x.com/noorfox/status/2095766020026670889","","2026-09-04T21:19:08.000Z"
"nooroozi55mh","0x3F7fbd2699d3968FbdF9a735F0664b4D8DCD099A","https://x.com/nooroozi55mh/status/2095896779455598959","301","2026-09-04T15:31:03.000Z"
"noraa15","0xC1197A333A7Fd83A8F387D8B8ff4bd61D8215314","https://x.com/Noraa15/status/2095322870193227313","","2026-09-04T21:20:22.000Z"
"norabard","0x01A852Ba1c81A427Db8fb7323C94e45d5bd9D7D7","https://x.com/norabard/status/2095899529080118499","","2026-09-04T21:17:57.000Z"
"noramonk","0x2c586492390C7B27817b48e2364fE95Df02461c9","https://x.com/noramonk/status/2094971673180483210","","2026-09-04T21:20:52.000Z"
"noraraven","0xf60e49988Ba4ee3D085fB157B854cB25BeAef88F","https://x.com/noraraven/status/2095395020122015084","","2026-09-04T21:18:32.000Z"
"nordau","0x15F44BCb4e49e3024b41826d11Ac73aFa2be701c","https://x.com/Nordau/status/2095623296729744374","","2026-09-04T21:16:55.000Z"
"norevelation","0xA3c7F4b88A903e63272AfFd31d5741ada7964224","https://x.com/NoRevelation/status/2095240080036484691","","2026-09-04T21:18:56.000Z"
"noriaki","0xF5618D3Ae9297d78De7144002f584cf42E6684e0","https://x.com/noriaki/status/2095924395926742532","","2026-09-04T21:14:40.000Z"
"normaca","0x68356ec63651B0a76d1879cf844709DEfe0AD484","https://x.com/normaca/status/2095023248387499168","","2026-09-04T21:20:18.000Z"
"notintruder","0x21f6e6B124031e5966c68aB26893cf8CaE9b30E5","https://x.com/notintruder/status/2095195793785477828","","2026-09-04T21:14:33.000Z"
"nouhau","0xF0C1B691A4bb29672D1bCaE5B62AE96dA373a354","https://x.com/nouhau/status/2095734439774697866","","2026-09-04T21:18:51.000Z"
"novelp","0x8a0E1393952Ef03085c7E2696E5616c1A925397C","https://x.com/Novelp/status/2095483323453600251","","2026-09-04T21:15:30.000Z"
"noviceborsaeng","0x7E71bCC333688dDb2BC5996F7ec260CB8D90C2a0","https://x.com/noviceborsaeng/status/2095875112785962057","","2026-09-04T21:19:23.000Z"
"novin","0x00A9f3eBA2181fcdF496FB74FFeE3f7fFe98B151","https://x.com/novin/status/2095202276267003052","","2026-09-04T21:19:47.000Z"
"novisusanti9","0x0B09Bdf98d26e767210e4DA966942B5eD9a4513d","https://x.com/novisusanti9/status/1","642","1788588409037"
"nrk8","0x95Bdd49A4e2FC5b01db33CAd9c53CeeAd93BA19c","https://x.com/Nrk8/status/2095141200361396195","","2026-09-04T21:15:50.000Z"
"DamlaAtala29369","0x61ce4bbf161f98a036c3566723ebeb589203b41e","","18","2026-09-04T00:21:12.000Z"
"nshuntr","0x53a081f00ce2de9404e8775acfb69ace1d6ef409","https://x.com/NSHUNTR/status/2095983406387765539","452","2026-09-04T21:13:07.000Z"
"nsociety","0x753fe672d02E1430b69043a2006C7c2480609819","https://x.com/nsociety/status/2095594318396432391","","2026-09-04T21:16:13.000Z"
"ntien","0x6424EC79c3cC3345Ef41e6Ed77dBB4a20AAa0d9C","https://x.com/ntien/status/2094987950238948776","","2026-09-04T21:16:11.000Z"
"ntl_linh251","0x5b8bb73d20C49D963508492bF786DBc592CA5B8d","https://x.com/ntl_linh251/status/2095887962059993492","266","2026-09-04T14:55:05.000Z"
"nuel7x0","0xAcD2E966b232807d5Ef98D965C908a45978b8436","https://x.com/Nuel7x0/status/2094947905249274290","","2026-09-04T21:17:43.000Z"
"nuibari","0xdb480De2c8AF453c55548A12E281bff011c7E623","https://x.com/nuibari/status/2095356911242451888","","2026-09-04T21:15:36.000Z"
"null1401","0xC73A4C4959FD9D15A5E703fF8A9f518F690660CE","https://x.com/Null1401/status/2095171056407096208","","2026-09-04T21:18:35.000Z"
"nurel","0x2DB09B371560b49E94452E1B4018458cFd613485","https://x.com/nurel/status/2095911552847257671","","2026-09-04T21:20:27.000Z"
"nurulhida","0x847CC2902394e2b1cfD834c774Ab1b84C11238A2","https://x.com/nurulhida/status/2095893280085197148?s=20","287","2026-09-04T15:15:16.000Z"
"nv158","0x5b7d2B8E5BFb87d02A9b05433Bf2d25292652785","https://x.com/nv158/status/2094978507898710359","","2026-09-04T21:18:11.000Z"
"elizabeth46as6","0x581b83eADc65dF9B1Ee9758E25c8bf3d5A5C518e","https://x.com/elizabeth46as6/status/2092894194275188737","","2026-09-04T08:58:09.000Z"
"nvn9999","0x4133c86a2A9bf7b16fd406521d88fAB4a75Ed89e","https://x.com/NVN9999/status/2095317269872091052","","2026-09-04T21:15:24.000Z"
"nxxrdn","0x32EB57Ef2a847F5D45e20B4f818a5E30Eb1f17aE","https://x.com/NXXRDN/status/2095042906600523744","","2026-09-04T21:20:01.000Z"
"nyimak","0xFF5EaB39a64946599939c7e9758842965989B343","https://x.com/nyimak/status/2095760480601499602","","2026-09-04T21:14:42.000Z"
"LisaBrowncmfj","0xccc06c57bD8bF931bbC1B2Df483C7a6fDb80d680","https://x.com/LisaBrowncmfj/status/2094089512152989697","","2026-09-04T08:59:13.000Z"
"AnnaSmithx1y4","0x008a88177a36bE56e24cf59595D92C66aF10a16f","https://x.com/AnnaSmithx1y4/status/2094548648342847489","","2026-09-04T08:59:32.000Z"
"EugeneMillpl53","0x2365B1Cb6dC44fc90B30e70A44Bf882778D2Eef5","https://x.com/EugeneMillpl53/status/2093135936735936513","","2026-09-04T08:59:14.000Z"
"swaprum498","0xed23dadceb303eaba2ec1fad0d3cfb09730495b1","https://x.com/swaprum498/status/2095852776421298603?s=20","190","2026-09-04T12:33:53.000Z"
"lori18gd2","0xF3707d3adda69E2ee147FeF2696849E7C7F615C5","https://x.com/lori18gd2/status/2093447821695909889","","2026-09-04T08:58:07.000Z"
"o_brian","0x689f20333D87937aCa9e393Db34E5667681D274E","https://x.com/O_Brian/status/2095305844544472042","","2026-09-04T21:17:02.000Z"
"oasi","0xC5B457c621cA84Ab597C9004a8E4C0daf63772cB","https://x.com/OASI/status/2095167227809472728","","2026-09-04T21:16:00.000Z"
"obitoooo","0xFd8CDB5359F4935a138Ab9E556B96aD3A5d707f0","https://x.com/obitoooo/status/2095762061014698143","","2026-09-04T21:17:56.000Z"
"LouisGutiezods","0x023820a844f9d214EAf6B3edFfD5F731E423bF53","https://x.com/LouisGutiezods/status/2094626940072755201","","2026-09-04T08:59:05.000Z"
"ocdp","0xf5EC0bac11B47708a1A72628319Ed279a10e4DE5","https://x.com/OCDP/status/2095720867031610466","","2026-09-04T21:20:12.000Z"
"ocean7","0x86Bf7a3CDCc1B41E6228F93f42048691d9556354","https://x.com/OCEAN7/status/2095901055959878421","","2026-09-04T21:14:29.000Z"
"oceanbreeze","0x106F8F6f08e589fd13Fe1eF0F846971960482c7c","https://x.com/oceanbreeze/status/2095416254551436739","","2026-09-04T21:18:17.000Z"
"oceanicoracle","0xF1472a266203c40571b63798e0F41A635A3db021","https://x.com/OceanicOracle/status/2095894564327429241","","2026-09-04T21:17:44.000Z"
"ochi_","0x0BddD8489D85613Fdeab5991233a93622f526B61","https://x.com/ochi_/status/2095704258791655927","","2026-09-04T21:18:46.000Z"
"ochre_fox","0x1B063B45178cB51476f070969675a06a1a43667e","https://x.com/ochre_fox/status/2095543626310939155","","2026-09-04T21:16:29.000Z"
"ochredeer","0xc40c2B04682Ae13a8dA0C8Bf935C88d85bEE256f","https://x.com/ochredeer/status/2095199436345722761","","2026-09-04T21:14:21.000Z"
"ochrefox","0x94Ad5309f943cF22aCf8BD2cD224f28c52317A06","https://x.com/ochrefox/status/2095124101389763685","","2026-09-04T21:21:20.000Z"
"octaerne","0x47b8D7D4f729CD25880a6071543a2388fea9aF24","https://x.com/Octaerne/status/2094922274182839649","","2026-09-04T21:14:26.000Z"
"ode_star","0x30F715699b606d796CB82Cb3e1d737D3Cc13A41f","https://x.com/ode_star/status/2095441019273363442","","2026-09-04T21:15:27.000Z"
"odichi","0x7FEd90947Df164f590689040352A13987E1169E3","https://x.com/Odichi/status/2095384835728359645","","2026-09-04T21:20:18.000Z"
"official480","0xB691E3A8cb37EA6c308A66396B8B720B262e1509","https://x.com/Official480/status/2095440295794509318","","2026-09-04T21:18:06.000Z"
"og_sandip","0xAcbAd3992e1512Dc4f46F40A0645b10fe116fc1C","https://x.com/OG_SANDIP/status/2095600805405337006","","2026-09-04T21:14:27.000Z"
"ohhhh","0x83717Ea96E399A3b30507834CE8B17b2E9c0462f","https://x.com/ohhhh/status/2095681817082132289","","2026-09-04T21:16:29.000Z"
"ohhstl","0xf744b161f6cf24a8743f9f43dbd162636221e175","https://x.com/ohhstl/status/2095889221953441868?s=20","272","2026-09-04T14:59:10.000Z"
"ohyeahmaster","0xfB4dF722122b5F077093743E1163632919EA88E5","https://x.com/ohyeahmaster/status/2094974093939301916","","2026-09-04T21:15:57.000Z"
"oipl","0x7c9D52887C4EA36AfcBB29aC1284173c360226E1","https://x.com/OIPL/status/2095909762604134721","","2026-09-04T21:14:08.000Z"
"ojas","0x6d73408b25F81aC5C7b40c8Bb854d3353049c845","https://x.com/ojas/status/2095872171084409247","","2026-09-04T21:19:42.000Z"
"okabe","0x0E36C2f0b4F3E233541569E3c8089c4eC4F0169a","https://x.com/Okabe/status/2095377440304845369","","2026-09-04T21:19:41.000Z"
"okawari","0x15CEF34433E5f7537a08FE3ef19FdCdC12AbAc6f","https://x.com/OKAWARI/status/2095094327898601969","","2026-09-04T21:20:30.000Z"
"okfly","0x36431481272b0D29EEfd921BeAF2cd943165fdc4","https://x.com/okfly/status/2095362184394399862","","2026-09-04T21:19:35.000Z"
"oksex","0x82968B72B527d063AB9b01459b2EE093427306d7","https://x.com/Oksex/status/2095809369568638313","","2026-09-04T21:17:21.000Z"
"olche","0x9102238B067509c3DB5C9315Fc41A9285fc1A750","https://x.com/OlChe/status/2094975261535114130","","2026-09-04T21:21:34.000Z"
"oldboy","0x7C346d2A84C60bC7e0a04716708D1BfEDEcd7303","https://x.com/Oldboy/status/2095203590539262586","","2026-09-04T21:15:29.000Z"
"oleg1997","0xbA9c285d9da046644B8fB104AE70c8c28ddcB784","https://x.com/oleg1997/status/2095790133505446452","","2026-09-04T21:17:47.000Z"
"oleg27","0x763905Aa4760aC5b108Ad81213886732e85BC8d7","https://x.com/Oleg27/status/2095043224963338228","","2026-09-04T21:14:30.000Z"
"oleg887","0x49c1fAcf35EbF56fF813B1a51D54aCdDA80A4DA3","https://x.com/oleg887/status/2095818459473614685","","2026-09-04T21:20:33.000Z"
"oleg_kelt","0x80C0b72cC80461E84E7Af83b480Ec229Bac3530E","https://x.com/Oleg_kelt/status/2095907291541389504","","2026-09-04T21:17:14.000Z"
"olegt","0xBC9E578762A605Bb9702099b33617EF7CbAf86E3","https://x.com/OlegT/status/2095861491280253118","","2026-09-04T21:16:08.000Z"
"olgagnatenko96","0xEbBd1B97591080Aac99772fF4f6feEfb0a4901a6","https://x.com/OlgaGnatenko96/status/2095037645114795991","","2026-09-04T21:18:59.000Z"
"oliusz1","0x7C6bFe079e8f58C247BA29728DE211cb90424ADa","https://x.com/oliusz1/status/2095724126358303880","","2026-09-04T21:15:46.000Z"
"oliviajohnsonn","0xB47ba6573d79b2cCacaC3AE912D6D3000B248653","https://x.com/OliviaJohnsonn/status/2095903312190024313","","2026-09-04T21:21:29.000Z"
"olumide3367","0x6B82959f0EB08186C34DBa181db336E3F50E83D0","https://x.com/olumide3367/status/2095543597655861940","","2026-09-04T21:19:24.000Z"
"oluwagbemi688","0xB0B3f724F5DC38D488ECCBf74ABdAB0d99575528","https://x.com/Oluwagbemi688/status/2095964196932321452","433","2026-09-04T19:58:32.000Z"
"omega","0x5155F027ED4b89FCA9Cf27c48eE606498bA39513","https://x.com/Omega/status/2095832461690896094","","2026-09-04T21:15:54.000Z"
"omehan","0x55C1Eb6d06b016dF0e0314dece3273753245b38D","https://x.com/omehan/status/2095357416611004156","","2026-09-04T21:17:27.000Z"
"omeljan","0xb317bDd01AC2Be3990f81136f6E20c965017f035","https://x.com/Omeljan/status/2095783514085791195","","2026-09-04T21:18:35.000Z"
"omi1293","0x89f8ac33E794A81EB5cC414f5fB0018b35aBb691","https://x.com/Omi1293/status/2095046708828031276","","2026-09-04T21:14:42.000Z"
"ompi2512","0x60932344d3c9126662F0B1B1dbE50605d5dD9a3D","https://x.com/OmPi2512/status/2095792838945216026","","2026-09-04T21:14:47.000Z"
"omsai","0xEd808a10Ea6674730aeB83AA3b8546e2b6A23f2a","https://x.com/OmSai/status/2095257788922459487","","2026-09-04T21:21:25.000Z"
"onabodu","0xC68dB7f1CbbFF70Db0b61317aEafcD3876FF74F1","https://x.com/OnaBodu/status/2095978915863881341","","2026-09-04T21:16:34.000Z"
"onchain_fiend","0x8ea9eac20b7b17d0a4f02af1d198dbd50893bdd9","https://x.com/onchain_fiend/status/2095991976453657028","467","2026-09-04T21:48:32.000Z"
"onchainrangga","0x41378f50fA0b0980C346E9C45D4861C865e1b84B","https://x.com/OnchainRangga/status/2095951881520742780","414","2026-09-04T19:08:41.000Z"
"onepercent","0x247f21D4D5b2583F74d4B36Bde56518f19CB53F9","https://x.com/Onepercent/status/2095648429873984735","","2026-09-04T21:15:24.000Z"
"onizukas","0xC8364dAFB8FC5b76DF5C2eCe8f6bCE69B029389D","https://x.com/Onizukas/status/2095532466320561403","","2026-09-04T21:04:55.000Z"
"onlinn","0x1f90a970D3a90b2F9a6A258059a47c58Bc0473c7","https://x.com/Onlinn/status/2095743998579534385","","2026-09-04T21:15:08.000Z"
"onlyms","0x86C1755Da8ceBD2052232d394a9f7515eBf682f3","https://x.com/onlyms/status/2095036255269818956","","2026-09-04T21:17:35.000Z"
"onyx_bard","0xa16A2eF27FFa4e47038DfF16Db55c63DE8D97b39","https://x.com/onyx_bard/status/2095151117633836313","","2026-09-04T21:18:54.000Z"
"onyx_dawn","0xa80cc4122a42067Fa796273bb7d43128fb359271","https://x.com/onyx_dawn/status/2095848634138224924","","2026-09-04T21:17:24.000Z"
"onyx_hunter","0x51fDCE084F83676D678a173396CC0dF448E66245","https://x.com/onyx_hunter/status/2095625089191994158","","2026-09-04T21:15:19.000Z"
"onyx_rogue","0x2A321E9df64614a0A48bf8150655579935ae0C29","https://x.com/onyx_rogue/status/2095959796829133251","","2026-09-04T21:15:13.000Z"
"onyxfox","0x39E77De5D8134855207DF9EB58B1e5EB9363c8b5","https://x.com/onyxfox/status/2095342745802662482","","2026-09-04T21:21:32.000Z"
"onyxhawk","0x31927E131d1268e23350688d51F5A1019CdeE2D1","https://x.com/onyxhawk/status/2095552590283029127","","2026-09-04T21:18:54.000Z"
"onyxraven","0x6F7a863BD8ab7F42a61E4fedCc9b18Dcfc146813","https://x.com/onyxraven/status/2095638347945561870","","2026-09-04T21:17:30.000Z"
"oogwaycrypto","0x55689958d51248DDD6c2326F71A29929C0bFdB94","https://x.com/oogwaycrypto/status/2095564969433661174","","2026-09-04T21:16:50.000Z"
"oooooyoung","0x900482631C4DAC5471D0BA059D75ad3188B5401D","https://x.com/oooooyoung/status/2095441273000147009","","2026-09-04T21:15:14.000Z"
"oopss","0xa1b4F196C1c1e89a6b303EC1317CfAAd7e4BDA04","https://x.com/OopsS/status/2095502397085634009","","2026-09-04T21:20:17.000Z"
"Oxyudiant4_","0x193bd8ba03393c158c34784f3b87d312f0effc6b","https://x.com/Oxyudiant4_/status/2095820595015635263","104","2026-09-04T10:26:26.000Z"
"op25589","0x0a2da3a95fbdb3c0bd80a8ce676ad90ec0b59276","https://x.com/Haunting_Hoods/status/2095895534615904498?s=20","532","2026-09-05T03:55:51.000Z"
"Matchhamuuu","0x35803aB9a0929b51ADcC15A97b6070dF672B60fe","https://x.com/Matchhamuuu/status/2095807671484272920","91","2026-09-04T09:35:14.000Z"
"opajas1","0xe05a3fAa5c60C8e1771F2af62ED2a4Ba7e640e4E","https://x.com/opajas1/status/2095801348700624789","","2026-09-04T21:20:41.000Z"
"opebear","0x4E4eAF81f2A2fD7F474E22A2Cd5D4d9387D8AadA","https://x.com/OpeBear/status/2094944209453888234","","2026-09-04T21:20:51.000Z"
"operaman","0x99A4ADbC7B00d8f034E2125E22aE71b9fAF9D1c7","https://x.com/operaman/status/2094936693825648247","","2026-09-04T21:16:20.000Z"
"ophelia_oc26581","0x6f0758D344FB0Bd759D6A9aB3F7844E16c2D24cE","https://x.com/ophelia_oc26581/status/2095252748494485336","","2026-09-04T21:19:54.000Z"
"ops000","0x875501240a03d94b28140ddd532ff0edC562A94a","https://x.com/ops000/status/2095480026885242676","","2026-09-04T21:17:38.000Z"
"ops03","0xD63d69CA427Ec2EBD27045d71e92Cbc88a993702","https://x.com/ops03/status/2094928237760215683","","2026-09-04T21:20:24.000Z"
"oracleprism","0x89A89005E9bd2F6834C938d7d09a06448efc0c93","https://x.com/oracleprism/status/2095533685038442120","","2026-09-04T21:16:58.000Z"
"orange","0x1375109D6805Bba4e583f3103BA7a7D4E70d40B5","https://x.com/orange/status/2095674311877983979","","2026-09-04T21:18:05.000Z"
"orange2203","0xcF841AC4EDe0953EdB67Fe043D2CCb78Fc7A966F","https://x.com/orange2203/status/2095889999556042641","","2026-09-04T21:19:43.000Z"
"orchidka","0x55571c28b7716762a5E50CD9adaFB8e226AEec68","https://x.com/ORCHIDKA/status/2095828173862680128","","2026-09-04T21:14:03.000Z"
"orcounter","0x6f63438F1e1942004eB8DA1F452155655d0d9A18","https://x.com/orcounter/status/2095945083594230067","","2026-09-04T21:16:00.000Z"
"oricon","0xf110f44c52e21989277294e6543F28277b0bC4E6","https://x.com/Oricon/status/2095096912859897181","","2026-09-04T21:17:09.000Z"
"orion_nomad","0x717aca844551286c7431216E746B72C760F7f48b","https://x.com/orion_nomad/status/2095139751230308953","","2026-09-04T21:19:41.000Z"
"orionwu","0x0EE8073bd25A2A31c40098bA95BF36Cf90dfA5D1","https://x.com/OrionWu/status/2095661929905703781","","2026-09-04T21:20:29.000Z"
"orvelith1234","0xff7C7766E01123b37DB0731D456DC5d02846963b","https://x.com/Orvelith1234/status/2095366165910144955","","2026-09-04T21:20:55.000Z"
"osa3","0x3A28ccF75762441463Db86d6F811762bF22eFbCE","https://x.com/osa3/status/2095771322916230870","","2026-09-04T21:20:03.000Z"
"oscarpham","0xD2DEdBdeE09DB8F2508eA19eAf12F7D0c737F069","https://x.com/OscarPham/status/2095666225145778929","","2026-09-04T21:15:37.000Z"
"osienl","0x57a4f95eaa58ea5e299e6bcf8d72267ab483e6a2","https://x.com/OsienL/status/1470416714064019456","552","2026-09-05T05:29:08.000Z"
"otc1","0x7AF24051DFe68C1C314210bAB8cCc793900388B2","https://x.com/OTC1/status/2095138149459889434","","2026-09-04T21:15:28.000Z"
"otis","0x6a43B32aA26820f4c39d27340995a1066ba49182","https://x.com/otis/status/2095921989427372660","","2026-09-04T21:17:36.000Z"
"ou_ln","0x7AA78A9863Ef7b77F1991a382e917fC2894F8289","https://x.com/Ou_Ln/status/2095123276688651825","","2026-09-04T21:19:15.000Z"
"ousama","0x614c3b1DCC2c65C1ac0655e6a321bC24aF061139","https://x.com/Ousama/status/2095144220075765836","","2026-09-04T21:15:12.000Z"
"overcute","0xd25d8F13bBc1146c079F4802A3cE3996A5754087","https://x.com/overcute/status/2094980368719774093","","2026-09-04T21:14:49.000Z"
"owl_eve","0x064f2CC1B6d4b8d56ecde86Ff9A0eD490F8ff0f3","https://x.com/owl_eve/status/2095325267587441573","","2026-09-04T21:17:19.000Z"
"owl_finn","0x0a93ca722a4478A783190D596363f72c6C7497a7","https://x.com/owl_finn/status/2095676847644777498","","2026-09-04T21:18:06.000Z"
"owl_nico","0x28D89FD874e5a44f40183E87f3FFF565228DF2D2","https://x.com/owl_nico/status/2095621508842100436","","2026-09-04T21:18:03.000Z"
"owloracle","0xb0529D73d8693fD4eE5aeaEC5852BDd6a2702Af9","https://x.com/owloracle/status/2095095426662969901","","2026-09-04T21:14:07.000Z"
"owlwraith","0xa2bd0426225daB1905e71834Fef787592D3A5693","https://x.com/owlwraith/status/2094955184372488641","","2026-09-04T21:14:09.000Z"
"oxalis","0xad07a4d73C16de81848C9367c5fdAddf353F7Be6","https://x.com/oxalis/status/2095380715006766899","","2026-09-04T21:20:17.000Z"
"oxhulk","0x78f6f242Afcb64a7B47921F1492862D30ce2ebBc","https://x.com/OxHulk/status/2095503235602195056","","2026-09-04T21:16:37.000Z"
"oxleecs","0x3634072a1585ae71e6c2529b8a028c31e5adb42c","https://x.com/OxLeeCS/status/2089764399879991302?s=20","519","2026-09-05T03:31:10.000Z"
"oxrazo","0xfd524f0274510230B72D2c7BeB6EA07EBc4198D1","https://x.com/oxrazo/status/2095491137645229463","","2026-09-04T21:19:39.000Z"
"oxried","0x43E6688AA08549bB79330645083b8d8Ca1b1CaA2","https://x.com/oxried/status/2095076839827510583","","2026-09-04T21:14:13.000Z"
"oxsaii_","0x67ebd1d620ba7c58e0755e6c6e6fd947ff8cb5cb","https://x.com/Oxsaii_/status/2095885208004575320?s=20","257","2026-09-04T14:42:54.000Z"
"oxshm","0x7A65Fe9ACc8666CaE35886D0863965C7017ABF74","https://x.com/OxSHM/status/2095537301764795577","","2026-09-04T21:15:16.000Z"
"ozdemir49","0x9e000Bc9c0D95DDC18b770aE231211950C30f7b2","https://x.com/Ozdemir49/status/2095679074779502340","","2026-09-04T21:17:01.000Z"
"ki7ei5pq","0xBbF084FEF62cBE7dC62Ddd079CB1C821222C5453","","13","2026-09-01T00:38:40.000Z"
"p4ela","0x028a8037B6Ac56e12aeDec31d72cE2738df970c5","https://x.com/P4ELA/status/2095564406283680676","","2026-09-04T21:18:32.000Z"
"8tm00uyq","0x2acEe18ff58b3eAEE74C8d973319D1339dc50b16","","26","2026-09-01T00:38:40.000Z"
"pablo1nzal3s","0x63c0Ee54bEE199712D57Ceb00B4cd7301CcE2EAE","https://x.com/pablo1nzal3s/status/2095978064259085921","","2026-09-04T21:14:29.000Z"
"pakhaji","0x9422C4a1D6F405a17833A3de03c1D58498A85DEc","https://x.com/pakhaji/status/2095281484496330709","","2026-09-04T21:20:10.000Z"
"pale_fox","0x8021FB64c1C5b081Ab1F79da4cB4CaB9e2E4d600","https://x.com/pale_fox/status/2095616367896375265","","2026-09-04T21:20:38.000Z"
"pale_scholar","0x5EA43716AaA8a462A8c3EA9F4A7C73E970fDF7Af","https://x.com/pale_scholar/status/2095957365290732325","","2026-09-04T21:14:06.000Z"
"palenomad","0x5666e91E681813976D0aFFd908Af9CF2726d7AEe","https://x.com/palenomad/status/2095768629202252856","","2026-09-04T21:16:30.000Z"
"pallada","0x4f13a0a32f5A3f019fD3cd3CC893B43CAa30cC18","https://x.com/Pallada/status/2095268403828615993","","2026-09-04T21:17:03.000Z"
"pamplune","0xf0981c90ed192192ea7B4951bb59D57Caf3eF611","https://x.com/Pamplune/status/2095091704960611787","","2026-09-04T21:14:25.000Z"
"pancadewanto1","0x5838e7F62dAE5330a59Ae486320D2d1E21453E70","https://x.com/pancadewanto1/status/1","643","1788588412044"
"panda0909","0x542656e9E517e7b222Be4fD5c09E8da5b4594687","https://x.com/panda0909/status/2095123744767459944","","2026-09-04T21:21:05.000Z"
"panpan122333","0x418e68Ce904ecB078d4EA72F2e726792E3Cb0724","https://x.com/panpan122333/status/2095608069543296430","","2026-09-04T21:17:32.000Z"
"panter","0x7d4B22998d623C07E1b8B27Ac81976477ab89cF1","https://x.com/panter/status/2095904258374222218","","2026-09-04T21:17:31.000Z"
"papat","0x8D035f7878472abA35fd202c99b4Caf924C7D814","https://x.com/papat/status/2095665164487075389","","2026-09-04T21:16:29.000Z"
"paradiuk","0x6c14f89cF49Ad316facE4d8fF7DE72575bCb9DF2","https://x.com/Paradiuk/status/2095438886435054729","","2026-09-04T21:19:21.000Z"
"paradoxe42","0x906Bae0026c70A5a7cb626612c0e43b711b9316a","https://x.com/Paradoxe42/status/2095889934352704329","","2026-09-04T21:16:00.000Z"
"paralon","0xbE7C7768EB3AcCad3E7e1567319098B957C9dB01","https://x.com/paralon/status/2095586837282603495","","2026-09-04T21:16:07.000Z"
"parham","0xEa2e1Ad2cA8dc60945dd0D7f5a09F9374ec61C62","https://x.com/Parham/status/2095395654744384868","","2026-09-04T21:21:22.000Z"
"parianne","0xd7F7E3eE4Fa945340CF16768C59E43376a907Ac5","https://x.com/parianne/status/2095773115540387227","","2026-09-04T21:17:03.000Z"
"paribesh","0xC2392CfCf4f66E24ffBc804c078BBC31D4AA0895","https://x.com/Paribesh/status/2095894471827013601","","2026-09-04T21:14:04.000Z"
"parkchihyun1","0x851C2902bFc0Ff63084Ad59Ef25a68539f8f8D90","https://x.com/ParkChiHyun1/status/2095795250207308019","","2026-09-04T21:19:18.000Z"
"parker_w","0x726D0430E7F6e80BA93afc00DD5E7E5E14348D8e","https://x.com/parker_w/status/2095836990549979214","","2026-09-04T21:17:39.000Z"
"parthgo0","0x4ed2d229ede78a3418b8f4314ce88d8047bf1b30","https://x.com/PARTHGO0/status/2095882847953490296","248","2026-09-04T14:34:00.000Z"
"pasifgelirtr","0xF2D7e3460820eCb42fbAa5CA9887466d2a3c5c47","https://x.com/pasifgelirtr/status/2095703373948312862","","2026-09-04T21:15:09.000Z"
"patagon","0xabE150cC82eC22884a55eac484212521BCbA4a8a","https://x.com/Patagon/status/2095691877894908041","","2026-09-04T21:19:27.000Z"
"patatagzoey","0x1ef3d0332d36928e97d7abb141734098b062543e","https://x.com/patatagzoey/status/2095888327131975949","267","2026-09-04T14:55:22.000Z"
"patli","0x8494f1bd476B2736a89eCeA02C19c8D714CF7966","https://x.com/patli/status/2095347334446478772","","2026-09-04T21:16:57.000Z"
"patmetax","0xF03eB0d8894fFccC68a8292b4b94f5823A6dAC62","https://x.com/PatmetaX/status/2095910772555829742?s=20","337","2026-09-04T16:24:40.000Z"
"patriciasatoe","0x15fde1c753c4e39b8fe9043736393b51a68e6066","https://x.com/PatriciaSatoe/status/1470417391364370433","550","2026-09-05T05:29:04.000Z"
"paulchoi","0x610FA61000e7F10E897a38b3117474266d84Be3E","https://x.com/PaulChoi/status/2095190089967060981","","2026-09-04T21:19:13.000Z"
"paulie","0x091552971BDaF975b6D18460f521F87682cdE829","https://x.com/Paulie/status/2095595848599127818","","2026-09-04T21:15:52.000Z"
"paw3el","0x91Aa3C88B967B041863480587E33C18c67bde8e4","https://x.com/paw3el/status/2095906558380416877","","2026-09-04T21:17:12.000Z"
"pawelk","0xAf68Fc222328fe9aB21b993a62A62c76812D0923","https://x.com/PawelK/status/2095471147366369487","","2026-09-04T21:15:30.000Z"
"payboxxx","0x5957B08BF22c2e5A167ED71b1AeeBEf9738c0E8C","https://x.com/payboxxx/status/2095892425919307783?s=20","285","2026-09-04T15:12:56.000Z"
"payitaht88","0x14c79Cb7847d65Ad5E443B98f5d78Fe83cE2f206","https://x.com/PAYITAHT88/status/2095845589857835403","","2026-09-04T21:17:37.000Z"
"paypay","0x6Fd5FA99A96f66F7A58820E85269aBC6Af85FF3D","https://x.com/paypay/status/2095722728983717428","","2026-09-04T21:17:28.000Z"
"pckingin","0x77D8cf23462D77d653985317ab5E97c2323bA7B5","https://x.com/pckingin/status/2094915633029309698","","2026-09-04T21:20:46.000Z"
"pcoke01","0xb343C8589e7FfFEeD845770BC757BF62308fB48f","https://x.com/pcoke01/status/2095920806929076395","364","2026-09-04T17:04:49.000Z"
"peace223","0x3408e5b7B81B164d733e5064E8F8FaE3923Db284","https://x.com/Peace223/status/2095356356675863132","","2026-09-04T21:16:26.000Z"
"peakboy","0x48F29f2127e044394EA0B1B33AC2e533bb12F147","https://x.com/Peakboy/status/2095632657840514411","","2026-09-04T21:17:51.000Z"
"pearl_blade","0x7106f5909d4E71F037EFA604004F612599177d54","https://x.com/pearl_blade/status/2095124115316799019","","2026-09-04T21:14:42.000Z"
"pearlcat","0x5Aab5a5FD9A20501e0FF163230a099a3B37c74BF","https://x.com/pearlcat/status/2095421534064413673","","2026-09-04T21:18:40.000Z"
"pearlhawk","0xA550c10ED074B723518942399814630b3C8dE390","https://x.com/pearlhawk/status/2095973949071784927","","2026-09-04T21:14:08.000Z"
"pearlkoi","0x9B6733B7353c4532441C0B9B6Cc10ff4a7c7e640","https://x.com/pearlkoi/status/2095921490799061670","","2026-09-04T21:16:39.000Z"
"pearlmole","0x50Cc8FFA4B024b14fa6ECA2c3595E0f8f457Fd21","https://x.com/pearlmole/status/2095016042396281661","","2026-09-04T21:15:29.000Z"
"pearlowl","0xCbE9A5E5C67227144AA100a6F1B64331951A8E22","https://x.com/pearlowl/status/2095575202591318807","","2026-09-04T21:19:58.000Z"
"pegasus","0x81Bb9203Cf3805294dd7a6C1f00a9Dd7831f0951","https://x.com/Pegasus/status/2095910323580363609","","2026-09-04T21:18:59.000Z"
"peideluo","0x7C18AF93a2756518217452E081770d93281a4F64","https://x.com/peideluo/status/2095528939613095113","","2026-09-04T21:16:25.000Z"
"pengon","0xCf34A465f448D4A80a5aba12D115e2C766C9fb29","https://x.com/pengon/status/2095510370366012022","","2026-09-04T21:15:10.000Z"
"pengzhe","0x966ed569aE5108B588C75c92c6edA9aB1bF1bD85","https://x.com/Pengzhe/status/2095948773293964115","","2026-09-04T21:14:44.000Z"
"pepol","0x99f6050F38fbbd21934E6a609214c085C1650cc1","https://x.com/pepol/status/2095918013156344643","","2026-09-04T21:14:38.000Z"
"perdibaiq","0x3eaf10E831578fc4261587Df455e596eDd430854","https://x.com/perdibaiq/status/2095838239689852157","","2026-09-04T21:18:25.000Z"
"pereslavec","0xEcD22E5c65B57e357433706E6D65e0340CfcB5Fb","https://x.com/pereslavec/status/2095226215980773199","","2026-09-04T21:17:11.000Z"
"perf","0xEa871D91881751BE9208dc9b32FD619Ab43051D2","https://x.com/Perf/status/2095756129780624281","","2026-09-04T21:20:57.000Z"
"petersan","0x24037980A5B16a1490390f2EAcD84D0A443461bA","https://x.com/Petersan/status/2095174971311817971","","2026-09-04T21:20:03.000Z"
"petroivan","0x930Aa81200AE8E4C7387f91801c7B7948ec344b2","https://x.com/PetroIvan/status/2095499980756915947","","2026-09-04T21:15:25.000Z"
"petros","0x06359075afB28814e6A038d047Ed296AB3cC0C30","https://x.com/petros/status/2095780240578532122","","2026-09-04T21:14:20.000Z"
"pewpew23","0xB637529154d62a2cD7f9e4AE368684ea53099CA2","https://x.com/pewpew23/status/2095140390438855372","","2026-09-04T21:17:04.000Z"
"pey67","0x47697575DD2B9ff6Cec060c241efDBfA16F619eC","https://x.com/pey67/status/2095434239746274764","","2026-09-04T21:20:38.000Z"
"pham_toi","0x8886cd2ca58C313120F2A756865962B7B9114b5C","https://x.com/Pham_Toi/status/2095719989327206261","","2026-09-04T21:20:01.000Z"
"phamhung9853","0xDBF0Bc56fcD5483E0e5A9d6Bc877469B526096ed","https://x.com/phamhung9853/status/2095414015001719230","","2026-09-04T21:14:10.000Z"
"phamtoantn1","0xBB4f77228d0EF8f29B4769F969146dEf633cB0e7","https://x.com/phamtoantn1/status/2095522779552734573","","2026-09-04T21:14:53.000Z"
"phamvancuong13","0x5ac5E39142bD507927B3502EC8b759277c958739","https://x.com/phamvancuong13/status/2095877106845350043","","2026-09-04T21:16:22.000Z"
"phantomldm","0xd4DEC5a9d3b7023E3460e80e4A9dF49Cb1d82AA9","https://x.com/phantomldm/status/2095895590995551842","","2026-09-04T21:18:02.000Z"
"phantomnel","0x594D503cc426BA4EB434747Dc9D02B90Bd5ff624","https://x.com/phantomnel/status/2095789634722397279","","2026-09-04T21:20:51.000Z"
"phinguyen","0x4209888E39151771a0f727aCF4eAAAC7efe7dc90","https://x.com/phinguyen/status/2095767099721156805","","2026-09-04T21:21:33.000Z"
"phoenix2rising","0xdf456294546cec0cF02c4dE0d59E4F4a5DD8eFe7","https://x.com/phoenix2rising/status/2095841233021016275","","2026-09-04T21:16:36.000Z"
"phoenixfrost","0xb8f8c1ba70402Ca0b903F8dAb2504A2215be5B1b","https://x.com/PhoenixFrost/status/2095647911465531165","","2026-09-04T21:16:45.000Z"
"phoenixhunter","0xdc9437CF2C0def87D5E83C1AE4E618d08b558b9c","https://x.com/phoenixhunter/status/2095236245196548770","","2026-09-04T21:20:43.000Z"
"phoenixprophet","0x8D1977FE3B8A6D8Bc39b48DF8dF436e5B5EaB3fC","https://x.com/phoenixprophet/status/2094982307509522614","","2026-09-04T21:19:06.000Z"
"phoenixquill","0xF2da8efC8E52b1Ec76c31b10d9E79Da1dccea448","https://x.com/PhoenixQuill/status/2095106359144837015","","2026-09-04T21:14:18.000Z"
"phongdn","0xb31D1cfc03f7341Bac794C6CA04B2896BE5cA2D1","https://x.com/phongdn/status/2095902430189357739","","2026-09-04T21:20:30.000Z"
"phongvulam","0xF9247c1fB84795569970B5728Ec041098C56b47F","https://x.com/PhongVuLam/status/2095752504399160453","","2026-09-04T21:21:18.000Z"
"phuocchinh","0xe3e6f98Dc931d521a680E290e60FB96C83ab7Da8","https://x.com/phuocchinh/status/2095121084705783540","","2026-09-04T21:17:27.000Z"
"phuongbui","0x4bb1aD2306AEc87199471Db1bFa64E4b2eFda607","https://x.com/PhuongBui/status/2095865189766070754","","2026-09-04T21:15:06.000Z"
"phuongvuy520","0xEA98b835b6F75431912821f351728a568A70B491","https://x.com/phuongvuy520/status/2095597517251222259","","2026-09-04T21:20:00.000Z"
"phuy","0xc48b1D604b231eEBFF9A80C1F7d75aB4b52A9ADe","https://x.com/pHUY/status/2095280251126170824","","2026-09-04T21:17:34.000Z"
"phyllis","0x813525EC3082260A160f89f34CF5Bb990Fddc08D","https://x.com/Phyllis/status/2095658239797733809","","2026-09-04T21:15:24.000Z"
"piaobo","0x1E51C625786C5aFEb10572842032941230FAf367","https://x.com/piaobo/status/2095473572886479264","","2026-09-04T21:14:23.000Z"
"piblockexplorer","0x0cb1494D44F883D03D231698F74e19Fb8154c264","https://x.com/Haunting_Hoods/status/2095880792765497711","512","2026-09-05T03:04:02.000Z"
"picka","0xa57fF73aADaEf5f46e9bc72CaecE2a9baEAEFEC0","https://x.com/picka/status/2095542469333367748","","2026-09-04T21:15:31.000Z"
"pierrejaxson","0x0D79aC22f8EE661B2e7237Aa961E0D64d70Fd56D","https://x.com/PierreJaxson/status/2094910608561590949","","2026-09-04T21:16:49.000Z"
"pierreneter","0x621c5546e15CC84C361FcAbeABEE26f7983676B6","https://x.com/pierreneter/status/2095671324520319895","","2026-09-04T21:15:29.000Z"
"pikasu","0xcBCe7E1C7E5cB7a7E8eeF4DDd00F7CFC186F910B","https://x.com/pikasu/status/2095390187544925448","","2026-09-04T21:21:25.000Z"
"pilotkh_mi171","0x1d2De082A7d68EEC62817596a96a0d2A808e304d","https://x.com/PilotKH_Mi171/status/2096050760970895733","505","2026-09-05T01:41:25.000Z"
"pimpim","0x4290668FDcCD439CFc3Ae73598Ee76E9C39605e7","https://x.com/Pimpim/status/2095391531997338871","","2026-09-04T21:14:25.000Z"
"pimswart1","0x96b7bc1ffcee34775c855f09f1038e903b1ba356","https://x.com/pimswart1/status/2095960211131453498?s=46","427","2026-09-04T19:41:34.000Z"
"pinazista","0x3643d1cff2915016c95764a1658bdecc04512ee9","https://x.com/PinaZista/status/1476606192512225314","605","2026-09-05T05:59:10.000Z"
"pinchuk0909","0xD4F7E4707386fBcfcd139885F003Ce011DBeDe81","https://x.com/Pinchuk0909/status/2095609605435390390","","2026-09-04T21:18:27.000Z"
"pinkpinks","0xcDc1E09C4Faf739dea2332AFb414b9b67f74819F","https://x.com/pinkpinks/status/2095124203637802162","","2026-09-04T21:15:33.000Z"
"pintudhar3090","0xccA069F5ED8Ac1d585D90217FE17Ed21010501dC","https://x.com/pintudhar3090/status/2095997835598778705?s=20","476","2026-09-04T22:10:34.000Z"
"piotrek","0x8f348833471510959DD0d2487d2Acdf6A912e968","https://x.com/Piotrek/status/2094931968160523992","","2026-09-04T21:19:44.000Z"
"pirate_rey","0xA0CFEe0e68e21D3E8683273eb70454bb268Fc476","https://x.com/pirate_rey/status/2095727025972578796","","2026-09-04T21:16:16.000Z"
"piratescholar","0xB85D172A99bb2401146aaF592f9a51F9Bc3DA1aA","https://x.com/piratescholar/status/2095803119866072104","","2026-09-04T21:18:46.000Z"
"pirez","0x81368be475EFbaCCD8D080d9958e8Df7Cf8416c6","https://x.com/Pirez/status/2095549434023543895","","2026-09-04T21:19:37.000Z"
"piselli","0xeEBE15035525Da68BF57e77D7b90c83819d817a6","https://x.com/Piselli/status/2095882535365309603","","2026-09-04T21:20:44.000Z"
"piu2045","0x4e0e433eaB1A94ED0830d5307b08093Cbfa9C992","https://x.com/Piu2045/status/2095521698874234076","","2026-09-04T21:18:23.000Z"
"pixelscape","0xc87949b4fBC7AA5FE3616C131F5FBa960322076F","https://x.com/pixelscape/status/2095328347741021172","","2026-09-04T21:14:10.000Z"
"pixelsinker","0xec10700fbf9027155a6d815a9bed7313a3741240","https://x.com/Haunting_Hoods/status/2095895534615904498?s=20","526","2026-09-05T03:55:44.000Z"
"pkhemapet","0x65668BA3507D5070b373F2C76Ee5bC5645188c23","https://x.com/PKhemapet/status/2095517423077370634","","2026-09-04T21:20:05.000Z"
"pks03","0xe82Ff4a92293B5C4220A3317DDE4181503BA1a8a","https://x.com/pks03/status/2095412475478749801","","2026-09-04T21:16:07.000Z"
"plakes","0x077247134812aE8B6F084F3d4AA41e95ed128856","https://x.com/plakes/status/2095453180291584234","","2026-09-04T21:21:36.000Z"
"planetq","0x1E94A120545EDC22AF0A2E389552a7145f449091","https://x.com/planetQ/status/2095558572326116917","","2026-09-04T21:21:07.000Z"
"play_quickmath","0x34fD43591C55cB21268f9b6457BD00d426cE1F82","https://x.com/Play_Quickmath/status/2095917143766581353","356","2026-09-04T16:51:04.000Z"
"playboyo776","0xf4fa7e866F9F645CedD4233C94dC7586fDC02377","https://x.com/Playboy0776/status/2096072407002013811?s=20","513","2026-09-05T03:06:54.000Z"
"player011","0x49524EaC38EE402Ae15b362f3Df950829A51E7Bb","https://x.com/player011/status/2094986997400965592","","2026-09-04T21:14:39.000Z"
"plnty","0x90edd04Ae345CfE9602793ACE1CA4dbc055d4D89","https://x.com/plnty/status/2095680982743230604","","2026-09-04T21:19:27.000Z"
"plotva","0x80720F6FE9dA45e5EE6F2B969dA2c8341f9e3531","https://x.com/plotva/status/2095758630306973099","","2026-09-04T21:20:34.000Z"
"plutoh","0x9cfA00e83155a8a786C4f386DC23aaf7D457eFCF","https://x.com/plutoh/status/2094932895479291829","","2026-09-04T21:20:58.000Z"
"pluton7","0x97A58Fd79a60742DcDeDEf152Ad4312C25B33324","https://x.com/Pluton7/status/2095601034590716518","","2026-09-04T21:15:50.000Z"
"poets9177","0x304B3BAF0f3e18c76B6d3Ef51b00b7eb86Ed1bd3","https://x.com/poets9177/status/2095970442377117712?s=20","437","2026-09-04T20:21:30.000Z"
"pokkynakano2nd","0x25eB788199C064Bb4f5aDce5396C506d85a1c399","https://x.com/pokkynakano2nd/status/2095988567621476488?s=46","461","2026-09-04T21:33:42.000Z"
"pokrek","0xd5ac1109c28508c22F6A85b806625275C57A5717","https://x.com/Pokrek/status/2095044750620174256","","2026-09-04T21:19:47.000Z"
"polashpaul218","0x37335F7C07f5d1a7c8Fb29a044e99680864d8720","https://x.com/polashpaul218/status/2095994597877121359","470","2026-09-04T21:59:15.000Z"
"poligunda","0xFe2aA6624dAbB4ADC70A43937A1Cdf5652BDF18B","https://x.com/Poligunda/status/2094904150884611388","","2026-09-04T21:21:35.000Z"
"polli","0x86e191836D3056963BC75E0e17365EBb6C94485f","https://x.com/polli/status/2095449678389142665","","2026-09-04T21:19:53.000Z"
"polmoeye","0x04a56Dafb85F443B7a54479AA670d78AD72410B4","https://x.com/polmoeye/status/2095280639910585588","","2026-09-04T21:19:01.000Z"
"poman","0x7A97d0c332A672EEd14e3Fe09A079076AD149fe5","https://x.com/poman/status/2095906625978854921","","2026-09-04T21:18:42.000Z"
"ponzipolice","0x48898aEDd490F4b431415703007A7Dd8a24ce9DE","https://x.com/ponzipolice/status/2095709570860482795","","2026-09-04T21:20:41.000Z"
"ponziscam","0xceeE5e2b8C51699a0B7711aca4238d6347cD34Bb","https://x.com/ponziscam/status/2095336202652984630","","2026-09-04T21:15:06.000Z"
"pooriakhp","0x037449f9A45A80D421085E929EE1D36FBe287F2c","https://x.com/Pooriakhp/status/2095660517155404666","","2026-09-04T21:15:43.000Z"
"poppinwindtw","0x01b6e97865B6f835442CcE7440c1C73865Ed9F0e","https://x.com/poppinwindtw/status/2095448572016754179","","2026-09-04T21:20:23.000Z"
"potatochip","0x7d8982fD451D0Cef8d81527befA8b3b1b7938EE0","https://x.com/PotatoChip/status/2095492884609591391","","2026-09-04T21:18:20.000Z"
"potison4ik","0x6b4F38F577ABb4e7a86cFe2eD0c2EE574E8DFDAd","https://x.com/Potison4ik/status/2095532150436371545","","2026-09-04T21:21:29.000Z"
"powerful","0xd1D0D6c6fD38ea2d69fCbE048Dab5383c64e0177","https://x.com/powerful/status/2095908643332217752","","2026-09-04T21:16:38.000Z"
"poyol161001","0x278024DF49AA041E6894852b6e3Cf42c0120fe2e","https://x.com/poyol161001/status/2095884996217356465","256","2026-09-04T14:42:38.000Z"
"ppkk473","0x9d41fc664Dd79CEcB4f1567059630AA5D4FC4eB5","https://x.com/PPKK473/status/2095305799027136221","","2026-09-04T21:14:04.000Z"
"prabal10","0xb17bBc615A80b6d1dE95Db863dcbAf1fB118eA61","https://x.com/prabal10/status/2094941308089176003","","2026-09-04T21:17:03.000Z"
"prabathlas80972","0x8cbcEbfa785b4c39c6aa9E04410F696E11F7dc89","https://x.com/PrabathLas80972/status/2096066973415391269","509","2026-09-05T02:46:16.000Z"
"prad003","0x59f65B3bE23d5A4640D67d7718EF1632404447E1","https://x.com/prad003/status/2095826344536763159","","2026-09-04T21:15:56.000Z"
"pramodlegal","0x5350E5826fc7Bf672436775049231cc66fdb2E78","https://x.com/PramodLegal/status/2095881170504622542?s=20","237","2026-09-04T14:26:57.000Z"
"pranav","0xa3408eecbBcEbE04232cc2fe740Ffb2207A73C4e","https://x.com/pranav/status/2095300775951307632","","2026-09-04T21:19:48.000Z"
"pranjal","0x731DcAAbAd10b4108aC5c906D334583145Cb3d60","https://x.com/PRANJAL/status/2095664764296465859","","2026-09-04T21:17:39.000Z"
"pratik284","0xb6730Fe1Aba26BD6b4D960Da193aF04f878eaC96","https://x.com/pratik284/status/2095589458916844354","","2026-09-04T21:16:31.000Z"
"praveen12","0x8661a0bA86692f010FAC811317707C659768a2e4","https://x.com/Praveen12/status/2095530530681899134","","2026-09-04T21:16:56.000Z"
"prime","0xA264Bb6B65B5f230F6B4C77e46317eab8Fb81333","https://x.com/prime/status/2095848122461198044","","2026-09-04T21:14:04.000Z"
"prince134266","0x86571CabF7045817E80521160Aa1E248EF9282CC","https://x.com/Prince134266/status/2095034235407455003","","2026-09-04T21:14:09.000Z"
"princessa_linda","0xEFF4eAc0E5247eAB113164adD913244fdD42CEAF","https://x.com/Princessa_Linda/status/2094984406532843500","","2026-09-04T21:15:18.000Z"
"priy4nshu","0xCf69CeB9f89281EFCc71E535715974f18B573Db7","https://x.com/priy4nshu/status/2095191348122152291","","2026-09-04T21:19:45.000Z"
"priyadarshini","0x49dde2F2E95B6e62d8fC927fcb8209D7d2b55222","https://x.com/priyadarshini/status/2095011809205184719","","2026-09-04T21:18:37.000Z"
"priyag","0x40381C7DfEb3e4B64DA3aFbf61b69dc2ed933c27","https://x.com/PriyaG/status/2095356027436755336","","2026-09-04T21:18:08.000Z"
"priyankaoff","0x00Db57B43B8354208e78E6026B671F2970cCdae3","https://x.com/priyankaOff/status/2095221998697949008","","2026-09-04T21:15:45.000Z"
"probin","0x5b366be4dc73ea67E8d6dB39F3528f60aA1f69f3","https://x.com/PROBIN/status/2095529825799965034","","2026-09-04T21:16:37.000Z"
"prok27","0xF7CbD0bD22F13f77B4ecaB5C664908A5F691e28d","https://x.com/Prok27/status/2095712740847306218","","2026-09-04T21:19:34.000Z"
"propav","0x2E1bF8986508d3357c770c6eA4C5f64c3886db32","https://x.com/Propav/status/2095797703399665046","","2026-09-04T21:16:02.000Z"
"prophetphoenix","0x89dD3D3f03Fac8939Ed6d154205f96c7197D4df0","https://x.com/prophetphoenix/status/2095925569409770768","","2026-09-04T21:17:28.000Z"
"prosasga","0x46411efD063b1b53439Bfc8474Ba8AD40F68ab4C","https://x.com/ProSasga/status/2095888693592547741","269","2026-09-04T14:56:52.000Z"
"protopioneer","0xFF24fD3750Dd1089702b6031f377ce6728c0bf23","https://x.com/ProtoPioneer/status/2095387062454700625","","2026-09-04T21:18:35.000Z"
"provikid","0xB3E62d8E99C912dD8885D8F3B8d6C0d12b8607eE","https://x.com/Provikid/status/2095655228767052314","","2026-09-04T21:17:09.000Z"
"prsneaker","0x34cC126EF08787C79804e9684B86E0990bAF6589","https://x.com/prsneaker/status/2095089223785857525","","2026-09-04T21:15:18.000Z"
"puffxj","0xAcB958C6658537A9e0A5c1F769533c5EdB8f4a54","https://x.com/puffxj/status/2095424575600605111","","2026-09-04T21:20:51.000Z"
"pulebedev","0x9DA4e3D28335ea5a37CA36ca8a360669c8f8A54b","https://x.com/pulebedev/status/2095826703333516272","","2026-09-04T21:14:16.000Z"
"pulthach12","0x195D981d7aD2a4B98880F9Cf5BE9E8E1E8cEcA89","https://x.com/pulthach12/status/2095326689266923144","","2026-09-04T21:16:37.000Z"
"pumpdhashii","0x5627aB6C22dA23aa5B74d5893b30721E052626E7","https://x.com/Pumpdhashii/status/2094929146816009879","","2026-09-04T21:14:25.000Z"
"pupupohap","0x911b23461Ae808888a8C176d19bD9247E3261c9E","https://x.com/pupupohap/status/2095696656465782314","","2026-09-04T21:20:19.000Z"
"pure_bear","0x3e2e053784DA3Ed8e71Fb672Dfd438442889f3DD","https://x.com/pure_bear/status/2095544678251545699","","2026-09-04T21:17:20.000Z"
"pure_captain","0x77C468732f5f06f38800c8a4F270C7421DC7ADaF","https://x.com/pure_captain/status/2094937079449429579","","2026-09-04T21:18:41.000Z"
"pure_moon","0xCd8B948F08Eac126c0c0cC05d133Ba4041820465","https://x.com/pure_moon/status/2095350261761369260","","2026-09-04T21:16:24.000Z"
"purechaosenergy","0x2c4d892121b1DB129BbF79EC7EAbCBc4db6562Ae","https://x.com/Haunting_Hoods/status/2095895534615904498?s=20","531","2026-09-05T03:55:50.000Z"
"pureraven","0xeB91fd32ced4d228f64E68139E9705248d192d09","https://x.com/pureraven/status/2095553974279228000","","2026-09-04T21:20:26.000Z"
"pushdabutton","0x9B84dC48a7609A0c818444f76F390DC1caFd6343","https://x.com/PushDaButton/status/2095938383051728660","","2026-09-04T21:15:53.000Z"
"putriangelina_","0x688D07959e8404D8572975e1118Ca0A2221aB02A","https://x.com/putriangelina_/status/1","619","1788588339950"
"JackCrypth","0xBdA1d87fCfAB27759B4d6466f85407ED14eeA32E","","10","2026-09-03T22:09:19.000Z"
"Derachukwu__","0x5369e8002745eD5A041F20a5D363aC0B63428A16","https://x.com/derachukwu__/status/2095855438986174857?s=46","199","2026-09-04T12:44:44.000Z"
"patricia43wx0","0xc0b6CA9Ef77A62A26578F13096cBf02e3D3d4e21","https://x.com/patricia43wx0/status/2092595829889040385","","2026-09-04T08:58:00.000Z"
"qaaba","0x01fAbF3B9cc67ad8770508a48C87C07282aFEB5A","https://x.com/Qaaba/status/2094974372778903704","","2026-09-04T21:17:09.000Z"
"qalinat","0x77ba647929a9d7962e7c30b6b7a1da91c4865cbb","https://x.com/QalinaT/status/1476609984997691400","600","2026-09-05T05:59:04.000Z"
"qazzaq","0xa690F3981D4D1fe060124879257B635920213dcC","https://x.com/qazzaq/status/2095020288433236049","","2026-09-04T21:20:56.000Z"
"Quan270905","0xd9a025606c547c0060a754bf4f3b062780aa64ec","https://x.com/Quan270905/status/2095798471785885761","77","2026-09-04T08:58:11.000Z"
"qingfen","0xd39f9671F68B2c797d39720793C0885ab524412C","https://x.com/qingfen/status/2095222962798648724","","2026-09-04T21:15:14.000Z"
"qiun","0xc8CE914c6Be6154baf740D4763CfCbE4fBAda70b","https://x.com/qiun/status/2095907294872803846","","2026-09-04T21:20:54.000Z"
"qrsofficial1","0xD6716cEa9cc43E47CAE53C05CE8a1e3d50b038fd","https://x.com/Qrsofficial1/status/2095586802827263531","","2026-09-04T21:17:58.000Z"
"qsfsf","0xC49794d689f58bc8baA104131933c0A2c673988F","https://x.com/qsfsf/status/2095205973579557712","","2026-09-04T21:17:19.000Z"
"qtee","0x1a42bdc71C6e39Fa85b3e34736dcE272AdC4c9aa","https://x.com/QTEE/status/2095887694063887809","","2026-09-04T21:15:50.000Z"
"quacam","0x9C6433731B93591C5b743448bADE06Ae32b3aA7d","https://x.com/quacam/status/2095422180934056223","","2026-09-04T21:19:08.000Z"
"quangbui6789","0x0a912228e94dE80BEb2a8f3d3C1688E5Fa1742CE","https://x.com/quangbui6789/status/2095955607046930121","","2026-09-04T21:14:18.000Z"
"quduoduo","0x1647b911d3cd40557095B080aA2821BCDA479Ab7","https://x.com/quduoduo/status/2095068200836432298","","2026-09-04T21:20:06.000Z"
"quenas7","0xcDbB84A31a9c8BED4015Bb7178C9e5905a005A8d","https://x.com/quenas7/status/2095324262153479252","","2026-09-04T21:19:21.000Z"
"quiet_ash","0x4fb18dF9bceF6dF74BBc69253488103B890D491D","https://x.com/quiet_ash/status/2095586364709246782","","2026-09-04T21:19:40.000Z"
"quiet_frost","0xa1b27c9a5f07ceb037DCF43B67a1f7B0369B40c0","https://x.com/quiet_frost/status/2095335011584512625","","2026-09-04T21:18:13.000Z"
"quiet_lantern","0xd6f10129FEf7abac7004B4228398eDb41D5bF536","https://x.com/quiet_lantern/status/2095185671100668979","","2026-09-04T21:20:23.000Z"
"quiet_mage","0x60b0FEA6F629F74ba316Ed38a9703Ab38D58603F","https://x.com/quiet_mage/status/2095308518729171101","","2026-09-04T21:17:56.000Z"
"quietpanther","0xbcaae9E1782058526bA6ff97b92b1e429345810b","https://x.com/quietpanther/status/2095931978197007739","","2026-09-04T21:21:06.000Z"
"quietscribe","0x2F15bfE9182B1171F2A495Bd41354299DEfcda85","https://x.com/quietscribe/status/2095318950064530244","","2026-09-04T21:19:56.000Z"
"quinlee","0x34d7C938b98AC98900f39Ec5fA0298fB2FBE2D52","https://x.com/quinlee/status/2094960119835208169","","2026-09-04T21:14:23.000Z"
"quinleen","0x7d60140120Bd081205a7298b70a91B2821b379E4","https://x.com/quinleen/status/2095673850321261434","","2026-09-04T21:16:40.000Z"
"quixotickid","0x97ACc8410b190b6ebcF3dd49865782a147479C31","https://x.com/quixotickid/status/2094968067352827736","","2026-09-04T21:16:12.000Z"
"quoc1","0x8E8D200e239f173F009e47777E561d04E8Ff3231","https://x.com/QUOC1/status/2095060875676556586","","2026-09-04T21:20:38.000Z"
"quocanh171","0x9e8C53305cB248c0b73526FE5f74B5660D776228","https://x.com/quocanh171/status/2095612490996510949","","2026-09-04T21:19:26.000Z"
"quoocsbaro","0x7a36ED7FCb43F7eb3118516a3D39b505A332f383","https://x.com/quoocsbaro/status/2095932805775377667","","2026-09-04T21:20:24.000Z"
"quraq","0x2e3F8E1E0e7bb124Af5928322FB512C9df63f7db","https://x.com/QuraQ/status/2095866900642016352","","2026-09-04T21:15:31.000Z"
"qutem","0xbBB207741611A43B68156D5a678EBc98c636036d","https://x.com/Qutem/status/2095740112216138127","","2026-09-04T21:19:32.000Z"
"quynh48","0xBF8388b5a3aAacc1BDab2767cbEDe73FF9608D9A","https://x.com/quynh48/status/2095418226631406311","","2026-09-04T21:20:08.000Z"
"qwer","0x3a2302D85c8dbDe96Bc8167aE1466D5133c6d5F3","https://x.com/QWER/status/2095184815735020978","","2026-09-04T21:18:27.000Z"
"qwertyjes","0xf7400B30043B588526889FB7B15174C80eE61ee6","https://x.com/qwertyjes/status/2095621267794619912","","2026-09-04T21:15:34.000Z"
"r0b3y","0x05A6d4333F58948AAA6fD1d99b8c8Ba364f4d6DB","https://x.com/r0b3y/status/2095578085681701706","","2026-09-04T21:18:23.000Z"
"jennifer64vj8","0x70B576340ce9F9EA0F01ee6a37DE1C10f9cdD132","https://x.com/jennifer64vj8/status/2092952581612503041","","2026-09-04T08:57:57.000Z"
"JesseButlelclb","0x0ea8202EeA62201d13eCFE04C4a15F7A14921F84","https://x.com/JesseButlelclb/status/2093538803405815809","","2026-09-04T08:59:16.000Z"
"rabbim","0x6342BFB854Da896A2B82eDfD7914bA3c4776ADe9","https://x.com/Rabbim/status/2095324980168372222","","2026-09-04T21:15:33.000Z"
"rabbit2140","0x05aDa75cae9ED7D1522EDD933821B8192dF29525","https://x.com/rabbit2140/status/2095058919757486922","","2026-09-04T21:21:22.000Z"
"rabbitmq","0xc9C4302ae67CF533D7e52a52AccB99a94Da39E7f","https://x.com/rabbitmq/status/2095752757491578530","","2026-09-04T21:20:00.000Z"
"rach44510","0x178798462e049098365c3e0623db04e1eee54517","https://x.com/Haunting_Hoods/status/2095895534615904498?s=20","530","2026-09-05T03:55:48.000Z"
"radihs","0x880Ba20fC14B869aBd86F4454226dA1C7c433142","https://x.com/Radihs/status/2095082062629002909","","2026-09-04T21:20:32.000Z"
"radityabz","0xE0D29a99552F9F10bEF6EDca3f8f1a870013380b","https://x.com/RadityaBZ/status/2095301977783555664","","2026-09-04T21:20:23.000Z"
"radroz","0xAEE2A185CcD6a42A36A25E12c818E1a94C3f9F6f","https://x.com/radroz/status/2095809770321897707","","2026-09-04T21:14:50.000Z"
"rafi55","0xF502C17ADF3AC108A03b5Ed1407806A2309896FD","https://x.com/rafi55/status/2095930671673512345","","2026-09-04T21:20:15.000Z"
"rafi7zz","0x9A88Cc24febBEa1D5fd5Fe816b2d10068eD71270","https://x.com/RAFI7zZ/status/2095784834535900002","","2026-09-04T21:16:15.000Z"
"raggarwal60276","0x5d1a4bc8A1209B23C0F6510A188077a494026610","https://x.com/RAggarwal60276/status/2095943153702646207","406","2026-09-04T18:34:03.000Z"
"rahmanzain","0xf685e680B070F092ca0f4ffC02Aa32eE7244d154","https://x.com/RahmanZain/status/2095687605416774848","","2026-09-04T21:14:23.000Z"
"rahul1406","0x66d1382202AAa4bD4Bdd96B8ba3Cf7a816c162b0","https://x.com/Rahul1406/status/2095076890378549970","","2026-09-04T21:20:13.000Z"
"rahull25","0x1804c5C64C2A2ADf28219bC999dB8637942802F4","https://x.com/rahull25/status/2095234105450670998","","2026-09-04T21:18:21.000Z"
"raizana","0xc4Db77af40B4170c477dE924b8B80e75c0C847E1","https://x.com/raizana/status/2095292960193882087","","2026-09-04T21:21:23.000Z"
"rajas","0xCD2AC6F0c6d62453e71b19278F940CCEcD87A106","https://x.com/rajas/status/2095856581660495469","","2026-09-04T21:16:37.000Z"
"rajkumarbhai","0xF11B8d81CFC7382ef29c65b297C32A1827e95eAa","https://x.com/rajkumarbhai/status/2094939130722132112","","2026-09-04T21:19:53.000Z"
"rajmansnz","0x5eeab2e6ad5b5a38f908D0190BFfD4dc98c61FDd","https://x.com/rajmansnz/status/2095883752123597164?s=20","251","2026-09-04T14:37:04.000Z"
"rajugu143","0xcdD18E8Ae6074723F4C6d844f965D34C96D60f84","https://x.com/rajugu143/status/2095768222693134345","","2026-09-04T21:17:55.000Z"
"rakibur2","0xD7aE65aE239E59f2c7D8957c838BDCCA98B57bd3","https://x.com/rakibur2/status/2095579096336515202","","2026-09-04T21:16:32.000Z"
"raman08","0x006b15bad0588cdd9B82b9f622a89ce6D888dB61","https://x.com/raman08/status/2095340628300256345","","2026-09-04T21:15:44.000Z"
"rana01","0x185779e535aA7537380015cB645f15aCBbCB453D","https://x.com/rana01/status/2095016853280858834","","2026-09-04T21:18:50.000Z"
"randiprohaska","0x3da122ECE25860abAa48596cd2668a81A7856E0F","https://x.com/RandiProhaska/status/2095062832546380270","","2026-09-04T21:15:24.000Z"
"ranger_ren","0xcf1C13A7De6F4c58d9b231D10E98a85Ea4501704","https://x.com/ranger_ren/status/2095431776722465299","","2026-09-04T21:18:47.000Z"
"rangerfrost","0x0Ff63fC0e55775F7d3A489211005C81BFB357C6A","https://x.com/rangerfrost/status/2095845884983157955","","2026-09-04T21:15:18.000Z"
"rangerknight","0x3ec33af44eeCb277e75c04c0fF7f02a908c53d18","https://x.com/rangerknight/status/2095357842207193152","","2026-09-04T21:16:49.000Z"
"rango","0x5e2cA3E51E89407Aa027A8c8a5960Fb0f370B1bc","https://x.com/Rango/status/2095064892076197419","","2026-09-04T21:17:42.000Z"
"rangoli","0xADC4e9ba3c73a192ed219Eae8315062762f83eC5","https://x.com/rangoli/status/2095573012715142863","","2026-09-04T21:21:39.000Z"
"rani222","0x75e13CCf3FC104861c7C59eF7FCAC9cc2d37b401","https://x.com/rani222/status/2094932547296811777","","2026-09-04T21:17:12.000Z"
"rani992228391","0xFCB68fb5a20A61a57d2F13c909ed191E0359fAE5","https://x.com/Haunting_Hoods/status/2095880792765497711","514","2026-09-05T03:09:58.000Z"
"rannnox","0x56cA41c53652Ce755fc518AFE135575ad47eea3e","https://x.com/rannnox/status/2095712377185191042","","2026-09-04T21:17:00.000Z"
"ranza","0x8a32B1E789629ee44fb05bb6a09AC938a27F0B3a","https://x.com/Ranza/status/2095082114770723393","","2026-09-04T21:17:10.000Z"
"raphh","0x84A3C8BEe0c9e10a78473cB5c1183bED76561B84","https://x.com/Raphh/status/2095710847695714033","","2026-09-04T21:17:41.000Z"
"rarrozaqu73172","0x9D7F1598320e14D320C5bb50A9B5d38347B8cDB1","https://x.com/i/status/2095906193185378607","320","2026-09-04T16:10:59.000Z"
"rashidnem","0x98bFAA34CFFAF97Ad1Ac25D0C872fb33aa8CE984","https://x.com/RashiDnem/status/2095274864882864215","","2026-09-04T21:18:20.000Z"
"rastad","0x6B214af3391882c2b399562aa4a3A874ede26eE0","https://x.com/Rastad/status/2095151898045978347","","2026-09-04T21:17:53.000Z"
"rasyaaa2122","0xA4bE994D6d721734c48655231f43b121F4C90E63","https://x.com/rasyaaa2122/status/2096111812890759616","586","2026-09-05T05:43:46.000Z"
"ratihanggraeni","0x7F78FAc2fa5e24f6Cd9594Aa700A36FDF34e4653","https://x.com/ratihanggraeni/status/1","648","1788588426623"
"ratnasarix","0xCA0c4855DE8af9937C54A98B30EB2Ab3c3878dF1","https://x.com/ratnasarix/status/1","623","1788588351373"
"raven_ada","0x7c621a5E618b344D84E8F3ef56FBA381A10C63DA","https://x.com/raven_ada/status/2095217356932450193","","2026-09-04T21:15:47.000Z"
"raven_finn","0xFc13797A52cFb4fB1De607e425BAAd953Dd7293F","https://x.com/raven_finn/status/2095855917703446444","","2026-09-04T21:19:31.000Z"
"ravennomad","0xF4E2cC8572Eea2dFE178C2B6225c0C30EfE5dCB6","https://x.com/ravennomad/status/2095671376036373027","","2026-09-04T21:16:34.000Z"
"ravnica44","0x4E42C9a5B917FdF562Ae3EDde46026DB2067E062","https://x.com/ravnica44/status/2095014572990213991","","2026-09-04T21:16:59.000Z"
"raw_echo","0x77bD21eC9606947e04c06D6e014c9b988Ce04BF7","https://x.com/raw_echo/status/2095106364893625926","","2026-09-04T21:15:21.000Z"
"raw_tide","0xDfa987541EC65Caa5f83D0D3a82224fC0BB3327f","https://x.com/raw_tide/status/2095741602327950179","","2026-09-04T21:17:51.000Z"
"rawcipher","0xe9060Bf67Da71A8d9C6e322E416290c9F14e2ed8","https://x.com/rawcipher/status/2095361558514992704","","2026-09-04T21:16:05.000Z"
"rawmist","0x96CEA619feC642Fda2C11E000e1A805e0D71Cf6d","https://x.com/rawmist/status/2095204796847349388","","2026-09-04T21:21:01.000Z"
"rawoodsumiko","0x7201F364e9e7736d2e3d7b1caa4cAcCc6da69608","https://x.com/RawoodSumiko/status/2095601681810399213","","2026-09-04T21:15:51.000Z"
"rawsavon","0x68bE2568Ebbcf63195DB905725EC91D7AB0f3B7C","https://x.com/rawsavon/status/2095818679395063964","","2026-09-04T21:17:50.000Z"
"rawvortex","0x47de2811a6BA9b4F3b021fD0503A2F69388F748F","https://x.com/rawvortex/status/2094944297273429145","","2026-09-04T21:17:42.000Z"
"raykyo","0x3b28EbbEA0BBBC8A4b3Bd0434F4cDD6Ea5560B5F","https://x.com/raykyo/status/2095728521051602825","","2026-09-04T21:16:10.000Z"
"raym86735","0x71114BC94A334E7Ab28582cf08fB5074d5EE0Af2","https://x.com/RealDropForge/status/2095990914103849154","483","2026-09-04T23:12:10.000Z"
"raymarzerpa","0x4912517ce190BC1f77Ef7B28e775db5E0A65806C","https://x.com/raymarzerpa/status/2095684857949077680","","2026-09-04T21:15:46.000Z"
"rayrenaldi","0xf26281793659138E00223331b0aF3A934c8AD688","https://x.com/Rayrenaldi/status/2095120661801143966","","2026-09-04T21:15:31.000Z"
"rayyz27","0x5047A60134C0ca99D0fd528A33f7b310c6eE0c05","https://x.com/Rayyz27/status/2095912079362543782","339","2026-09-04T16:29:37.000Z"
"raza_masruf","0x9C2C207CCd4D40Fc44d4264DaB745C3775F4A938","https://x.com/raza_masruf/status/2095240044412858476","","2026-09-04T21:17:58.000Z"
"razumsv","0xaB9d137Ed5b3a0Ef734bBE92645b8a5d882201fD","https://x.com/RazumSv/status/2095516998701533636","","2026-09-04T21:14:34.000Z"
"rbd1924","0xa4095f44FC7A7c9f37ffe2B74635bb8946Db49D8","https://x.com/RBD1924/status/2095881051696685169","241","2026-09-04T14:27:22.000Z"
"real09","0x56E35945eB04D1677d33484d6A7Eba1AC20fe7D2","https://x.com/REAL09/status/2095685633328351773","","2026-09-04T21:20:39.000Z"
"real_legendking","0x724692DB7a35A14987d5cBBc27ea27145Ea29bA9","https://x.com/real_legendking/status/2095903735230677085?s=46&t=_Wklym7maeTYCLQ4mpKSGQ","314","2026-09-04T15:56:55.000Z"
"realdropforge","0x94F2Fee70cD52Dbe0B7998963561F60B0bd080EB","https://x.com/RealDropForge/status/2095990914103849154","464","2026-09-04T21:44:20.000Z"
"realmethod_16","0x93b134e6c479c25b3255009ade17b4ff7ce67c10","https://x.com/realmethod_16/status/2096031646801698904?s=20","493","2026-09-05T00:25:22.000Z"
"realworld","0x3793875FdD693D9d17fA366A5e592381D2CD63Bc","https://x.com/Realworld/status/2095011536297024549","","2026-09-04T21:15:00.000Z"
"reaper1","0x76729e55348EC23EB13FC04442F1DBF50243489e","https://x.com/reaper1/status/2095708879832229107","","2026-09-04T21:19:09.000Z"
"rebekn","0xd12F93Da034B404fE7480039c5dda07bF3FD362d","https://x.com/rebekn/status/2094904835626286256","","2026-09-04T21:20:04.000Z"
"red_lantern","0xB4480811e554Eca06BA172a253c84af3EE9b5DD9","https://x.com/red_lantern/status/2095246475809096424","","2026-09-04T21:14:22.000Z"
"red_monk","0xf60e8e9e0CF276Ec25c24ED1b25038A3Bc7eBF99","https://x.com/red_monk/status/2095115206641678539","","2026-09-04T21:18:45.000Z"
"red_oracle","0xA2C883b0096Cd2da7D05853e644847c572E1f2E6","https://x.com/red_oracle/status/2095470766778298671","","2026-09-04T21:19:05.000Z"
"red_owl","0xFE59B5973Bc169a9cE23EbD3Cb48AE4D0e02cfAF","https://x.com/red_owl/status/2095681332903622638","","2026-09-04T21:19:01.000Z"
"red_spear","0x4737BAdE6ed4760D8f1e5f0C11758C345E80E42b","https://x.com/red_spear/status/2095444874080535107","","2026-09-04T21:15:27.000Z"
"red_wave","0x56d6D520e11C4cF311f7CE46b330bc17570aEB97","https://x.com/red_wave/status/2095151051059165921","","2026-09-04T21:17:41.000Z"
"red_witch","0xd773A40f238aa5564Bef58c3A9753ACC5677dBe0","https://x.com/red_witch/status/2095030202090334624","","2026-09-04T21:17:21.000Z"
"redbridge","0x198bdb18afED6095F45A78864e91050384b07D3a","https://x.com/redbridge/status/2095502583964125579","","2026-09-04T21:18:31.000Z"
"redcat","0xeE96Bb4373C523F750D8F8D3Aa4BC7Ab02D634a0","https://x.com/redcat/status/2094925018992499567","","2026-09-04T21:16:18.000Z"
"reddragon06","0x318AD15e955bbAD7e9638220b18ddBF1A6EeF70F","https://x.com/reddragon06/status/2095685700316342062","","2026-09-04T21:14:15.000Z"
"reddyyuko3226","0xA6cEfF8985f4030ec0863111316cEbc5073aFBd0","https://x.com/reddyyuko3226/status/2095007973423162408","","2026-09-04T21:18:04.000Z"
"redhawk","0xDf93B1B1B36e453Aade8bac8543E5fe660C09fCA","https://x.com/redhawk/status/2095489307266293744","","2026-09-04T21:17:26.000Z"
"redibis","0x3d68FF6282d45A1B212f78A2E13b2B796356d8AD","https://x.com/redibis/status/2095422958160470717","","2026-09-04T21:19:29.000Z"
"redm3366","0xb96962a860AC5925746f46EB8E74FC06Ef2434A2","https://x.com/REDM3366/status/2095359877389351044","","2026-09-04T21:17:27.000Z"
"redonnie","0x5B1C888a67885DEEeCd54199b73719273aaD2eB6","https://x.com/Redonnie/status/2095371555958035316","","2026-09-04T21:21:18.000Z"
"redrat","0x81ad2990A49E99e4685e4755d7b42F7FD86D4564","https://x.com/redrat/status/2095227548612921071","","2026-09-04T21:20:41.000Z"
"redraven","0x2e726335a12e21A523604160Ca5Dd94FbF428C40","https://x.com/redraven/status/2094963659680286534","","2026-09-04T21:19:55.000Z"
"redriver","0xfFA14ecc078b5AfbBE492A6F30CAa16dDA31fdAF","https://x.com/redriver/status/2095634524913187426","","2026-09-04T21:14:02.000Z"
"redsmile","0x055D11298D499CEdd5b7c73B2B16051378eeebA0","https://x.com/RedSmile/status/2095337203909150710","","2026-09-04T21:17:04.000Z"
"redstag","0x903fEb606d9845953ba43d096fd42E21A6645b84","https://x.com/redstag/status/2095123936332377060","","2026-09-04T21:18:16.000Z"
"redswan","0xdF2dB20f6F3173846b2c6a04bC8Cb63639928f02","https://x.com/redswan/status/2095111197522230337","","2026-09-04T21:14:36.000Z"
"redwolf","0x3A52bDB4C7b7aB60908a6DA0926f8B874DE8EeCb","https://x.com/redwolf/status/2094993053341551004","","2026-09-04T21:15:05.000Z"
"redxhunter","0x2e87C0659A14306C31B276E02f0D7c5ECC8dB741","https://x.com/RedxHunter/status/2095890666241062624","","2026-09-04T21:21:03.000Z"
"reed_moon","0x61973b549F9d4ebFA777Be0DbDd2De71c9F844e8","https://x.com/reed_moon/status/2095678866766476767","","2026-09-04T21:15:01.000Z"
"reed_sailor","0x5b68B2817fe82409C92C771313461b0ED721A42A","https://x.com/reed_sailor/status/2095132492292683914","","2026-09-04T21:17:52.000Z"
"reedash","0xA2cDEc88529691b7945317dd228bd8fb8f27BC08","https://x.com/reedash/status/2095091453672059438","","2026-09-04T21:19:52.000Z"
"reedlantern","0xC27C8efc5CD98d2Dd879d90630c07CCB840ED1D6","https://x.com/reedlantern/status/2095912287341951098","","2026-09-04T21:17:06.000Z"
"reem","0x6883e8E37839b31D5962f204602f7B95c2E8b3aF","https://x.com/Reem/status/2095444584881695196","","2026-09-04T21:20:47.000Z"
"reeves","0x610E0fAb470253918b7Aa73f083980402eC99875","https://x.com/Reeves/status/2095113006869781309","","2026-09-04T21:15:09.000Z"
"reeves09","0xc3eFc14F1e1B67443C0d0c5bE4A2085e6f89eCC0","https://x.com/Reeves09/status/2095629274849402868","","2026-09-04T21:19:28.000Z"
"regina_rere","0x40B93eD460087A74b066e3D6963f20accd8A9Ea0","https://x.com/Regina_rere/status/2095663668694252080","","2026-09-04T21:19:05.000Z"
"rehan4","0x1E9D409b262134326d7E68eA577d258847c3e312","https://x.com/rehan4/status/2095939709883315591","","2026-09-04T21:19:42.000Z"
"rehmanali","0x14475701DEb66343208eD82B9b3b636AE4e1573a","https://x.com/Rehmanali/status/2095110076120527328","","2026-09-04T21:19:49.000Z"
"reinayamada","0x3e95154636BB45b69335EBe97386FDE1879B39BF","https://x.com/ReinaYamada/status/2095232279013649829","","2026-09-04T21:15:38.000Z"
"releasejohn","0x89715840166f16A67F2d398CC2659C12E8a6851e","https://x.com/releasejohn/status/2094905965709105282","","2026-09-04T21:15:56.000Z"
"relicknight","0xEdF2063814dDe85D25C40952Aae477604814CE22","https://x.com/relicknight/status/2094980949670205650","","2026-09-04T21:16:04.000Z"
"remyhan","0x09bc3b9572e9BFAB17B1041C5225c4DDAd86d5ab","https://x.com/remyhan/status/2095090667562804901","","2026-09-04T21:14:01.000Z"
"ren_bear","0x8Bc5c3C8F3752198F7C078E2a3Ffebdc872df44e","https://x.com/ren_bear/status/2095428402847400925","","2026-09-04T21:15:23.000Z"
"ren_cipher","0x6D2F6be6272c7ce261a1E03eC1610E039eD4324c","https://x.com/ren_cipher/status/2095699794635272403","","2026-09-04T21:20:21.000Z"
"rendykurniawan","0xaDF28986Ec734D0cE408a3E1C14163B7DcA8FE73","https://x.com/rendykurniawan/status/1","652","1788588438144"
"reni02reni","0x08D531f9e27190Fed60dae66a81e150029dEd5Cf","https://x.com/reni02reni/status/2095003961734418150","","2026-09-04T21:18:33.000Z"
"renmist","0x47c84B5aa77f713eE0F5D263b7F52BfA99171d89","https://x.com/renmist/status/2095642455261049779","","2026-09-04T21:20:18.000Z"
"rennegade","0x133b16EfC2a2Ce72052A1F63800a08E4C4D42198","https://x.com/Rennegade/status/2095361779691971575","","2026-09-04T21:18:54.000Z"
"renshrine","0x5Af5B694cab0d466D0EB598202Da90cdFa4b446f","https://x.com/renshrine/status/2095269435630236136","","2026-09-04T21:20:16.000Z"
"renspear","0x1CA9344e14A9fD403228f41D9080bCE571D4a67A","https://x.com/renspear/status/2095956212076657131","","2026-09-04T21:18:54.000Z"
"renstar","0xd793aB556957312fD9Cf2114f27C7B7d0D774ebf","https://x.com/renstar/status/2095218661054608300","","2026-09-04T21:20:14.000Z"
"renzz","0xA4B335e75cd6AeF97E320467AF568A0DD3b2C8be","https://x.com/Renzz/status/2095279497289392314","","2026-09-04T21:15:21.000Z"
"resilientebtc","0x30c46588ba6927536d9522136F4Db47d50fa89C0","https://x.com/ResilienteBtc/status/2094940449662826151","","2026-09-04T21:14:31.000Z"
"retterxyz","0x1ed5b6b62f00461ad7adf4e03e90490161c0cc1a","https://x.com/retterxyz/status/2095954498649010532","420","2026-09-04T19:18:33.000Z"
"rexnear","0x070723BF5632a216C522d05f44F57ceE518659b8","https://x.com/rexnear/status/2095796667274883354","","2026-09-04T21:21:02.000Z"
"rextez","0x2fF9032fcD65783405f6B36452Aa05D00C330614","https://x.com/Rextez/status/2095114356258651314","","2026-09-04T21:16:28.000Z"
"rey_ghost","0x497768B9263212e528FC0aeDe9a4e90c8aB238F0","https://x.com/rey_ghost/status/2095258277712465829","","2026-09-04T21:16:19.000Z"
"rey_jester","0x0aCA87fB4E016CD580DD9700cB0B15BD9b852fa6","https://x.com/rey_jester/status/2095795893711294220","","2026-09-04T21:21:39.000Z"
"rey_mist","0x4F7b2a7B0D356a413F110CF818fC05EB9Dc56B88","https://x.com/rey_mist/status/2095075486726182721","","2026-09-04T21:19:44.000Z"
"reybear","0x14af3BdeB181087503D84fD0c940022525AbF52d","https://x.com/reybear/status/2095457584348963214","","2026-09-04T21:20:38.000Z"
"reydawn","0xDA603557cd1F3389113960835f83490Fcafc838c","https://x.com/reydawn/status/2094947312188891027","","2026-09-04T21:20:56.000Z"
"reyhawk","0xa8e71969E08529f0be7F685dcD7fB070eBbc61A6","https://x.com/reyhawk/status/2095075846498355678","","2026-09-04T21:20:04.000Z"
"reymist","0xDaCA6bBcFc8D6D37C2db38C90618400A8F81Cbd3","https://x.com/reymist/status/2095094270957750352","","2026-09-04T21:18:14.000Z"
"reywitch","0xC29c836DFba403eD9c2cd34abBbC9A1Da82479AA","https://x.com/reywitch/status/2095004983077429376","","2026-09-04T21:20:26.000Z"
"reza_rasta","0x2FF0Def1B4bf2107292F6b444Aac9410E74125A1","https://x.com/i/status/2095906391286538429","324","2026-09-04T16:10:59.000Z"
"rezadeli","0xdBA086d3Fd769C6859335ff146Cd03B423ECAc2A","https://x.com/rezadeli/status/2095127447527991861","","2026-09-04T21:14:23.000Z"
"rezavn","0x5eD5Bc312F1383aC6191088D499b99162D1b7dB2","https://x.com/rezavn/status/2095952400233438133","","2026-09-04T21:21:19.000Z"
"rezha","0x4b0D6428f0bdF4BA17c73bB89C737e70d1d613b2","https://x.com/rezha/status/2095455902025614587","","2026-09-04T21:15:13.000Z"
"rezlenv","0x16599FFDfaA22e94e9c91afF7142535534D1aCE9","https://x.com/rezlenv/status/2095791717637525639","","2026-09-04T21:21:15.000Z"
"rhixian","0x35b94BbFD06D3CEAe03d2e94e24d19f3024C1Bce","https://x.com/rhixian/status/2095675267637682107","","2026-09-04T21:17:57.000Z"
"rhsha","0x3190d6a1EF3153BC8f965F1dC3b3B51B8353381f","https://x.com/Rhsha/status/2094960920586373236","","2026-09-04T21:14:24.000Z"
"rhytmic","0xe5b36b3cC16D5380AE9d3bAa0cD893E9f3F4Dfdc","https://x.com/rhytmic/status/2095692942727926641","","2026-09-04T21:15:20.000Z"
"riachofu","0xB471F8d412Ac66970481bc220d76C969aA046cF2","https://x.com/riachofu/status/2095728484314530234","","2026-09-04T21:15:13.000Z"
"riaz_pak007","0xb599bc3dE8c86D9f0e643f3Fb68d10aAbFCc1F53","https://x.com/riaz_pak007/status/2095262152866981121","","2026-09-04T21:15:01.000Z"
"rich_blade","0x41b593Fd44fE01cFcEe520FCEf1Dd72F6Fcf364e","https://x.com/rich_blade/status/2095043288019074722","","2026-09-04T21:17:52.000Z"
"rich_falcon","0x6F102A69afe58471239e0a7CbFa8b91bC605AE3a","https://x.com/rich_falcon/status/2095928912036710351","","2026-09-04T21:20:28.000Z"
"rich_harbor","0xeCae24f264cd950A6CD4C1afdd1047cEeC4B670f","https://x.com/rich_harbor/status/2094984395013079573","","2026-09-04T21:16:15.000Z"
"rich_hawk","0xA926345738D9878772B6CA8D6967c168643503b0","https://x.com/rich_hawk/status/2095518614299026300","","2026-09-04T21:15:48.000Z"
"rich_hunter","0x708C2328c21892a9eb1F5214050023B4770624d6","https://x.com/rich_hunter/status/2095364410549264342","","2026-09-04T21:16:11.000Z"
"rich_knight","0x7f430350B00353739D264b36a2560056ea84B339","https://x.com/rich_knight/status/2095035510927937704","","2026-09-04T21:17:37.000Z"
"rich_owl","0x968d62272650b9A2884279C00c56b82d43aAC0DC","https://x.com/rich_owl/status/2095325890014744359","","2026-09-04T21:20:15.000Z"
"rich_prophet","0xbBD176d9f3286CbFf541608Fa9756f665a1C1ED5","https://x.com/rich_prophet/status/2095112876681451093","","2026-09-04T21:18:09.000Z"
"richard2024","0x7D0aEC54eeC97DbBd12F81c5c7aa7A46648a5fB8","https://x.com/Richard2024/status/2095933149596990292","","2026-09-04T21:18:36.000Z"
"richblade","0x90DF0Df236058B791a442Fdf2A43Fa0f4fC76d02","https://x.com/richblade/status/2095852773165330627","","2026-09-04T21:20:40.000Z"
"richieboy","0xcc1aDB287B0728770fF586f2d173449bD8273541","https://x.com/richieboy/status/2095423790604544387","","2026-09-04T21:15:49.000Z"
"richjoker","0xEcb2d3e35fc9e8FD5BfCbE682ec8D629685f15a7","https://x.com/richjoker/status/2095059471855859782","","2026-09-04T21:19:15.000Z"
"richknight","0x60ecC043227946AcfE6E08Ab007a2C95D842CFB6","https://x.com/richknight/status/2095681409492174884","","2026-09-04T21:20:06.000Z"
"rickygg","0x23977141DeA2C703A50b7f742Cf2Dab6E3C2E3A4","https://x.com/RickyGG/status/2095927046945505126","","2026-09-04T21:20:18.000Z"
"rido","0x83dFAeB108F0641B215d64e05Ca32989f606eD96","https://x.com/RIDO/status/2095581901139768346","","2026-09-04T21:16:28.000Z"
"rido1","0x55eFd95FD19606d685ecEb26DDF1C078D19a0b56","https://x.com/RIDO1/status/2095132081550474814","","2026-09-04T21:21:30.000Z"
"rido3","0x3383090d9E9ec5c33F3a463181FF2BF7680f7047","https://x.com/RIDO3/status/2095316360636843231","","2026-09-04T21:15:20.000Z"
"ridokid","0x15DAA99D4b3c235047B8fCE03635513AB9F49712","https://x.com/RidoKid/status/2095834067229077893","","2026-09-04T21:17:40.000Z"
"right4","0x5D3DaE04026d23E8eaDa1515f554D5BB5b6aE7fE","https://x.com/right4/status/2094960528672532093","","2026-09-04T21:21:07.000Z"
"rijulraj456","0x883900F73788658f435AC3C0CC77f076233AbEfB","https://x.com/rijulraj456/status/2095419173872756825","","2026-09-04T21:17:22.000Z"
"rike","0x5f9CD0450A3F3484456Df3fCF6046171D49Fb674","https://x.com/rike/status/2095429550392136818","","2026-09-04T21:19:26.000Z"
"rikibrilian","0x82E8141e50E3ff930E13D3287EA574c5b41cD900","https://x.com/rikibrilian/status/2095224443837084842","","2026-09-04T21:20:35.000Z"
"rikosaputra12","0x90Ef493825Fe7740A364aaf8117523A5BAa9d419","https://x.com/rikosaputra12/status/1","630","1788588373108"
"rinku","0x68FE1854c63238C927457734687d2397221026Ca","https://x.com/Rinku/status/2095938031730004943","","2026-09-04T21:17:09.000Z"
"rioshi","0xdaC9f424878169740834160Ff3457bE4f207071e","https://x.com/Rioshi/status/2095680496165286009","","2026-09-04T21:18:26.000Z"
"ripe","0x6832ff19a28ee83c5dabd1c5f555b599554d8e57","https://x.com/RiPe/status/2095762516272050312","","2026-09-04T21:14:07.000Z"
"rippstellar","0x8AfcbE2d29326cCf2Ba5cDa3dBA9E684D211a694","https://x.com/rippstellar/status/2095980688319629124","","2026-09-04T21:15:00.000Z"
"ripxo","0x28Ef0405293c48cFFBC84a4394C8AF96ef66A958","https://x.com/RIPxO/status/2095933152287794996","","2026-09-04T21:18:53.000Z"
"rischa","0x6b99C795DA8e2E279e60fA2Ec8F1d09026Fc317A","https://x.com/rischa/status/2095436652380942503","","2026-09-04T21:20:52.000Z"
"rishabh86","0x099E0600F630530580A40290AAef8742a5E5fa41","https://x.com/Rishabh86/status/2095901551382000643","","2026-09-04T21:16:59.000Z"
"rishu27","0x8F5c25C623727d0c8c9133b4BF6B3a9eA478a74E","https://x.com/Rishu27/status/2095632302420683057","","2026-09-04T21:15:41.000Z"
"rising_fox","0x681A2B5F15Cb27e5a7bd1e2fC3e340f1a749Eeb1","https://x.com/rising_fox/status/2095860737608338346","","2026-09-04T21:17:52.000Z"
"rising_lion","0x4D4292c334213384Ff0bb8066461D62124a962FC","https://x.com/rising_lion/status/2095058504842478152","","2026-09-04T21:16:35.000Z"
"risingbear","0x1b201d4997DF741472CB8d9259a9Be5B53cB6aD9","https://x.com/risingbear/status/2095012694935445022","","2026-09-04T21:14:56.000Z"
"risingmonk","0x5F6F0f3Fc366202ba0b5e6e989739F06B9220f9b","https://x.com/risingmonk/status/2095518782523127629","","2026-09-04T21:19:37.000Z"
"risingraven","0xa085F2D2a1c2aeD8b09DAb96954B2996aA8494fb","https://x.com/risingraven/status/2095311450271023560","","2026-09-04T21:17:32.000Z"
"risingstars","0xbDeb8E73AE0d995cF22927c20fBeAFa16ec486a7","https://x.com/RisingStars/status/2095068626144740755","","2026-09-04T21:19:04.000Z"
"riskirp","0x8a3486D4eBb994E5fE126cf49274e5aC2E143952","https://x.com/riskirp/status/2095211171616746244","","2026-09-04T21:19:15.000Z"
"ritm","0x90b6A6bCb370605938ac8209EE3662926115e8F2","https://x.com/ritm/status/2095443472733701414","","2026-09-04T21:18:36.000Z"
"river_theo","0x41C3671e9C63d42215Cc7ABAa805429D5B811665","https://x.com/river_theo/status/2095762756948673504","","2026-09-04T21:18:27.000Z"
"riyanpratama","0x1e319f07A07426116FC2782956BC9e4439c8b3ce","https://x.com/riyanpratama/status/1","658","1788588456492"
"rizaaaaa","0x0659a6aF6AadfD92F650668E4699bC6e21eD5869","https://x.com/RIZAAAAA/status/2095929128511314243","","2026-09-04T21:16:49.000Z"
"rizaldimas12","0x6831661bbE997D5C509f8Ad0b231DD527179A77c","https://x.com/rizaldimas12/status/1","611","1788588316208"
"rizax_fauzi","0xf7861C0efEBE8a0f8bA2F465f392168D4A3b0a56","https://x.com/rizax_fauzi/status/2095894058959098222","292","2026-09-04T15:18:08.000Z"
"rizkipratama99","0xeAB60782166a21cD880A35B3e1E727B7210868eD","https://x.com/rizkipratama99/status/1","618","1788588336809"
"rizwanansari","0xd0A99D122A8DC7FD50A5909F25Ed74D1A9DEF5a1","https://x.com/rizwanansari/status/2095844978232442720","","2026-09-04T21:18:05.000Z"
"rkaay9","0xe53a62ca69a7f665b382e079949fa94e5206e048","https://x.com/rkaay9/status/2095899742593257685","308","2026-09-04T15:41:13.000Z"
"rkcsc","0xfA44795DC0101172d82aB5d620Ac8E9b2E23057f","https://x.com/rkcsc/status/2095211158747793805","","2026-09-04T21:19:01.000Z"
"rking","0x261E53dBe25Cf38770d0EA167A4C17282256b963","https://x.com/rking/status/2095015805395866079","","2026-09-04T21:17:20.000Z"
"rlytrue","0xBA7e827aa4f68E24aDa5145Bff7904b1073F2044","https://x.com/Rlytrue/status/2094967134895765540","","2026-09-04T21:16:14.000Z"
"rmb18","0xe71f59fdE0849c16287f793f6DF038F3eB5F6C81","https://x.com/RMB18/status/2094983015227571180","","2026-09-04T21:21:26.000Z"
"robbyrobertooo","0x497dAA833faa172498c5f201647FEF898d3B041B","https://x.com/RobbyRobertooo/status/2095672902734787237","","2026-09-04T21:17:18.000Z"
"robbyzzz","0x474F1F44e86E7Fb67E8a90231b4c47C863E78f74","https://x.com/Robbyzzz/status/2095847473988982424","","2026-09-04T21:21:35.000Z"
"robinhood21","0x72a99bBA7B6e96D5e5E8Cc1917436d9fa44333EC","https://x.com/robinhood21/status/2095395312558308519","","2026-09-04T21:16:36.000Z"
"rocka","0x80a35305DfF97948526186ACd0406443F538145b","https://x.com/rocka/status/2095041244417946206","","2026-09-04T21:19:11.000Z"
"rocking_star","0xdE341dC62bc2aF63c17C5142256743b71cF1492a","https://x.com/rocking_star/status/2095070627890880100","","2026-09-04T21:15:16.000Z"
"rockytinh","0x030bba2DC4D51D690272d112E6AF406B2f3dbA11","https://x.com/RockyTinh/status/2095620395046405267","","2026-09-04T21:14:48.000Z"
"roge1234","0x4c4120F26Cc4B7088434a2c984bfa03b9C3a862a","https://x.com/roge1234/status/2095513014987938158","","2026-09-04T21:16:38.000Z"
"rogue_soren","0xc49D92Cf6FfC98230844689bd1B0d56929eBC22c","https://x.com/rogue_soren/status/2095920368648540110","","2026-09-04T21:18:20.000Z"
"roguepilgrim","0xf35a083dA9b8D6C8c01eBe88a3D07dD349d4d93A","https://x.com/roguepilgrim/status/2095926971280618346","","2026-09-04T21:21:26.000Z"
"rohan70","0x727Aba6Ac58eCca34f6031999f36852836462018","https://x.com/Rohan70/status/2095154613922794854","","2026-09-04T21:20:48.000Z"
"rohannft","0x02301d63dc997f9279F1aCF5f2A970F20E8a17dC","https://x.com/RohanNFT/status/2095950154376169069","","2026-09-04T21:15:09.000Z"
"rohit","0x67720c2E0AEBb832bA13A3Bf47393b12254BE44B","https://x.com/Rohit/status/2095277622664822255","","2026-09-04T21:14:45.000Z"
"rohit90","0xfBb567185BCec881c10b9DE890AcB158A6B975B1","https://x.com/rohit90/status/2095715432921512688","","2026-09-04T21:19:15.000Z"
"rohit_rj","0x59972E105679Ca5B98FE4464458a757666ACad2e","https://x.com/Rohit_RJ/status/2095266059352164825","","2026-09-04T21:18:42.000Z"
"roker","0x8089b83Aaa9C190721a7e3879B2ee90e8dC8181A","https://x.com/roker/status/2095786163613089104","","2026-09-04T21:18:55.000Z"
"rolex24","0x93bb6f6A0D1c28F027573ab5c3061bA48518e591","https://x.com/Rolex24/status/2095940788477895055","","2026-09-04T21:19:19.000Z"
"rollya","0x12aFDDadc50d798Dc0f4422F6C579f6f587cE9Fa","https://x.com/RollyA/status/2095514464112662755","","2026-09-04T21:19:05.000Z"
"rom_max","0x84898211f89490BfC440548034f9CBca844Bc570","https://x.com/Rom_max/status/2095856549797070284","","2026-09-04T21:20:58.000Z"
"romanul10","0x653Fca49DABb51bE88d8B4aC435Fc0b847A6e9Bf","https://x.com/Romanul10/status/2095895388083364196","294","2026-09-04T15:24:01.000Z"
"romario88","0x8F3CfD811Daf11061cd22028574A83Ec179BaDC3","https://x.com/Romario88/status/2095590059051468798","","2026-09-04T21:16:55.000Z"
"romasmirnov","0xFFeD6a1930bDAc1450D6AAEAaEf376E86f624980","https://x.com/romasmirnov/status/2095076184720442630","","2026-09-04T21:14:54.000Z"
"romme1234","0xeB1c417CF87bd5FD110fAd7C0122BDD7357B80f8","https://x.com/romme1234/status/2094995657425621462","","2026-09-04T21:19:50.000Z"
"ronaldo_31","0x76752f1F429AfaC56211997733f44De8685F1c36","https://x.com/ronaldo_31/status/2094970696933156995","","2026-09-04T21:15:55.000Z"
"ronboxmining","0xF8bf5936DE8a5Cb4017719Cfb1E3E13D3150E3AD","https://x.com/ronboxmining/status/2094979285768768614","","2026-09-04T21:21:27.000Z"
"ronnelsargesson","0x7F095111CbcF263BABd06D9C0874F1f98329762B","https://x.com/RonnelSargesson/status/2095688451453177880","","2026-09-04T21:14:41.000Z"
"rony85","0x0ed6f1f30D192b6E1c0Fe755427A65574BeA1923","https://x.com/rony85/status/2095941480160369551","","2026-09-04T21:21:20.000Z"
"roogue","0xe37AdfEc29AD645E9673829fB2518010b27B015a","https://x.com/Roogue/status/2095097104377585379","","2026-09-04T21:14:37.000Z"
"roop99","0xEb1Db72C733217841c3e58B2D84b5b1C88FE7b86","https://x.com/Roop99/status/2095468127339984985","","2026-09-04T21:19:12.000Z"
"rose_ash","0x429d47E430e1c809A2e9622C6bd9c8436EcAC259","https://x.com/rose_ash/status/2095265011734332491","","2026-09-04T21:18:33.000Z"
"rose_blade","0x4D2f70De5113FB486d32f644A612865DC826138D","https://x.com/rose_blade/status/2095309335986248767","","2026-09-04T21:15:23.000Z"
"rose_compass","0x84712e759c3A1cD20f938108590Ed24966740695","https://x.com/rose_compass/status/2095744267789274180","","2026-09-04T21:15:02.000Z"
"rose_dawn","0x9A9FB6c3Fa184F00454fbBfa8928857c5f1657C2","https://x.com/rose_dawn/status/2095183329384609080","","2026-09-04T21:17:24.000Z"
"rose_moon","0x6e699c5a30C3af5bd136f891A8a5D58816Df809A","https://x.com/rose_moon/status/2094990075218562253","","2026-09-04T21:17:02.000Z"
"rose_panther","0xbAD80eD3DeA2e12aCf95599504C14b9cD9Af60f6","https://x.com/rose_panther/status/2095378479221994829","","2026-09-04T21:20:26.000Z"
"rosecat","0xCC14adBE802d6f12810Dd1E972D06c90E3C974B6","https://x.com/rosecat/status/2095775921743901527","","2026-09-04T21:17:05.000Z"
"rosecrow","0xa8137Ba728F038675704B248aE1Ed27619AB93e8","https://x.com/rosecrow/status/2094981135994123507","","2026-09-04T21:16:52.000Z"
"rosedeer","0x317ddEA31967736BF43f8869f6722B83ff43325a","https://x.com/rosedeer/status/2094955563288603384","","2026-09-04T21:19:00.000Z"
"rosefox","0x3c3589e081096116A94F0DF8D52ff8229D5983a2","https://x.com/rosefox/status/2095776744726876399","","2026-09-04T21:21:14.000Z"
"rosehawk","0xbDA1448FCAD60C6B2727c8874E22114ed8DEE51B","https://x.com/rosehawk/status/2095817877165495219","","2026-09-04T21:16:52.000Z"
"rosekoi","0x1102BB871025C3a6aAa34F1EA00f9863a8424D67","https://x.com/rosekoi/status/2095721502887234706","","2026-09-04T21:15:17.000Z"
"roseraven","0x6ccaA4C574D34Ef2fb94fA4Df030cef04d7bF8e0","https://x.com/roseraven/status/2095089346284239170","","2026-09-04T21:15:50.000Z"
"rosestag","0xC99ea04B377d4fDf04d4bED1489F01d4E3D1108e","https://x.com/rosestag/status/2095449888722626815","","2026-09-04T21:18:22.000Z"
"rost","0xA5169676fB955Aa3e11843adf2e2919A7894cc8b","https://x.com/Rost/status/2095424180565737159","","2026-09-04T21:16:31.000Z"
"rough_tiger","0x6E776640154Bffc72c166557117b277044C937C5","https://x.com/rough_tiger/status/2095160254132923138","","2026-09-04T21:15:20.000Z"
"roughmoon","0x49F5100F9240CE32661B6d93976356Ddd51BB4EC","https://x.com/roughmoon/status/2095719318552761167","","2026-09-04T21:20:45.000Z"
"royal_moon","0xC9dEfFC41Cca232702671930156bbc5294427fD1","https://x.com/royal_moon/status/2095552908229065469","","2026-09-04T21:20:20.000Z"
"royal_rogue","0x1afD10100709884b9641662bcF861F0227DC3D2C","https://x.com/royal_rogue/status/2095552424741726923","","2026-09-04T21:20:32.000Z"
"royal_spear","0x82D453B24919A21312DdFdA44156c5c84CC807f2","https://x.com/royal_spear/status/2095460906048084191","","2026-09-04T21:17:24.000Z"
"royalbaron","0xEE7480ac2ea47AA799CDa33AcF9d745697CD7B36","https://x.com/royalbaron/status/2094917213236392469","","2026-09-04T21:18:09.000Z"
"royaldrifter","0xd61C5841FCad0C4e8C289Fc311Ea584aDA8d9CC6","https://x.com/royaldrifter/status/2095363152737696790","","2026-09-04T21:19:22.000Z"
"royalherald","0xd9F6Ef4aA2D6466AC62c2aD90f18729B23e135A6","https://x.com/royalherald/status/2095666352817524260","","2026-09-04T21:20:27.000Z"
"royalknight","0x2a3B76ed443bB483e068183547E67B704A44EA6c","https://x.com/royalknight/status/2095632198108918342","","2026-09-04T21:16:40.000Z"
"royalmist","0xe30CbFB74D520F091CCf02952d7C5E9c5e632Bb9","https://x.com/royalmist/status/2095736214367739866","","2026-09-04T21:16:19.000Z"
"royalscribe","0x4d6e3Ae6756E5c8593c8976657114a93c4c7670d","https://x.com/royalscribe/status/2094907317033238093","","2026-09-04T21:14:58.000Z"
"royalwarden","0x5bC4384753E48E53c78baF205cd08e821bed938F","https://x.com/royalwarden/status/2095558891900654127","","2026-09-04T21:19:24.000Z"
"royelzone7","0x059C8237696c4A08C2B541Ef1094D4ea60c6BEFa","https://x.com/royelzone7/status/2095925798373032039","375","2026-09-04T17:27:55.000Z"
"rozrx","0x5219E811F8C401969EA71B0282fDf7838b853E22","https://x.com/Rozrx/status/2095411196379204695","","2026-09-04T21:14:25.000Z"
"rprp","0x5ed7FCcc6f1A24e5d23eBda7A518b7221D2F470c","https://x.com/rprp/status/2095308657508101342","","2026-09-04T21:15:47.000Z"
"rrrr11","0x879f50092bae40700AF16CB189F17b9ca6b28aeb","https://x.com/rrrr11/status/2095488537158055309","","2026-09-04T21:20:15.000Z"
"rsaif5856","0x7f8691bd09b3F9B14cd73d7D438882a07d252E35","https://x.com/rsaif5856/status/2095891969423937223","","2026-09-04T21:16:30.000Z"
"rsvltn","0xff7809329d27544CB2c86cA5556d20a8162F60b0","https://x.com/rsvltn/status/2095510038868152272","","2026-09-04T21:15:38.000Z"
"rtgcf","0x5f14596AC97e78ac1aa0ccDeD364a67575070b0C","https://x.com/rtgcf/status/2095915460461693560","","2026-09-04T21:14:22.000Z"
"rtood","0x73870D0023d77eE506bf9FEeDA9e0048ff6546eD","https://x.com/RTood/status/2095034987210360971","","2026-09-04T21:18:42.000Z"
"rttjj","0x75849e85ab891A22aabAF0526eaf17D7c44fD65D","https://x.com/rttJJ/status/2095046266606862493","","2026-09-04T21:16:23.000Z"
"ruangnode","0xE4272EB0de02FA74169b99f17EdD3191752B1949","https://x.com/ruangnode/status/2095344685943245768","","2026-09-04T21:16:02.000Z"
"rubens","0x4b9bde23D5cf26D0B865eC438513A2036638d178","https://x.com/rubens/status/2095675604994592166","","2026-09-04T21:14:54.000Z"
"ruby_fox","0x8aAC3E79cE2E65C638354c23a00666337DF82557","https://x.com/ruby_fox/status/2094970858528109873","","2026-09-04T21:17:57.000Z"
"ruby_oracle","0x263a279Da9c9a2053E279d416313F6419b650B5e","https://x.com/ruby_oracle/status/2095399835880467743","","2026-09-04T21:19:19.000Z"
"ruby_owl","0x3eF7Db06349A9403E6C5675492ce3624409Eedaa","https://x.com/ruby_owl/status/2095632819039999470","","2026-09-04T21:16:18.000Z"
"ruby_prism","0x4736913da3d23A802Fa5b77AD81989AEd6c1A134","https://x.com/ruby_prism/status/2095949993958738255","","2026-09-04T21:19:23.000Z"
"ruby_raven","0x01E6586c09D9d67430396B960E278EdF4E0A0B42","https://x.com/ruby_raven/status/2095335039722655679","","2026-09-04T21:15:23.000Z"
"ruby_sailor","0x5D9ECc031318E3Aef22c50EfC88f54D38d1dD232","https://x.com/ruby_sailor/status/2095591704588765865","","2026-09-04T21:15:10.000Z"
"rubyhawk","0x90b3426e6E18f5772FB94498be300cADA59a39F3","https://x.com/rubyhawk/status/2095051511362261157","","2026-09-04T21:18:24.000Z"
"rubykoi","0x7Cfa17b72649E939D458AD94d9B366A0e3fca438","https://x.com/rubykoi/status/2095241896516740746","","2026-09-04T21:19:36.000Z"
"rubylamb","0xFDb6f8274A2AF624547306a68617955665FF23ED","https://x.com/rubylamb/status/2095675166907983368","","2026-09-04T21:20:23.000Z"
"rubyotter","0xB65E6a9BD9BEa99f9ceE4774a252123Fa46eB12E","https://x.com/rubyotter/status/2095296031353753950","","2026-09-04T21:16:05.000Z"
"rubyowl","0xDf5bd7a30a01AAAE145148e6C58Ab7906e91EdF4","https://x.com/rubyowl/status/2095445541534961003","","2026-09-04T21:21:21.000Z"
"rubystag","0xab7Dc85069F168b8F774d7B320Bd3bE5f48c17a6","https://x.com/rubystag/status/2095913986314426005","","2026-09-04T21:21:00.000Z"
"rubywolf","0x43eb30eeB323d879000aa0519c733F7966649Deb","https://x.com/rubywolf/status/2095680776178485997","","2026-09-04T21:21:15.000Z"
"ruchuchu","0x5Bf176aA6Bf6D0714b46393ddc8Ee3f9ca3Da8fc","https://x.com/Ruchuchu/status/2095423683568189031","","2026-09-04T21:18:08.000Z"
"rufath","0x110AB93e217fF46295A9cb3d542bb4ECb8C70B00","https://x.com/RufATH/status/2095181698335558340","","2026-09-04T21:18:53.000Z"
"ruhul7080","0x354e4B24D8F8adD4ae9202B65C323E25B374b4aA","https://x.com/Ruhul7080/status/2095902758747200798","","2026-09-04T21:20:22.000Z"
"rukhsani","0xdEe3bc8100fD36350655B1F15acf326154fe00c1","https://x.com/Rukhsani/status/2095345195106418876","","2026-09-04T21:20:10.000Z"
"ruliana","0x8EF956E7B09415B8F5115d28A2bc391e92DA962E","https://x.com/Ruliana/status/2095153641308985067","","2026-09-04T21:15:25.000Z"
"rumark","0x1259905aedcE3790C0B60AA1A3F71e0CF1970817","https://x.com/Rumark/status/2095948812376159198","","2026-09-04T21:14:49.000Z"
"rune_hunter","0x1882a5E5872d8dB4d84e176A32E58dB043b4Aa74","https://x.com/rune_hunter/status/2095697352027955067","","2026-09-04T21:21:25.000Z"
"rune_knight","0x09bceb2545C1ed93D6901BA51520D03E0437A8B0","https://x.com/rune_knight/status/2095219289781001351","","2026-09-04T21:16:20.000Z"
"rune_saga","0x3be53df0Fc9DfC3926F7483c43E6279d813d943C","https://x.com/rune_saga/status/2095859403079348917","","2026-09-04T21:14:03.000Z"
"runedawn","0xc2C32E113d0edbb3D401a5bfbe6a04339C0b610f","https://x.com/runedawn/status/2095978788270507983","","2026-09-04T21:17:50.000Z"
"runedusk","0xca85650e26df7d57369B417cc7685c2bc09C9c9b","https://x.com/runedusk/status/2095932653205742017","","2026-09-04T21:18:30.000Z"
"runeeclipse","0x1a3cf057458c914d9023B919DF7e7154131BF6e0","https://x.com/runeeclipse/status/2095915392671053868","","2026-09-04T21:16:42.000Z"
"runeember","0xcCE2DB9e85D194D4C112ADcA7501dE93430ca3Df","https://x.com/runeember/status/2094926068362397334","","2026-09-04T21:14:40.000Z"
"runeronin","0x01CB6F23948Cbb7F031EAF4d897f3d2D1405581e","https://x.com/runeronin/status/2095586892519522662","","2026-09-04T21:18:38.000Z"
"runiu","0x45c39DA89e7A0100AEA5730585a752ce09F4354D","https://x.com/runiu/status/2095892934869682974","","2026-09-04T21:20:41.000Z"
"running_bear","0x0FE96DBc0d774a03aeb066d1452a5Eda65C3D6Dd","https://x.com/running_bear/status/2095551485837407758","","2026-09-04T21:17:52.000Z"
"running_star","0x2B4BC87812F7b2e0B253F0BEf37b5a35A4B9277C","https://x.com/running_star/status/2094946024069993623","","2026-09-04T21:17:17.000Z"
"runningscribe","0x3DD29587678938Ac0819d7E7743E97E449B9fB21","https://x.com/runningscribe/status/2095481249443288838","","2026-09-04T21:14:32.000Z"
"rusanov","0x0fD787F56A34CDC59D850F997cc551DDdD0f5D70","https://x.com/RUSANOV/status/2094994036809247689","","2026-09-04T21:19:09.000Z"
"rush","0x28B3A727B2b677D4f00bE61F7724a989a3c7f6a6","https://x.com/rush/status/2095489105024232097","","2026-09-04T21:17:17.000Z"
"rusni_pizda","0x3f6CA8764B3415446Cb22D30196bD644678eE557","https://x.com/rusni_pizda/status/2095459352505759424","","2026-09-04T21:20:05.000Z"
"russam","0xfd2DD2B4806b5FACC3020A7C992d76B6D4AD901d","https://x.com/RUSSAM/status/2095138458238107741","","2026-09-04T21:17:11.000Z"
"ruteam","0x2CAc32c604aF83416939753cC83C5cF1d73C7b90","https://x.com/RUteam/status/2095868928651431300","","2026-09-04T21:15:37.000Z"
"ruwai9119","0x28da39088c6487e4162a78bec0E97F760758FF60","https://x.com/Haunting_Hoods/status/2095880792765497711","440","2026-09-04T20:29:05.000Z"
"rwai","0x88330c4305df34AB3487Cb67685C4c28b88d79B8","https://x.com/RWAI/status/2095202690862047363","","2026-09-04T21:16:36.000Z"
"rwstorm","0x1b02f0f705298a0145Bb7959f4004b4ebBd45c31","https://x.com/RWStorm/status/2095842814801575448","","2026-09-04T21:20:46.000Z"
"ryangaler","0xFde50246495C01D8d4ccEBBe8D40eBC685A7c95d","https://x.com/ryangaler/status/2095170779728366387","","2026-09-04T21:20:46.000Z"
"rycc233","0x10FfF86C844daE17428DC725422FaaF42E075C37","https://x.com/rycc233/status/2095351373430919961","","2026-09-04T21:14:25.000Z"
"ryo_migawari","0x07fD97bD1e4672a882303C4374090f21Ea214E6D","https://x.com/ryo_migawari/status/2095616158444714419","","2026-09-04T21:17:55.000Z"
"ryuken","0x491751a780F0CfDEcD5Dd1ea2EE30D63daa2FD04","https://x.com/Ryuken/status/2095035692353706469","","2026-09-04T21:19:48.000Z"
"ryuu_real","0xE0715f7B1181FEBacC01fa5CCa1B5595ac837610","https://x.com/Ryuu_real/status/2095967073232439973","","2026-09-04T21:18:08.000Z"
"rzed","0x976d47132De300494d3Ba3C26b0A9ddb3c6B2ba2","https://x.com/rzed/status/2095979212331070812","","2026-09-04T21:17:14.000Z"
"s1ms1m","0xF22ED906935489db05FB70B23310bB3697D2d150","https://x.com/S1mS1m/status/2095480620760742812","","2026-09-04T21:20:05.000Z"
"s1n0fgr33d","0x074466ee957880ce5cE1fAD9DEdeC8D954cAf335","https://x.com/S1N0FGR33D/status/2095675523921179498","","2026-09-04T21:19:26.000Z"
"s1ngle777","0x45F1A3033DF444875d5D9237CeaEda12cC1BE162","https://x.com/S1ngle777/status/2095118270784793705","","2026-09-04T21:19:54.000Z"
"lisa76zn4","0x6e5B78bc9773F4D2459C14AD2aaB526965202baA","https://x.com/lisa76zn4/status/2092833185548206081","","2026-09-04T08:58:30.000Z"
"SatuWeng63","0xE68df3D55Cd6edEb4D4Ed7f1b70Df2313Dbb2b4d","https://x.com/SatuWeng63/status/2095716781453463875","23","2026-09-04T03:34:04.000Z"
"denise18hl6","0x732b2CF38485992120ac0DfCe4bc8c78FD8F5aEe","https://x.com/denise18hl6/status/2092870899169492993","","2026-09-04T08:58:32.000Z"
"s_flash","0x07DE4240448e218cD8E93f04E6fb141160E08fd0","https://x.com/S_Flash/status/2095594150242201492","","2026-09-04T21:19:09.000Z"
"sa7cez","0xc33147376714499D013A11de832780f4fa913d8c","https://x.com/Sa7cez/status/2095715855928814154","","2026-09-04T21:20:39.000Z"
"d6tz5qxt","0x1BD7Baf31A87f714eBA128fd11D0EDB21C2BD779","","34","2026-09-01T00:38:40.000Z"
"saaho","0x32aDa94eE77df619dF91b75a5E96898BE5E840F5","https://x.com/Saaho/status/2095378843193138242","","2026-09-04T21:17:51.000Z"
"sacfa","0x1B5F7b6f5fF42ab26DcFc5c0E582c441b119597D","https://x.com/sacfA/status/2095688624576244687","","2026-09-04T21:18:47.000Z"
"sachin2312","0xf5797F75c2351d24bFe57a7EEA2d3E39b2DE85A0","https://x.com/Sachin2312/status/2095913628192173602","","2026-09-04T21:16:46.000Z"
"sachu","0x7e26a56Ec630FBb36D4bd293660860d1eb86DFE8","https://x.com/Sachu/status/2095799628848565453","","2026-09-04T21:20:01.000Z"
"sacred_raven","0xbdE2BaED1798d8bd3D92575D5DDb90d0D38801aF","https://x.com/sacred_raven/status/2095272276552874193","","2026-09-04T21:18:06.000Z"
"sacred_witch","0x61eacF722393d2a9a8E51E2d9527Fbc510448Ab1","https://x.com/sacred_witch/status/2095127678785108387","","2026-09-04T21:20:21.000Z"
"sacreddawn","0x6A2A64deAC788bDa030a6c324b1dcE150671a8BA","https://x.com/sacreddawn/status/2095395320954036406","","2026-09-04T21:16:02.000Z"
"sacreddusk","0xF6416715325309a3Fd4f7121c5b08CEbb3A53996","https://x.com/sacreddusk/status/2094938481601997991","","2026-09-04T21:14:26.000Z"
"sacredvortex","0xc5F43Fe922fa3c5C8714f8B7ef9d3653D689feA5","https://x.com/sacredvortex/status/2095872533202778669","","2026-09-04T21:21:12.000Z"
"sacredwave","0x0dcC1335478991647AEe6AE17e2d151F40566c1b","https://x.com/sacredwave/status/2095881753771756354","","2026-09-04T21:19:05.000Z"
"sacredwraith","0xD17825cE933504bfcCB0A9c7DA280BC488f1CCA0","https://x.com/sacredwraith/status/2095638110311091146","","2026-09-04T21:15:03.000Z"
"sadgemfer","0x88EcB46cBb38997c279cB9d49D53972A1900fe6D","https://x.com/sadgemfer/status/2095774729585600984","","2026-09-04T21:14:19.000Z"
"sadik770","0x512Ee1F87cCC803970e0E8D234e3eB366909cEc3","https://x.com/Sadik770/status/2095618537716086643","","2026-09-04T21:21:12.000Z"
"sadisusham84409","0xde378B6f2A7c132DB37d57DE3232B4f837513657","https://x.com/Haunting_Hoods/status/2095880792765497711?s=20","517","2026-09-05T03:27:52.000Z"
"sae3d","0x2f0FEcdaFc143A7447658b6849927F2AF3c19f34","https://x.com/Sae3d/status/2095217835421068936","","2026-09-04T21:16:08.000Z"
"safc","0x90a0AdFe2b9Aed932e08e3dd78adB62837fD5687","https://x.com/safc/status/2095824833448512071","","2026-09-04T21:19:33.000Z"
"sagar","0xdBe9a9B6616d458A20f376C0367Be473c9ad4aF1","https://x.com/Sagar/status/2095142697659015415","","2026-09-04T21:16:02.000Z"
"sagasamurai","0xf4F088D7E07a9ED2470263b2BB922236C09D15D0","https://x.com/sagasamurai/status/2095542493365469543","","2026-09-04T21:15:41.000Z"
"sagascribe","0xe082C4983905263695536Cac64cAf5AF5BAE6562","https://x.com/sagascribe/status/2095663161660651545","","2026-09-04T21:18:09.000Z"
"sage_june","0x6D34a7aA46f73e9A18970301896CB487Bbd1F86F","https://x.com/sage_june/status/2094978412937490136","","2026-09-04T21:16:17.000Z"
"sage_max","0xe9fbbd79e281B7EcDfB589F5017102c4f999c63E","https://x.com/sage_max/status/2094971935032751116","","2026-09-04T21:18:19.000Z"
"sageairdrops","0x96A05141A9AF464eDB09843c00871dD552083c4a","https://x.com/SAGEAIRDROPS/status/2095178482942699491","","2026-09-04T21:17:31.000Z"
"sagor345","0xbD2EE58403b9C7658A2575bf51F35CDE5E41336b","https://x.com/Sagor345/status/2095483794653795220","","2026-09-04T21:14:02.000Z"
"sahadisha","0x2607e4dF50685778B8Ce19c5bdB752519d6bEc08","https://x.com/Sahadisha/status/2095210181406307046","","2026-09-04T21:19:54.000Z"
"sahilshaikh9","0x948D958611868581b4367eFF4092F9271184640D","https://x.com/Sahilshaikh9/status/2095959756688780514","","2026-09-04T21:20:23.000Z"
"sahriyar","0x94a298E96C216846F35B6043fe83182Fe9beB64d","https://x.com/Sahriyar/status/2095159715445987717","","2026-09-04T21:17:30.000Z"
"sai1215312","0xe8ee208b1c58dc164ec2b6feea249012b75c8734","https://x.com/Sai1215312/status/2095959771501470033?s=20","428","2026-09-04T19:42:20.000Z"
"said1988","0xFB675A2bfB9FA589771093A0F3089b4FbF14D486","https://x.com/Said1988/status/2095757698196569103","","2026-09-04T21:17:39.000Z"
"saifulweb3","0xE76eB4A5B1DafFE7d3E7bd7Bce557f541704b9E5","https://x.com/SaifulWeb3/status/2095128093749751188","","2026-09-04T21:19:27.000Z"
"saintmagnumyumi","0x71a70c87feb377573e93c39797c075ad5bfc6736","https://x.com/saintmagnumyumi/status/2096004826199171297?s=46&t=n-882GSFMoWKK9RGLhk9aw","479","2026-09-04T22:38:34.000Z"
"saiponpon","0xbFc465DBeDa4ff92d62b8629F07457EFdeE4DC66","https://x.com/saiponpon/status/2095491308023768949","","2026-09-04T21:18:15.000Z"
"saisolana","0x3302e107989BCD6f857Ae6c87fC9d04132Cb4a45","https://x.com/SaiSolana/status/2095432956348576756","","2026-09-04T21:14:35.000Z"
"saitamaone","0x51e21FF1eD00db7E8A6600ECe1812d6EEDB0008c","https://x.com/Saitamaone/status/2095256500404129256","","2026-09-04T21:18:59.000Z"
"sajawal152","0x23a26ed03795e2c87df7186b0f1550626a552bf7","https://x.com/Sajawal152/status/2095945301463015735","408","2026-09-04T18:41:51.000Z"
"sajidpk","0xad2bd1919256DDD16f90dBBB794D6cc72fCdaA7a","https://x.com/Sajidpk/status/2095625561169851071","","2026-09-04T21:19:25.000Z"
"sakai","0x1682370821F243AfE3Db042a69A13b72016a79c3","https://x.com/Sakai/status/2095541870297152619","","2026-09-04T21:21:27.000Z"
"sakysob","0x29602A47f574Bc4661212C41EDf5d8A670807d74","https://x.com/sakysob/status/2095740671146128238","","2026-09-04T21:18:44.000Z"
"salarala","0x5e5A0cb29063BB068b9164e7d71BaB4Bea8A4e28","https://x.com/salarala/status/2095297329995932382","","2026-09-04T21:18:59.000Z"
"salengkpaskog","0xB911445d4a29FC8458c9381300A660A9Cfcbb27B","https://x.com/salengkpaskog/status/2095377192651017738","","2026-09-04T21:15:28.000Z"
"salihguresken","0xDD19faE84C60c9A0DEeB1B503503e1e03411cC14","https://x.com/Salihguresken/status/2095029845497744998","","2026-09-04T21:16:28.000Z"
"salimy93","0xc53e4a808f4F5529b4605B0B17f3F3eA2c57E164","https://x.com/Salimy93/status/2095235708636747440","","2026-09-04T21:16:20.000Z"
"salis","0xc374AB2273D650dF63dF7f273dd8cc11Cf6E7485","https://x.com/SaliS/status/2095013260265308020","","2026-09-04T21:19:03.000Z"
"salliewarburton","0x70f6a015d3c6966074cE20696C3e24DF65520337","https://x.com/SallieWarburton/status/2095361679515112796","","2026-09-04T21:14:53.000Z"
"salta7","0xbD2fbf03885C452430132e395c90Df63dd8616A2","https://x.com/SALTA7/status/2095669639647749774","","2026-09-04T21:19:22.000Z"
"samanam","0x077C7CBbee4Ab2fDddc4014D04593E7dE7f3827c","https://x.com/samanam/status/2095088933937085929","","2026-09-04T21:19:04.000Z"
"samaxe","0x96A6c195Cc496D7709DEF639E30AaB8931D0cD34","https://x.com/SAMAXE/status/2095506693306216464","","2026-09-04T21:17:17.000Z"
"sambatokisie","0x33af6462c1d713ec182e11296b114c59a66ea200","https://x.com/sambatokisie/status/2095895690669101066","295","2026-09-04T15:24:59.000Z"
"sambodoh","0xd76EcB1D803eDe78AF43BEb5c3C5991DAe833219","https://x.com/sambodoh/status/2095708314288912379","","2026-09-04T21:20:33.000Z"
"samboii","0x7E8d3AE2034Caa9Fa630d33c43a0cAA62Ef4dB98","https://x.com/Samboii/status/2095800371388111876","","2026-09-04T21:14:50.000Z"
"sametalpi","0xb6082fB61329187a326A8d28236a530161Ef12EB","https://x.com/sametalpi/status/2095350588689214889","","2026-09-04T21:20:08.000Z"
"samferry","0xc16D91fc996283a022256BFDa9689f205D793a8D","https://x.com/samferry/status/2095603786325828593","","2026-09-04T21:16:36.000Z"
"samin518","0x68d930462A0364BC2f7fa269aB8157f2b3Fd6b88","https://x.com/samin518/status/2095741428772648434","","2026-09-04T21:19:24.000Z"
"sammyolat79076","0xbeda63484ec85a2ec99e91d44bd3b9184cf45392","https://x.com/SammyOlat79076/status/2095914409805648121","344","2026-09-04T16:39:03.000Z"
"samsa","0x6fbd17E37e554797F00514aE719b7bb2900A5505","https://x.com/samsa/status/2095500023787540357","","2026-09-04T21:20:01.000Z"
"samtech833","0xEd0434D5Ac91e1b2Fd0DA789e9534964E750C34C","https://x.com/samtech833/status/2095355485156338838","","2026-09-04T21:16:54.000Z"
"samtyler1678231","0x5CA01C9b90876babFA326EeBcFD08B953E7858B4","https://x.com/SamTyler1678231/status/2095443669494619142","","2026-09-04T21:17:01.000Z"
"samuel_","0x3c183f9A897a87B65d79F38Bcb45042bAD425eec","https://x.com/Samuel_/status/2095323639570343250","","2026-09-04T21:14:56.000Z"
"samurai_neo","0xe80F3F7B4f3aFF845Ce5eA75635E3B7061233ad4","https://x.com/samurai_neo/status/2094978201057922448","","2026-09-04T21:18:11.000Z"
"samykn","0x5c5e4142d2c16b7cFd3e356cF26aBc018BEe5C76","https://x.com/Samykn/status/2095952725779952055","","2026-09-04T21:17:13.000Z"
"samzkie123","0x68d990AF833ac05C2709636e0f3330c7A736F0B0","https://x.com/samzkie123/status/2095059570122746128","","2026-09-04T21:20:39.000Z"
"san4ez","0x8B622a1d96924AA88aB18B2Cde7E8Aa9FF491eE3","https://x.com/san4ez/status/2095262894408513289","","2026-09-04T21:19:35.000Z"
"san888","0x5C1e87b624041451a1657d48E701e5A4f163348d","https://x.com/san888/status/2095515993803050086","","2026-09-04T21:16:46.000Z"
"sandeep9799","0xfc053C0924aa6dDB183a6D3C8a205fce4332c2f6","https://x.com/Sandeep9799/status/2095634535546746138","","2026-09-04T21:14:47.000Z"
"sandip124","0xb7596f20b34aa667e7F397B83243a36cEaF01b63","https://x.com/Sandip124/status/2095145205529650052","","2026-09-04T21:20:01.000Z"
"sandr0","0x944C5CDc4b26ebBdC51239D0F5128E9BcB1375AF","https://x.com/sandr0/status/2095625153904509593","","2026-09-04T21:18:03.000Z"
"sanjaysaharan","0x2Edff01c3b24d92ccb554214A33E0918238FFFE6","https://x.com/Sanjaysaharan/status/2095297377604398197","","2026-09-04T21:15:45.000Z"
"sanjayv","0x95E36638187215F789300b3ca547dEdDe8829215","https://x.com/Sanjayv/status/2095543332744720487","","2026-09-04T21:15:00.000Z"
"sansskt_xyz","0xf7228a4da2e1906af156cd4038e9b5d4c0d31708","https://x.com/Sansskt_xyz/status/2095892493481164894","283","2026-09-04T15:11:57.000Z"
"santino82","0x68fe7ebc7C68c69F4F25a4C55Fe2A6cf1618490B","https://x.com/santino82/status/2095297683924784382","","2026-09-04T21:16:50.000Z"
"sanugupta","0x64A431a4047457495B0Cf6751629b83db06657d9","https://x.com/sanugupta/status/2095712557885397999","","2026-09-04T21:19:48.000Z"
"sanushi","0xD67477aE481B1b34BC702495B734f87b3256C64b","https://x.com/SANUSHI/status/2095491876690722474","","2026-09-04T21:18:21.000Z"
"sanwin","0x936D4407bf8E54949a85CCb6eAa0fF1c83930381","https://x.com/sanwin/status/2095220930617422593","","2026-09-04T21:14:32.000Z"
"sapo","0x2a57aA50A9e4b9A33c4646e7E42CA78eA45fA532","https://x.com/Sapo/status/2095363758160925913","","2026-09-04T21:19:52.000Z"
"saraaas","0x4a12Da48D6ACDF7dE16d204Ae1eFA9B2596982b4","https://x.com/saraaas/status/2095552405220034879","","2026-09-04T21:15:54.000Z"
"saran_v619","0x9f7d4b7cac7543cd5098265209ed4a2b7aa43626","https://x.com/saran_v619/status/2095892233048486104?s=20","282","2026-09-04T15:11:26.000Z"
"sarfaraz07","0xd567C1E0bf52f0e263006746834d08F22Ffbf96c","https://x.com/Sarfaraz07/status/2095978876740755363","","2026-09-04T21:16:15.000Z"
"sargun","0xC0cAeb984c478059c6699d8Ba3d1ff02c787ca40","https://x.com/Sargun/status/2095239715528908158","","2026-09-04T21:17:16.000Z"
"saridamayanti","0xCE7a3afe20545dBB54BE801701509CDce8B20FB5","https://x.com/saridamayanti/status/1","637","1788588393484"
"sarim","0x4eca60E77B6755505e1dF81855c9Cff0cb205b0e","https://x.com/Sarim/status/2095241261319617408","","2026-09-04T21:20:35.000Z"
"sarkermita9","0x3B2D4a6624b05eDa0Df9C322B1D02cbfd3343F2d","https://x.com/SarkerMita9/status/2095993309458309293","469","2026-09-04T21:53:06.000Z"
"sartawii","0x39b0733a56922D00720BA36F66aB813b2AD64991","https://x.com/sartawii/status/2095764994365228141","","2026-09-04T21:18:09.000Z"
"sarucrypto","0xf9a496bfbd94688fE20C3b8F0Fe6974Fe1F5cb2E","https://x.com/Sarucrypto/status/2095221538553635365","","2026-09-04T21:15:53.000Z"
"sashaarg","0x4010D4Ad708328CBcfd699bd7eDa7CDCe9137BA4","https://x.com/sashaarg/status/2095887975024369034","","2026-09-04T21:21:38.000Z"
"sashass","0xc619A34902DE4AB41c124C57297Dba34A7B7f5C5","https://x.com/sashass/status/2095290574493169810","","2026-09-04T21:20:41.000Z"
"sashawin","0x33a756d415E2B697abBaDe36387b2C8dBAeaB2CA","https://x.com/SashaWin/status/2095135147593080042","","2026-09-04T21:20:23.000Z"
"sassadsad","0x19720AC92Faa12513D345830e24541C4Da8312EF","https://x.com/sassadsad/status/2095851580369625951","","2026-09-04T21:15:27.000Z"
"satanael","0x94d8134CD8b8122995DbEb8d713a31bfeCA22729","https://x.com/satanael/status/2095695990120426646","","2026-09-04T21:17:31.000Z"
"satanism","0x22bcfB35D6F4035A076391f57F819368aD8Fa038","https://x.com/satanism/status/2095096037249321763","","2026-09-04T21:19:45.000Z"
"satoshi2008","0x0785AfA093a23144Da2FC54e2DF8D8CC323112c6","https://x.com/satoshi2008/status/2095395864033733535","","2026-09-04T21:14:11.000Z"
"satoshinaka","0x7064b6741da53ed5Ef024905BdA70bafddB9BD2A","https://x.com/satoshinaka/status/2095065315163869154","","2026-09-04T21:21:34.000Z"
"satrio67","0x2894dF9740DC1A2474114F815B29Ccddbc10D84F","https://x.com/satrio67/status/2095570478876908648","","2026-09-04T21:21:13.000Z"
"saulot","0x5B71b151241C9E924587c36c5bE49362311Ab7Dd","https://x.com/Saulot/status/2095436133810176951","","2026-09-04T21:15:16.000Z"
"savegasd","0x08c0833752Fe2c27930dafdF1F0d48BFe5fa7903","https://x.com/savegasd/status/2094894338912182524","403","2026-09-04T18:29:55.000Z"
"sawxxx","0xABc96368199CAe29Ad254464B93119be8024576B","https://x.com/sawxxx/status/2095927082340730414","","2026-09-04T21:15:38.000Z"
"saydur231","0xDfDa5ed13703F94DBEfB7356184CDb70c7dddcD6","https://x.com/saydur231/status/2096031156462616763?s=20","491","2026-09-05T00:23:10.000Z"
"sayu3in","0x6268142fc14CC2Fd18B105a7C6c7Dc14d0a61E2f","https://x.com/sayu3in/status/2095028905815557949","","2026-09-04T21:15:14.000Z"
"sc_wangg","0x546F54edcb7C984cB4E4F089BE89F7A2962a15ae","https://x.com/sc_wangg/status/2094942984422964921","","2026-09-04T21:18:04.000Z"
"scarletcat","0xFEA5C7f4CEf2F1f6a68A5f21a2b97b5a42409a55","https://x.com/scarletcat/status/2095468055398349965","","2026-09-04T21:15:48.000Z"
"scarletdeer","0xfE72ed0dFa7C3D310374758F83ba2856A2d54632","https://x.com/scarletdeer/status/2095113655614016514","","2026-09-04T21:19:31.000Z"
"scarletfox","0x6BF1CB506A79FD55F672d85b3246179EfAe05aEb","https://x.com/scarletfox/status/2095310009098681153","","2026-09-04T21:17:40.000Z"
"scarletlamb","0x0F7D458D4ECaFf5CC87c3c35F48f7c0769C0e01C","https://x.com/scarletlamb/status/2095896142639423764","","2026-09-04T21:21:29.000Z"
"scarletlynx","0x3B23beaA1A528C16a1cEa5a89a5251E9F8E3a26b","https://x.com/scarletlynx/status/2095004370436392411","","2026-09-04T21:21:04.000Z"
"scarletowl","0x261814158556382f63E78c35F77393C80d2d741D","https://x.com/scarletowl/status/2094898129238508601","","2026-09-04T21:19:14.000Z"
"scarletwolf","0x1d71a98b9C995878d67291d163082061c4285Bb7","https://x.com/scarletwolf/status/2095645087152250462","","2026-09-04T21:17:22.000Z"
"scass","0x463C30a3e2Cf35e0879257EF574DC699FBeB3FD1","https://x.com/scASS/status/2095702522966129834","","2026-09-04T21:14:52.000Z"
"sccv","0x1F4418ed0fc26B853cAf4059CA6D3863056900Eb","https://x.com/sCcv/status/2095104281805063899","","2026-09-04T21:18:44.000Z"
"schna","0x07D53B6983FE2f7E5f8804c1253400b78306B636","https://x.com/schna/status/2094986427186522007","","2026-09-04T21:21:29.000Z"
"scott0001","0xfcF782905c7fc1bfc309085fEca6E98a075AFb8f","https://x.com/scott0001/status/2095348330168250875","","2026-09-04T21:19:41.000Z"
"scribex","0xB23fb1D6058A34Cd49cf3D626ed058076de91A18","https://x.com/ScribeX/status/2094898042991469282","","2026-09-04T21:17:15.000Z"
"scrubbb","0x8f471F6872984cD53821F996E96F095b615a8AC7","https://x.com/scrubbb/status/2095734445688396582","","2026-09-04T21:16:16.000Z"
"sdfa12","0x4A2D08FF70f5EF01ce11684aA35D2b10D6b39F6F","https://x.com/sdfa12/status/2095041156730935964","","2026-09-04T21:15:15.000Z"
"sdfsf","0x5F4ce2cD4Fb2cCFb3859e677749205f85964554d","https://x.com/sdfsf/status/2095389807247173819","","2026-09-04T21:15:42.000Z"
"sdtyer","0x3DDBa4a05A9A972302aDfcC26F3f06f5EE8c7e7c","https://x.com/sdtyer/status/2095644242170783288","","2026-09-04T21:18:01.000Z"
"sdudrhddlf","0xA488e62bF8532E0E5E9E465f00929bcA0f326e9F","https://x.com/sdudrhddlf/status/2095908074584857431","","2026-09-04T21:21:10.000Z"
"sdw4","0xC9E3BEca35A9326159B64087fE6D3D09Cd386e72","https://x.com/sdw4/status/2095381735771045819","","2026-09-04T21:17:39.000Z"
"bogelhrmc","0x14aa71b260b303f975df314c8b0c32909eb0e68e","https://x.com/bogelhrmc/status/2095854344075874355","196","2026-09-04T12:40:49.000Z"
"seanruan","0x9e7685B7C08341105E4f7d21A3758244F4FF640c","https://x.com/seanruan/status/2095172960375134078","","2026-09-04T21:17:30.000Z"
"seasky","0xc5C6aAA434141B875D9aB446fDa2d74cfa997D5c","https://x.com/SEASKY/status/2095576691636172733","","2026-09-04T21:21:15.000Z"
"seer_cole","0x6774Ea80F78a8A9331EcF92468DbdacF018aaf24","https://x.com/seer_cole/status/2095856357600524465","","2026-09-04T21:14:52.000Z"
"seifish","0xD5333744FEa19119Bb8a7D30d200738853b0d66F","https://x.com/seifish/status/2095544741279624848","","2026-09-04T21:19:43.000Z"
"seii","0x33F144b9E14567A41d2Abfa813D131d5b7b60893","https://x.com/Seii/status/2095900758488835594","","2026-09-04T21:19:01.000Z"
"seivn","0x4aFa0Ef3A830c05aD1E6779B344f6D5213a871B1","https://x.com/SeiVN/status/2095590986841313083","","2026-09-04T21:21:29.000Z"
"seker","0x6bD67a45a930c0eb08F2eaAA621a3b633971315F","https://x.com/SEkEr/status/2095696693539321419","","2026-09-04T21:15:05.000Z"
"selayma","0x48bDd5bd93E92A2D42F3d43f60B5168d13b536b9","https://x.com/selayma/status/2095784802342269448","","2026-09-04T21:14:54.000Z"
"selinna","0x6BE2D1A02c5a463c1B35d6313bB09A1709c3EF9b","https://x.com/selinna/status/2095083860984231532","","2026-09-04T21:16:03.000Z"
"selivanna","0x0909a4400170f38030EF4D87550F5a23d647Fda7","https://x.com/Selivanna/status/2095537693341197958","","2026-09-04T21:21:34.000Z"
"sellawijaya01","0xE468Ade2fd652c78F2629b1992A4BEF1786512C4","https://x.com/sellawijaya01/status/1","653","1788588441173"
"sener844","0x74AC100b734Bd6c46E646E9B4824b4531B001F94","https://x.com/Sener844/status/2095300546100779418","","2026-09-04T21:19:53.000Z"
"sensen","0xacb05c9ce589E3E2b59fBB68348c3058d0D7715e","https://x.com/SENSEN/status/2095682280979126328","","2026-09-04T21:19:57.000Z"
"sephirot91","0xd0136Ae9E0680291c6F6D474Bd2Da13371B4a71C","https://x.com/sephirot91/status/2095407039025419700","","2026-09-04T21:17:32.000Z"
"seque","0x1BE35AE16268f1994B78ED48Ca27f4199c19C8F7","https://x.com/Seque/status/2095481439522502955","","2026-09-04T21:15:44.000Z"
"sercan1907","0xF3dED6ca38fFE098c0ed3C09a8E444451d6D7ee7","https://x.com/sercan1907/status/2095910180420284532","","2026-09-04T21:18:28.000Z"
"serdar5252","0x9B90a4c842c0b24e32820cBF86812B554c5b48fc","https://x.com/serdar5252/status/2095528470943131193","","2026-09-04T21:18:51.000Z"
"seregks","0x5EdCb549a5Fa7aDfaA21Fc1D7E3855Db6F25bE04","https://x.com/Seregks/status/2095303806731752530","","2026-09-04T21:19:15.000Z"
"sergale","0xbEac04938c5b605472831794C8Ad95417ba99d61","https://x.com/sergale/status/2095315164465280665","","2026-09-04T21:17:52.000Z"
"serge69","0x6F68848D449712b9b30A53Da047C8AeF7968233a","https://x.com/Serge69/status/2095036263110470029","","2026-09-04T21:14:44.000Z"
"sergeiklu","0x2600cEA53F33815260AF59f6751e76776c5671Ed","https://x.com/Sergeiklu/status/2095016326237809886","","2026-09-04T21:17:27.000Z"
"sergey","0xb7DeE7E51BE4c7077C01e10847422F6502814e52","https://x.com/Sergey/status/2094925341254320880","","2026-09-04T21:15:43.000Z"
"sergey314","0x179e2b27D383870031CcE43C05e656F21cAdA003","https://x.com/Sergey314/status/2095670297311295278","","2026-09-04T21:19:00.000Z"
"sergkap","0x4D95bd647f672a518C81f3775803aae846da6539","https://x.com/sergkap/status/2094934560419927855","","2026-09-04T21:18:56.000Z"
"serhiofernandez","0xF458fC1740e9EB129eCFa0C318A36cF7b2CDCC6F","https://x.com/SerhioFernandez/status/2095585525385050932","","2026-09-04T21:20:17.000Z"
"serhiov","0x3a46c85BC910E4A9380514be33e2399a808F27f2","https://x.com/Serhiov/status/2095491169596610179","","2026-09-04T21:18:39.000Z"
"sertip","0xbaC2a2120300A2E90cCc45Cc45B412141b5bd21D","https://x.com/sertip/status/2094924659256802465","","2026-09-04T21:18:11.000Z"
"servandowarry","0x05FDAC8b9D7CD39bF18858daDA90c925099225f1","https://x.com/ServandoWarry/status/2095144459254313900","","2026-09-04T21:18:19.000Z"
"setyamickala","0xc765e115c37003A0e7566e1EDB68eB87F771c38a","https://x.com/setyamickala/status/2095563243666106060","","2026-09-04T21:18:30.000Z"
"seungjae","0x89c4bdD414FfdB8814c143a6919cC126a59fC10d","https://x.com/Seungjae/status/2095892255428405295","","2026-09-04T21:20:22.000Z"
"sexyama","0x85d1C5742D4B437174A86011e2423849E0D3F776","https://x.com/sexyama/status/2095146106686025124","","2026-09-04T21:18:10.000Z"
"seyyyed","0x6309fae29AbD8778E0263B6e165785870C0A1A07","https://x.com/seyyyed/status/2095677358729718186","","2026-09-04T21:18:02.000Z"
"seztek","0xa1B33AC738999be8C86D8cCc93B36ac207355331","https://x.com/seztek/status/2095179243295645497","","2026-09-04T21:17:14.000Z"
"sfera200","0x7d0d2aF521dc6dfe2eF19C33Ec8A4aa5163A7A48","https://x.com/Sfera200/status/2095617951921882109","","2026-09-04T21:17:02.000Z"
"sfswe","0x7E722e5740Ee1edCf94a765AF07622bfF99d0443","https://x.com/sfswe/status/2095885603353685054","","2026-09-04T21:20:45.000Z"
"sgfs","0xFEE7482cEC995D44A77Aa5AAd13aC5D64c84bFF0","https://x.com/sgfs/status/2094928784646257682","","2026-09-04T21:14:06.000Z"
"sh1790905940","0xE565816e217b12f3F706A3E0BE889Faa677bA300","https://x.com/sh1790905940/status/2095951711328453009?s=20","412","2026-09-04T19:07:16.000Z"
"sh_akthi","0x3b2445e113631eEE9fACcbD4aBf12c485F745178","https://x.com/SH_AKTHI/status/2095485538231114504","","2026-09-04T21:19:56.000Z"
"shablya","0xE3d9B55d97b40414093AA51a6fdfF734eaD77fDE","https://x.com/SHABLYA/status/2095552100133891208","","2026-09-04T21:15:38.000Z"
"shad007","0xb076b4E5B009B677166116d567C7049Bb29462bf","https://x.com/Shad007/status/2095278566910101981","","2026-09-04T21:18:16.000Z"
"shadow_blade","0x650B7C5C90e297109c6c379b3A598000046657bf","https://x.com/shadow_blade/status/2095454123720937753","","2026-09-04T21:20:42.000Z"
"shadow_dawn","0xaF5e9386183FA87bfEE9b28A5C48816BF4F1bE4e","https://x.com/shadow_dawn/status/2095851310526715287","","2026-09-04T21:19:49.000Z"
"shadow_moon","0x33F8606fDc8995Be9ad745288B89e67Bc9A9E803","https://x.com/shadow_moon/status/2095970929945027891","","2026-09-04T21:20:23.000Z"
"shadow_seer","0x49A998a240D6ec4D29c96C00EF7A1f300d1EfD82","https://x.com/shadow_seer/status/2095722453810352180","","2026-09-04T21:19:02.000Z"
"shadow_tiger","0xaCf7F86D744aE070a767705ee74221aC498609d7","https://x.com/shadow_tiger/status/2095526197620723932","","2026-09-04T21:20:08.000Z"
"shadowdawn","0xA5d8bf9022F48706029d2e00Ec7ccaE8A3768aA2","https://x.com/shadowdawn/status/2095440435741967396","","2026-09-04T21:15:20.000Z"
"shadowdreamer","0x45F18f6ee2f02834180579B0e5Fa2e82b48589c2","https://x.com/ShadowDreamer/status/2095485810076405600","","2026-09-04T21:18:18.000Z"
"shadowranger","0x588453608dA9Bb2Ef86aec70889e6e19BBf186a2","https://x.com/shadowranger/status/2095835932492665377","","2026-09-04T21:20:57.000Z"
"shadowwraith","0xCbc85Bae1985A318BeF51BD572a0Bf91F0B458f4","https://x.com/shadowwraith/status/2095626056345685131","","2026-09-04T21:18:00.000Z"
"shafiqz","0xb124cb15b239c2BA78362848fDec1A66cA139d01","https://x.com/SHAFIQZ/status/2095292745234317206","","2026-09-04T21:14:40.000Z"
"shafiul","0x77b0350BA0E4D02217759FDe3bE66ad7E26208f9","https://x.com/shafiul/status/2095867771034368032","","2026-09-04T21:15:47.000Z"
"shahab","0x0AA8C5060eA237B04f84013f160Fb27C9611652d","https://x.com/shahab/status/2095563023893442136","","2026-09-04T21:18:21.000Z"
"shahrah22","0xeff49efd62403af32fa4372ee0db8292f2cb5c09","https://x.com/shahrah22/status/2095987249783451986","459","2026-09-04T21:31:47.000Z"
"shaikbablu","0x37B3642034a0aA67F6B5628B88DE690885f2fFFb","https://x.com/shaikbablu/status/2094987437517745864","","2026-09-04T21:19:37.000Z"
"shalom2001","0x6fA735f36fd1eAc750C7cA5A868729d627639F41","https://x.com/shalom2001/status/2094975973922767026","","2026-09-04T21:20:19.000Z"
"shalom2004","0x7d5E4f77923dcB15Cc177288d8D0d718BC404390","https://x.com/shalom2004/status/2095117728000554397","","2026-09-04T21:15:35.000Z"
"shalom2010","0x2b19e12EC36339B1a931B8311c56b8aF59eed1F5","https://x.com/shalom2010/status/2095059657737274436","","2026-09-04T21:17:54.000Z"
"shalom2021","0xD29D5d9Bae3e3392471d7773e9bF5F3903Eac1aE","https://x.com/shalom2021/status/2095462559053198333","","2026-09-04T21:14:56.000Z"
"shamshu","0x0c419cD655fA8eCc5cAF11eCc607EC2bcC9a9d1a","https://x.com/shamshu/status/2095346730308372666","","2026-09-04T21:18:45.000Z"
"shane06083","0x555136D75A8730fF5Df98103f2527DeEe5b1D93d","https://x.com/shane06083/status/2095664162914092112","","2026-09-04T21:21:05.000Z"
"shankala","0xA37d3118B9963Cadd1A1e4d44E5f4259ee5183C3","https://x.com/shankala/status/2095546925562639970","","2026-09-04T21:21:02.000Z"
"sharks","0x2044662929a45c97962d9B6547a2afbd536766A2","https://x.com/sharks/status/2095277658776679222","","2026-09-04T21:19:51.000Z"
"shavedhamster","0x252a4dB8ffA09Fba7f8609dF552C4703a7c0eB1d","https://x.com/shavedhamster/status/2095339370055037776","","2026-09-04T21:16:37.000Z"
"sheikhsohanq","0x7583dFEDdCC7f68BB4B31429cb2bF5B01B36AE41","https://x.com/SheikhsohanQ/status/2095931872895435082?s=20","381","2026-09-04T17:48:37.000Z"
"shekari3916","0xcd4477299C84470523a01fC446E584F91003e700","https://x.com/Shekari3916/status/2094945714247982808","","2026-09-04T21:20:24.000Z"
"shemul","0xeFab173F9Ba12223761c171251C54eA88a42Ea6B","https://x.com/Shemul/status/2095157785132747122","","2026-09-04T21:20:55.000Z"
"sheng888","0xe68a02688eC0B7f8D900dEC297Fa9f3b3F9Af761","https://x.com/sheng888/status/2095131148517814258","","2026-09-04T21:16:04.000Z"
"sherazi","0x7f276c7520Bbec73d55F1D90F9Ad8FA52E606258","https://x.com/Sherazi/status/2095107378358243812","","2026-09-04T21:19:55.000Z"
"sherilllongley","0xc1097768128d365b664dB69906AC7800F0778ab8","https://x.com/SherillLongley/status/2095539731420778647","","2026-09-04T21:17:50.000Z"
"sherylan","0x0d28F55b7d1A4F9B5c77205d3cfa8403F5cB1032","https://x.com/sherylan/status/2095933153805027090","","2026-09-04T21:16:37.000Z"
"shiba_maru","0x8fFCCeF2BfCf4E8de93B86F76d701506124Fd958","https://x.com/Shiba_Maru/status/2095768103817931424","","2026-09-04T21:16:47.000Z"
"shibafever","0x170faCbfF3d7B591a76885e7F0FF878d7Cb70Cc3","https://x.com/shibafever/status/2095098398077906228","","2026-09-04T21:17:37.000Z"
"shibun","0xcFFB24725FFbf25601DAC3BE6756D3C6EbeB9849","https://x.com/Shibun/status/2095190273283751471","","2026-09-04T21:16:11.000Z"
"shikyo","0x824f3c833B9b233fC6F391ad7F36350540740e9D","https://x.com/Shikyo/status/2095032195849034240","","2026-09-04T21:15:05.000Z"
"shila92","0x3a9D4c9cbb9798Bad86fEE441067a6185158045E","https://x.com/Shila92/status/2095302933043249267","","2026-09-04T21:14:29.000Z"
"shiller78","0x1b55b330E78FFe3Dd763cBc9a2C98c89642578b2","https://x.com/SHILLER78/status/2095735727269385473","","2026-09-04T21:21:36.000Z"
"shincan","0x6477D858536eBa2550e6C978D29000f112a442b3","https://x.com/Shincan/status/2095484662044401891","","2026-09-04T21:18:32.000Z"
"shinichi89","0x85Bd7cD231de43A2b0f91FaE207d1FE0ec45696A","https://x.com/Shinichi89/status/2095449809091989940","","2026-09-04T21:18:19.000Z"
"shirakabesick","0xe1ff3Ca0817F49Ad62dA0bCede89271801078bB4","https://x.com/shirakabesick/status/2095434753713777837","","2026-09-04T21:19:44.000Z"
"shirinka","0x79C8291CB35ba692A9f7F7d1eDdFb406f590059e","https://x.com/shirinka/status/2095012415919197972","","2026-09-04T21:17:43.000Z"
"shozin","0xd3e8d13a126d1f3f8346520c168eD3b684ea5A0a","https://x.com/shozin/status/2095711939449107970","","2026-09-04T21:17:53.000Z"
"shubham46722943","0x84f426308263CA6f8Fc6d819c3cBa075D234b7e6","https://x.com/Shubham46722943/status/2095745974751518695","","2026-09-04T21:18:14.000Z"
"shuvoahmed","0x57A70Cdcb4E6a00e31b87EFF828a205751c2cd09","https://x.com/shuvoahmed/status/2095355830130728122","","2026-09-04T21:20:05.000Z"
"sifons","0xe9197Bd91d970E1685EAb7112D40cEb1b15A4762","https://x.com/Sifons/status/2095880823454257502","","2026-09-04T21:18:21.000Z"
"sigiz_archeo","0x62C070aEDcbdD5291D4F0850D62E3d96096cB360","https://x.com/Sigiz_Archeo/status/2095622976304864144","","2026-09-04T21:15:32.000Z"
"sigma","0x679b544BF4a8a7263AcECE416fff80AF346a3979","https://x.com/sigma/status/2095096923643266198","","2026-09-04T21:16:02.000Z"
"signal_jay","0xeb662397b596DEA32Fb82f2Ed57B20a9fAFf8638","https://x.com/signal_jay/status/2095963270955701893","","2026-09-04T21:19:02.000Z"
"sihite","0xF5e52ea9f6c58AbD7D5F89158BA862097eCAd6f5","https://x.com/sihite/status/2095665362435225189","","2026-09-04T21:18:04.000Z"
"sijintmm","0x12ad32a75ea9aa846696fcf3a8db861ef63c356a","https://x.com/Haunting_Hoods/status/2095880792765497711?s=20","588","2026-09-05T05:49:19.000Z"
"siksik","0x7B907801f451Bc154a10753097503c4C433E9DaE","https://x.com/siksik/status/2095666203192380223","","2026-09-04T21:15:24.000Z"
"silent89","0xC6deC72B4AD2BC80509a1Ee369F66AF8DaF0A9d6","https://x.com/silent89/status/2095899833614967934","","2026-09-04T21:18:38.000Z"
"silent_herald","0xCbc7D607FacF753A6A4495Ab53eEee95BEa6D63C","https://x.com/silent_herald/status/2095159420122185935","","2026-09-04T21:19:07.000Z"
"silent_ronin","0x2cee6bA146abe4A17C0080a18594585B7288dA31","https://x.com/silent_ronin/status/2095006927994540701","","2026-09-04T21:16:11.000Z"
"silent_scholar","0x3BC3535F68909E9330Ae7B1148E88F336d90249C","https://x.com/silent_scholar/status/2095260081841118618","","2026-09-04T21:14:56.000Z"
"silent_scribe","0xbd7E12707e472BC39A7A87De69B5C32f8AC1B298","https://x.com/silent_scribe/status/2095050176018049783","","2026-09-04T21:20:08.000Z"
"silentledger","0x8387F776d75CA519a545aC2f4003534E358fB105","https://x.com/silentledger/status/2095048138163191394","","2026-09-04T21:19:24.000Z"
"silentmonk","0x06C4C758182666178fe5A4B5918eC31397162d8e","https://x.com/silentmonk/status/2095300554210160060","","2026-09-04T21:14:03.000Z"
"silentowl","0xe62f0cE95E8DFD571297214b96Ed6155d394BaCa","https://x.com/silentowl/status/2095864813910819675","","2026-09-04T21:15:24.000Z"
"silentsamurai","0x8B719245Dcd3402DC364C83d290f258ed0369A68","https://x.com/silentsamurai/status/2094957548180160151","","2026-09-04T21:14:31.000Z"
"silentshrine","0x629Bd1E16fa21A1c9359477b0Cce047976F49377","https://x.com/silentshrine/status/2095365359009064527","","2026-09-04T21:21:00.000Z"
"silentvault","0xFb7855Ae0d2628B1AAA9944470eD18f11C465e01","https://x.com/silentvault/status/2095035923869570776","","2026-09-04T21:16:12.000Z"
"silinahh","0x83f4a1775c11f883a4338332ca8212df31e3e180","https://x.com/Haunting_Hoods/status/2095895534615904498?s=20","534","2026-09-05T03:55:55.000Z"
"silver_drifter","0x6C320ab30Ffd70f5e9ed316155776486E3bd6027","https://x.com/silver_drifter/status/2095800700490949621","","2026-09-04T21:20:30.000Z"
"silver_mist","0xD195A8759d86E1385a92DC8721011d897B9976b6","https://x.com/silver_mist/status/2095007439029107050","","2026-09-04T21:20:56.000Z"
"silverfrost","0xc632a258E894A5e5e9D34ca870F786Fc8B44996c","https://x.com/silverfrost/status/2094955202714195167","","2026-09-04T21:18:17.000Z"
"silverjester","0x463599cEA97d1C1565dDC8250Eb97A81009f71Cb","https://x.com/silverjester/status/2095780086285743698","","2026-09-04T21:16:17.000Z"
"silvermist","0x295BC81feAA19544ea66E017427D37Fa9Ba61792","https://x.com/silvermist/status/2095104173124025868","","2026-09-04T21:19:54.000Z"
"silveroracle","0x1edF517e1a8f507B1699d7F44e82BAe950b8dB72","https://x.com/silveroracle/status/2095151795149302694","","2026-09-04T21:19:56.000Z"
"silverrelic","0xCC6F4531B28EB04681F94f7e3e36DE822DD879D6","https://x.com/silverrelic/status/2095846118258976194","","2026-09-04T21:19:28.000Z"
"silverriver","0x5B4001A5007371E6ea8F8A2827F5A54866109b98","https://x.com/silverriver/status/2095451776615108222","","2026-09-04T21:16:44.000Z"
"simanalagi","0xf5fE8FFC5208D99c293cd8269Ca3bF51F4289063","https://x.com/Simanalagi/status/2095255160687509010","","2026-09-04T21:21:20.000Z"
"simon_kot","0x8dDF31D9f6bF064169e28D718b88A6C12bb27B9B","https://x.com/Simon_kot/status/2095581480057014463","","2026-09-04T21:20:27.000Z"
"simonsg","0xc3a9F7f15FE830a8D809aaF55c16fFEe13714e84","https://x.com/simonsg/status/2095635787468036027","","2026-09-04T21:14:05.000Z"
"simonshea","0x2A35b73306e58E1016f27Cb01DCd2fA881eBDD60","https://x.com/Simonshea/status/2095405781672771420","","2026-09-04T21:17:05.000Z"
"simplexm","0x382aD235ff4cAaDEBEFd8F23175C443b7286ADe5","https://x.com/SimplexM/status/2095914041587630883","","2026-09-04T21:16:02.000Z"
"simpsonlindsey","0xE17857b76e8a1C2809Ae706B3A4bc4876C05e54B","https://x.com/simpsonlindsey/status/2095262093389639826","","2026-09-04T21:15:04.000Z"
"simulhasan00","0x30112938125dA38BeC5f789a13e212D177af7eED","https://x.com/simulhasan00/status/2095652655969605213","","2026-09-04T21:16:16.000Z"
"sina_yiyin","0xf5ff6e904adaca2d2b0eec9985fff67045ee29f1","https://x.com/sina_yiyin/status/1510648715916505090","568","2026-09-05T05:43:16.000Z"
"sinafrr","0x89652307C82f4104f8693077E3Ce623f81740b83","https://x.com/SinaFrr/status/2095017292404679543","","2026-09-04T21:14:27.000Z"
"sinarh","0xeC56eA9ae38f67526EFf0363056C6AF4c5d38C0F","https://x.com/sinarh/status/2095137996976375438","","2026-09-04T21:18:38.000Z"
"singor","0xC1C03ED3051f87F5ed86C37C6bC5483D51521c96","https://x.com/singor/status/2095856687782495290","","2026-09-04T21:17:06.000Z"
"sir_mm_i","0x2d7d0547B0ed7F76A038c6A8a22f47B1499f7925","https://x.com/Sir_mm_i/status/2095883746461245836","253","2026-09-04T14:38:42.000Z"
"sirajabc","0xeB0174dF5c94825E6f3E290833bDd1b4cE260B71","https://x.com/sirajabc/status/2095516839449403721","","2026-09-04T21:17:34.000Z"
"sireadel","0x40b03f1E26DbD097DB91067782aF5EdA05bFB8Fb","https://x.com/Sireadel/status/2094976539947557030","","2026-09-04T21:14:09.000Z"
"sirgamerz1","0x6566fb3F74B0611271f4cd279A840ca72AE913E6","https://x.com/Sirgamerz1/status/2096035813243162876?s=20","496","2026-09-05T00:41:27.000Z"
"sirkhilon","0xB4862bBDCC651bfBC6C4Bb0B061637B2d29c624A","https://x.com/SirKhilon/status/2095594290446149983","","2026-09-04T21:20:21.000Z"
"sishuangqiuxie","0x4E5fD2080108564A28AC8bDBB3cF7208dcc708C1","https://x.com/sishuangqiuxie/status/2095880142282365784","","2026-09-04T21:18:25.000Z"
"siskaxxx","0x0b65E6701ee583B4bAb17c8eE171d6a3F8825764","https://x.com/Siskaxxx/status/2095736385659120427","","2026-09-04T21:16:43.000Z"
"sitinurhalizax","0xF77792B56837d213955005eaF435d98743b10d77","https://x.com/sitinurhalizax/status/1","617","1788588334687"
"sitirahayux_","0x164c42bd5275AB453763419eD69f62B56eCDE16b","https://x.com/sitirahayux_/status/1","645","1788588417126"
"sito","0x4fBe771d59B7ae6B654d87713ad79831809F0acA","https://x.com/Sito/status/2095074144816176140","","2026-09-04T21:16:32.000Z"
"sivaavis","0x5c0EeaB6045675d3766E76E5F1399699C3DDcF34","https://x.com/sivaavis/status/2095549746634813833","","2026-09-04T21:19:13.000Z"
"sk112","0x20c4d2962c07Cfc2F8fd5C6708593ed37FF403B0","https://x.com/sk112/status/2095930472941749355","","2026-09-04T21:15:50.000Z"
"skamir","0xEE5896790b86Ef83a45eeC2B8c27567bd21F8A4f","https://x.com/Skamir/status/2095101475176120671","","2026-09-04T21:16:35.000Z"
"skbiswas450","0xA9b6bEA25967dB8f9f63a38C63C8aEBdD19F1cFE","https://x.com/skbiswas450/status/2095990665633317125","463","2026-09-04T21:42:37.000Z"
"skitzopizza","0xDAD12C721F9f30B1A882AF8E3D2603676D81F345","https://x.com/skitzopizza/status/2095433099189220692","","2026-09-04T21:21:21.000Z"
"skking","0x976b3260B6e5D08F95eBde3B813EDA087D78b3AE","https://x.com/skking/status/2095203453132179053","","2026-09-04T21:19:17.000Z"
"skonner","0x29c16C0cf8d1b01B9603c804796566d721DfE378","https://x.com/Skonner/status/2095594542677049475","","2026-09-04T21:17:39.000Z"
"skull234","0xf514Cf82162B29f55d10859e5B1457A693C5a7c5","https://x.com/skull234/status/2095838894603804788","","2026-09-04T21:19:37.000Z"
"skurat042aa","0xFAec92Be2C8600C7D0901275977D8dF5665bD7Ef","https://x.com/skurat042aa/status/2095276866447185378","","2026-09-04T21:20:53.000Z"
"skydrop","0x3ab0583493413Ba5Ed36d54728cdEa7533819e04","https://x.com/SkyDrop/status/2095907451360840209","","2026-09-04T21:18:19.000Z"
"skymagic","0x658297413c2dB755f340ace2a3aBB05c22EBFaFA","https://x.com/SkyMagIC/status/2095202292965662533","","2026-09-04T21:20:09.000Z"
"skyrocket1","0x7aA212896de34aE7127383b037a3Be22fc73Eb75","https://x.com/skyrocket1/status/2095130036553841421","","2026-09-04T21:21:32.000Z"
"slamlatif","0x58cd492e3Ef1856D75e6eb7A77148d6443d67373","https://x.com/Slamlatif/status/2095262770394696389","","2026-09-04T21:16:57.000Z"
"slatecat","0xE13568f77c9c10fe49eFA8EF7148881f4384F90A","https://x.com/slatecat/status/2095905593437206143","","2026-09-04T21:14:14.000Z"
"slatefox","0xE2Fa9dde13628c41aA6D3E428a4EB390273D40Ba","https://x.com/slatefox/status/2095157919414377653","","2026-09-04T21:17:31.000Z"
"slatelynx","0x127109B03E9Ee634b58B2EC2F7Fb83a98Ac9Ba5c","https://x.com/slatelynx/status/2095851376842002400","","2026-09-04T21:21:32.000Z"
"slatewolf","0x187674AbF93C79b5229ff2f21a02AC9DA6B8f193","https://x.com/slatewolf/status/2095546783312864327","","2026-09-04T21:21:08.000Z"
"slayn","0xcb3C479505913a27F8078101067e71DdDdC37FF7","https://x.com/Slayn/status/2095638423198801761","","2026-09-04T21:17:39.000Z"
"sleeper12go","0xe49d5a9cd639E01E393Fac06A595046df2eABA48","https://x.com/SLeePeR12Go/status/2095439680914460235","","2026-09-04T21:14:25.000Z"
"sleepy_bear","0xf8Cf9eb0E5697109Ec058E95E2E0578b843C6da5","https://x.com/sleepy_bear/status/2095004886447365634","","2026-09-04T21:18:05.000Z"
"sleepy_eclipse","0xd30A58DfD7CdE4f65527ceDE03227F1ce63D73cd","https://x.com/sleepy_eclipse/status/2095574175020633468","","2026-09-04T21:15:20.000Z"
"sleepy_lion","0xa7547E2a3e4FeB1f6bfdb3956bA1c5C868dDb57F","https://x.com/sleepy_lion/status/2095018550585493553","","2026-09-04T21:19:50.000Z"
"sleepy_sage","0x18Eef550cE88588C771517290f5364febB15E5Db","https://x.com/sleepy_sage/status/2095627993678494253","","2026-09-04T21:17:51.000Z"
"sleepyblade","0x62DBeF05d836bc230798D2510906Fbfd234b72D7","https://x.com/sleepyblade/status/2095424944937964098","","2026-09-04T21:18:17.000Z"
"sleepyhawk","0x43FEc5E5c1b4B58bbE22f8e613716c6B9Aa13553","https://x.com/sleepyhawk/status/2095198396996645179","","2026-09-04T21:21:36.000Z"
"sleepymoon","0x0D4B664A0EDb80148867fa12a8FeCA5268a6Ce04","https://x.com/sleepymoon/status/2095742483041883718","","2026-09-04T21:14:49.000Z"
"sleepyrogue","0x0db48660f43E595972a581Cd6D8A6Aa741540FBD","https://x.com/sleepyrogue/status/2095890078996654660","","2026-09-04T21:18:08.000Z"
"slghanchi","0xd9401561a812A3488Ae0fFbfDB8e3A6d3822e852","https://x.com/SLGhanchi/status/2095927300435203664","","2026-09-04T21:17:41.000Z"
"slothify","0xa6AE70478aD3aA05bB5781489fdf60E29985837D","https://x.com/Slothify/status/2095927112434407609","","2026-09-04T21:15:25.000Z"
"slowsure","0x74CbBfE0946EaD23A8a4d01454ea7B2ADE4e4F68","https://x.com/slowsure/status/2095910635136099085","","2026-09-04T21:16:13.000Z"
"slyrpp","0x36245B2bcf8eaeBd9668630E0083489177F8571d","https://x.com/slyrpp/status/2095275794151283269","","2026-09-04T21:15:02.000Z"
"smallball","0x5f3be1c81532E64Df5883846D0a36e23abB41D8e","https://x.com/smallball/status/2095611052901708073","","2026-09-04T21:17:23.000Z"
"smartcomponent","0xe9822d5652aa53A54d73c439Ba073bD529469D36","https://x.com/smartcomponent/status/2095333980655401954","","2026-09-04T21:15:27.000Z"
"smartneko","0xFBb31b5C0fDa11E086d1627098Cc6c7b40326C4B","https://x.com/Smartneko/status/2095243695241466135","","2026-09-04T21:19:47.000Z"
"smerch","0xc6645A55672757612a06b225CAfD6256f5C26356","https://x.com/smerch/status/2095660932159836681","","2026-09-04T21:17:23.000Z"
"smin","0x946033806c5aF8DB9859C5B74ca8C0e1da3BfC18","https://x.com/Smin/status/2095846242922026035","","2026-09-04T21:20:29.000Z"
"spnp9tow","0x84612B5dc3AB9FF5dE82aC5b290537556d54F386","","33","2026-09-01T00:38:40.000Z"
"smual","0x93B03598946ef28d8d31bc941fa32FDdcC3E5384","https://x.com/Smual/status/2095249868563113298","","2026-09-04T21:20:42.000Z"
"snailprincessch","0xb46Ed2A9EFC0b82Ea9E3aFF982b74f0da455516c","https://x.com/SnailPrincessCh/status/2095518457942283848","","2026-09-04T21:18:16.000Z"
"sneba","0xCB3A28AEa6A6A65A75E6ab6d510142C4fD0a465D","https://x.com/Sneba/status/2095407814640071478","","2026-09-04T21:19:45.000Z"
"sniperwolf","0x8F18Cc2694D93438bDA17671080B8fF22F2026Fa","https://x.com/SniperWolf/status/2095787689553096825","","2026-09-04T21:14:50.000Z"
"snoop7","0x56A1b9D409019ee3f62020BC58CC2d6Af6374D25","https://x.com/Snoop7/status/2095883350165946181","","2026-09-04T21:19:49.000Z"
"snov1n","0x993f2A4Fd2C80f83A8537ee19293E456985485C0","https://x.com/snov1n/status/2095025834997323560","","2026-09-04T21:18:47.000Z"
"snowaxel","0x3f08982Ef76278e483458Ac9DcC831aA1995334D","https://x.com/SnowAxel/status/2095179840178887392","","2026-09-04T21:19:05.000Z"
"snowid","0x829002bfD9106EBe2e84efB0A993a18f670798d1","https://x.com/snowid/status/2095536473217151835","","2026-09-04T21:14:02.000Z"
"socratesre","0x0bB541Bd1B07D23eeaEC0Ad59e956398FF053C1D","https://x.com/SocratesRe/status/2095551222501725691","","2026-09-04T21:19:34.000Z"
"sofixime2","0x017B1d524f1e1ED6f1c0e8d02Ded795c17391e96","https://x.com/SOFIXIME2/status/2095218851713671316","","2026-09-04T21:17:09.000Z"
"soft_oracle","0x4CD40746FE16950Ff95C34d867Fa2cCD7431cCE6","https://x.com/soft_oracle/status/2095144781615421991","","2026-09-04T21:14:35.000Z"
"soft_samurai","0x0B932A836c4cDF015656C0635B8825acDEB26A31","https://x.com/soft_samurai/status/2095248885325718371","","2026-09-04T21:17:53.000Z"
"soft_star","0x317846998AF60B23865B2a0525c2b4680BA79142","https://x.com/soft_star/status/2094963966564116983","","2026-09-04T21:17:33.000Z"
"softlantern","0xC033153C7FCE80732D0205676099320125F5bc7a","https://x.com/softlantern/status/2095147279898904787","","2026-09-04T21:14:36.000Z"
"softmonk","0xdC4A2419e489c788De7061a9Fd37D854b6f5A3B5","https://x.com/softmonk/status/2095526839654468218","","2026-09-04T21:19:09.000Z"
"softraven","0xe78793d074336eaCD561926dA572B9126f08AcfF","https://x.com/softraven/status/2095652008479669230","","2026-09-04T21:18:46.000Z"
"softwarden","0x40d1278190968ECa6041dA1451031320ed5c4db5","https://x.com/softwarden/status/2094957754074515021","","2026-09-04T21:18:37.000Z"
"sohanmadbor","0x4Cd28eD228214783135Fb9a0614bD0112f5fA485","https://x.com/SohanMadbor/status/2095370310707544321","","2026-09-04T21:18:39.000Z"
"sol100usd","0x21d99906F284c2Fd4a875606Aa5AA173B9B05fC0","https://x.com/sol100usd/status/2095530193960493743","","2026-09-04T21:19:44.000Z"
"solegon","0xD4CE737a62141953DEBf8B6E69F9Bb91111914bC","https://x.com/solegon/status/2094944629542867922","","2026-09-04T21:17:22.000Z"
"solfly","0x755025b59fd0319F06B68a081c87Db2B09c57529","https://x.com/solfly/status/2095675085765611317","","2026-09-04T21:14:36.000Z"
"solibie","0xB53b3bfb16Cb3c68338e16bBa67df2372Cf61D20","https://x.com/solibie/status/2095109984289461022","","2026-09-04T21:18:58.000Z"
"sollpie","0x7C3474966F59dCb3163d6b95f9Ad4C3eda2C6Fd6","https://x.com/sollpie/status/2095558100784958445","","2026-09-04T21:18:36.000Z"
"solochuks","0xb702e65Cf45c2786c33AE150659506b8b628ad2f","https://x.com/solochuks/status/2095711765265645087","","2026-09-04T21:18:19.000Z"
"solodka","0xCB7a087145D9e4D1716c88d563F94fA703Ab46Fc","https://x.com/solodka/status/2095378558846562638","","2026-09-04T21:20:56.000Z"
"solomon","0x45a166127B7164adA2b5868B110EE5D58182FB27","https://x.com/Solomon/status/2095100297910823496","","2026-09-04T21:17:13.000Z"
"solosoul1121","0x22D2B08BCf63716462A1bE68bB956c91A360bE14","https://x.com/SoloSoul1121/status/2095429621549469565","","2026-09-04T21:19:50.000Z"
"somayememar","0xA6015514E1306C31DB07dFAcF18E4296444CA27B","https://x.com/somayememar/status/2094925703299032911","","2026-09-04T21:15:05.000Z"
"somewhere","0x07b7d6E42AEFA59406348Fe42D1D233Fc68d492d","https://x.com/somewhere/status/2095857293294996229","","2026-09-04T21:14:43.000Z"
"somtoochukwu21","0x44E21ABB493c9402a44e5223a7abcB95e7463CF6","https://x.com/Somtoochukwu21/status/2095786857973895591","","2026-09-04T21:18:48.000Z"
"sondoka","0x3b8c0411C1958D3117DFC87F6Df9D3d85f18c5B1","https://x.com/sondoka/status/2095112192006184478","","2026-09-04T21:19:54.000Z"
"songen","0xCfaA12c412940F472bEcF7729f8DCe768a713a3d","https://x.com/songen/status/2095025546879843596","","2026-09-04T21:15:52.000Z"
"sontran1102","0x6717AAb8bbFf57dD7f7a9d1f66b56b9Cd56aDEDd","https://x.com/sontran1102/status/2095644054747265801","","2026-09-04T21:21:19.000Z"
"sonu852","0x22ca792E6543655e5D1BCFE43a027e7cCE8459C9","https://x.com/Sonu852/status/2095882754039688936","","2026-09-04T21:17:17.000Z"
"sonueth296","0x8856bd3Bca84a64A56C28e85703a61F4733C6C18","https://x.com/sonueth296/status/2095977772867443764","","2026-09-04T21:16:53.000Z"
"soolater","0xFB9118a658d5630f2975053672D44Ed4F1375a6F","https://x.com/soolater/status/2095766985483356531","","2026-09-04T21:14:21.000Z"
"sopranoman","0xF7E66629C3727f227F5A75D7a8436F2d4f9D228d","https://x.com/sopranoman/status/2095380805744233248","","2026-09-04T21:16:56.000Z"
"sorenowl","0x7C1e0cB057e640B623BD43a751aa846022FA1bd5","https://x.com/sorenowl/status/2095800832999597013","","2026-09-04T21:15:55.000Z"
"soribao2","0x428092D3d90a4BC378A20e215E2F65fBCAFC282a","https://x.com/soribao2/status/2095908914642735374?s=20","333","2026-09-04T16:17:09.000Z"
"soribao_","0x8DF60c1AAAD93562DDde418514955B5f84e10d14","https://x.com/soribao_/status/2095907500767973478?s=20","329","2026-09-04T16:11:30.000Z"
"sormat","0x8AEc7ed56A9B67a4d6f139F31cFa575eC1f6237f","https://x.com/Sormat/status/2095598229773962104","","2026-09-04T21:21:23.000Z"
"soto000","0xb08229E4cC162f23B5fb51C6978Db165f374771e","https://x.com/soto000/status/2095073360516133035","","2026-09-04T21:17:36.000Z"
"southzz","0xDBDcf076b6D55aDbF56Fc5Cef3B294b112F3DffC","https://x.com/southzz/status/2094900128317985098","","2026-09-04T21:21:26.000Z"
"sp4rks","0xb434d19C62cFF0e3478498273806958dB1ff22a2","https://x.com/Sp4rks/status/2094956286351957246","","2026-09-04T21:14:31.000Z"
"spade","0x2cD5c2813fBd2B84792ca028CE372CA48e8fB7e0","https://x.com/spade/status/2095271598731168171","","2026-09-04T21:18:29.000Z"
"sparkle4ever","0x451e5e4F1C3D331605d2eee8cB393bb60b6Cc118","https://x.com/sparkle4ever/status/2095014423091017989","","2026-09-04T21:18:27.000Z"
"spd3294","0xc54140a55032e9EFf7a8D16A1e3dB3a55331a369","https://x.com/spd3294/status/2095936870253560303","394","2026-09-04T18:09:07.000Z"
"specux","0x38968D8aFDBE446c9FF2914c4cD14b3D9BC9B577","https://x.com/specux/status/2094994124974595020","","2026-09-04T21:18:32.000Z"
"spgol25","0x33943A52606E400b20A116693b9aA6F67a72e26c","https://x.com/spgol25/status/2094920474309383888","","2026-09-04T21:20:10.000Z"
"spickspr","0x49F5808D2dF3AA5f66A8ac3C8c21d527BE955724","https://x.com/spickspr/status/2095111514830847225","","2026-09-04T21:15:15.000Z"
"spilivilli","0x699d1D0eb98D4c1fA1f812010f8e712B5955ecE5","https://x.com/spilivilli/status/2094945011846566667","","2026-09-04T21:17:08.000Z"
"spongebob2002","0x4c26a3AcD4624efaF4C34e7F4405b8DD0AA9CF65","https://x.com/spongebob2002/status/2095726758974859459","","2026-09-04T21:20:05.000Z"
"spopo","0x58831C433D1cB99807e072C77EBd04DFbbE26fa6","https://x.com/spopo/status/2094996361622384558","","2026-09-04T21:16:56.000Z"
"sportified","0xc955F6E32d1Fd135aF9223be0289D6391a4df8Cf","https://x.com/sportified/status/2095517870667734437","","2026-09-04T21:15:38.000Z"
"sqquirrel","0x8c4134C17C8687d0ce8E0932C0d1740932BEfB26","https://x.com/sqquirrel/status/2095291534172895895","","2026-09-04T21:15:31.000Z"
"squeezybreezy","0xd93a25DC49fC4A43F82EF3FF013D47c75800b1BD","https://x.com/squeezybreezy/status/2095210764512447282","","2026-09-04T21:20:32.000Z"
"sreekant133","0x9C03E2E5287E3B357abA7d5327f1A87EcCB4E861","https://x.com/sreekant133/status/2095155878751616026","","2026-09-04T21:14:16.000Z"
"srikantae","0x36775796342374f457bE5D6163fb50e1F3D3Ba0F","https://x.com/Srikantae/status/2095759075941056936","","2026-09-04T21:15:10.000Z"
"ssaqua","0xa5A7ecc7e7880AB532f5b067Aa0D50d8884e584d","https://x.com/SSAQUA/status/2095885427307958300","","2026-09-04T21:15:39.000Z"
"ssense","0xcBB0932B910437208fa41c638964dF0EdF764177","https://x.com/ssense/status/2095380384270909907","","2026-09-04T21:21:11.000Z"
"ssssdddxx","0x2e5A55c01B01fFc55D5E84eA5306d442a9fF2214","https://x.com/ssssdddxx/status/2095471853747299200","","2026-09-04T21:15:51.000Z"
"st3u1","0x3DD70bbeD0090d0FBF68562DBF5a2D8839D1e2DF","https://x.com/st3u1/status/2095166237944306116","","2026-09-04T21:14:28.000Z"
"stand12","0xC4a0190E211BCaa5Ef1cDb566E39Cf15339E9a0E","https://x.com/Stand12/status/2094969040621251689","","2026-09-04T21:20:51.000Z"
"stanleymorgan","0x2886F93Da0e8ba76b90113b7f28Fb1Ff821B7837","https://x.com/StanleyMorgan/status/2095498611302220665","","2026-09-04T21:17:25.000Z"
"stanvl","0x230EC500191E2C9a27e13046f9dff9Bdf09B5D3f","https://x.com/StanVl/status/2095189946093402245","","2026-09-04T21:15:41.000Z"
"star_neo","0x33db547448204A9F8B2014839da3D105926B82F6","https://x.com/star_neo/status/2095099932926696905","","2026-09-04T21:17:36.000Z"
"stardust1","0x451951b324903205Ef04C3d3e6159f8cad8ccb5D","https://x.com/stardust1/status/2095885108867815220","","2026-09-04T21:16:01.000Z"
"starkzk","0x2cD30a943708635b47A3AC3E7016D2E92313a7aa","https://x.com/starkZk/status/2095668867312468922","","2026-09-04T21:18:11.000Z"
"starload6570","0xb030593Ed2C3E365832C42f00DF2Bef3B20B5b18","https://x.com/Starload6570/status/2095389528028661057","","2026-09-04T21:14:13.000Z"
"starlove","0x38bb86E4f876e92E37Ea7E4FF3cA8EDC6b065d1C","https://x.com/StarLove/status/2095527777726001737","","2026-09-04T21:15:57.000Z"
"starywuj","0xf9196a112AD3079b1b94C7f045392C6Da81e6e3a","https://x.com/starywuj/status/2094913492323912985","","2026-09-04T21:18:35.000Z"
"stazzers","0x94b3CDE06113F92c7f1b2F9c3361EBbf57D83F79","https://x.com/stazzers/status/2095220384903121192","","2026-09-04T21:16:42.000Z"
"stellarscribe","0xe2F6e82200BcDD197b8989bAe7786908D3F70b9C","https://x.com/StellarScribe/status/2095175717934586014","","2026-09-04T21:20:16.000Z"
"step01free","0x3609e4E6b00e1406C648a40027F077607f316E74","https://x.com/Step01free/status/2095225322484368651","","2026-09-04T21:20:36.000Z"
"steptod78","0x722803C9A199Bc9328E86F71BE3448014F1bAb72","https://x.com/Steptod78/status/2095016435950165914","","2026-09-04T21:14:13.000Z"
"stevan","0x0096Ee520FD4ef3A73B09CD537c3C433ef6ac891","https://x.com/stevan/status/2095863294106225663","","2026-09-04T21:16:00.000Z"
"steven_69","0x938D86aa82d4c6133Fe9ffE94cbb478196285af3","https://x.com/steven_69/status/2095652410505989519","","2026-09-04T21:20:21.000Z"
"stevepark","0x356268f03F544D1F15F3Db28aAf29866CcbF6646","https://x.com/stevepark/status/2095387333584283978","","2026-09-04T21:18:48.000Z"
"stoic_owl","0xA8EDb9EdA34EDE201B80D7e47041C9306d76e829","https://x.com/stoic_owl/status/2095014438924918398","","2026-09-04T21:20:07.000Z"
"stoicstorm","0xc709d889C232FeA5729F42A16bcA781A757f4281","https://x.com/stoicstorm/status/2095773595573672529","","2026-09-04T21:19:09.000Z"
"stonestar66","0xdf3b5462Bb790898f5050d8914c81a2D2E8F2D2F","https://x.com/stonestar66/status/2094945030098798256","","2026-09-04T21:15:37.000Z"
"storm_ari","0xBa6Ed952Bb07D60292cF6E8e5E044870F05f2aA3","https://x.com/storm_ari/status/2095314529460526378","","2026-09-04T21:19:18.000Z"
"stormcaptain","0x2a97D99070799377a2B79d6eD05dfA585620CDe3","https://x.com/stormcaptain/status/2095958436498075187","","2026-09-04T21:18:22.000Z"
"stranger3","0x3635A82Bb4fCCFA5ADB4014Fb5F935b2F9C7CEC8","https://x.com/Stranger3/status/2095151846945053937","","2026-09-04T21:21:33.000Z"
"striker","0x3c37002C7C597e307C5b7DD40b87F07B3A735566","https://x.com/Striker/status/2095863536807800997","","2026-09-04T21:20:46.000Z"
"strongjulissa13","0x7d54f8c3b30acE423E542e4d7759cFD6492248FA","https://x.com/strongjulissa13/status/2095921991720986601","","2026-09-04T21:14:55.000Z"
"strwr","0xeD6bD6fC48D31F31fcDE2Ebb584f96Fa8B1934A0","https://x.com/strwr/status/2095589121642110836","","2026-09-04T21:15:26.000Z"
"stucksmore","0x00e24C0aD06A62bd9b44d656C53e51850898c000","https://x.com/stucksmore/status/2095488586711720407","400","2026-09-04T18:28:03.000Z"
"suad05w3","0x87E089Cc1a8579fA0A48623F005656a6d04C934d","https://x.com/suad05w3/status/2095886021909151857","260","2026-09-04T14:46:24.000Z"
"suandyy","0x126C006C2f1A669af9eE55abB245f361B8ddC395","https://x.com/suandyy/status/2095410468560519458","","2026-09-04T21:16:03.000Z"
"suarez1980","0x7b8C3297343fd58776a76A78C85eb9C68f1d1800","https://x.com/Suarez1980/status/2095073412623351851","","2026-09-04T21:14:04.000Z"
"subandhab69","0x11F71D7c64e224bDb77AFe468A6aaEa238c6eB95","https://x.com/Subandhab69/status/2095112633390625140","","2026-09-04T21:18:55.000Z"
"subhadeep21","0x728dd996FDaEfB06d816ff1f3Fe02C46F2dD7E3D","https://x.com/Subhadeep21/status/2095407640169528413","","2026-09-04T21:16:02.000Z"
"suchitra","0xA5D1A5028f3267a422E092Ad836503a3CeE48321","https://x.com/suchitra/status/2095070953589226554","","2026-09-04T21:19:07.000Z"
"sugartop","0x5A9356D87788DaC45758Ae2BD0026144E75a70e9","https://x.com/SUGARTOP/status/2095430747959638004","","2026-09-04T21:15:49.000Z"
"suhasdasari","0xE0Df884352743E9d891B059aa2168C0675e62bB3","https://x.com/SuhasDasari/status/2095279355009506538","","2026-09-04T21:18:02.000Z"
"suicrypto","0x77A479B83b0aD2D24FbD3e4882f27856Ab78635A","https://x.com/suicrypto/status/2095474617918722802","","2026-09-04T21:21:36.000Z"
"suksesor","0x4e2b4E58CeeD9FeA41f9BbdE032c46Da0Ffd987D","https://x.com/Suksesor/status/2095646601086018077","","2026-09-04T21:20:04.000Z"
"summing","0xFcD70EcC56029481ea7ad91253033F2C0ED2eE21","https://x.com/summing/status/2095382516858933280","","2026-09-04T21:20:09.000Z"
"sumonaaha","0x50b78a506D44396Bf66232d23cC86784C18EbAbd","https://x.com/sumonaaha/status/2094980819574140364","","2026-09-04T21:16:15.000Z"
"sumonrana12","0x9a195aDA090F05362C20bff5b537cfB3BaDaE4b0","https://x.com/Sumonrana12/status/2095935362171067656","","2026-09-04T21:21:26.000Z"
"sun321","0x1df6320eb095931375AFf7e613E1cc8a7c9156B4","https://x.com/sun321/status/2095157894032605986","","2026-09-04T21:14:19.000Z"
"sunbeam","0xa1021709eE991EC9E1E874BC4C64D81dbc0f9963","https://x.com/Sunbeam/status/2095009064714122217","","2026-09-04T21:15:43.000Z"
"sunil_khudiwal","0x17Cb9952De80Dba5305269036C460f3450636ba1","https://x.com/Sunil_Khudiwal/status/2095881119719923766","235","2026-09-04T14:26:44.000Z"
"sunny2001","0xC179dBcC9dB7B8F757110236a35F6d40E58c4a50","https://x.com/Sunny2001/status/2095072294398172970","","2026-09-04T21:14:50.000Z"
"sunny_vale001","0xE815FFff74a559398C1Bc2EdD28FD05fc94985a1","https://x.com/Sunny_vale001/status/2095942531278253326","","2026-09-04T21:18:16.000Z"
"sunrise868","0x48740344E6c07d182AeADAAe48454890DDD5d14c","https://x.com/sunrise868/status/2095264809174506497","","2026-09-04T21:19:33.000Z"
"superchrome","0x420A19bff7870cBc22CA5977C950c4aD7E9e061d","https://x.com/SuperChrome/status/2095152341174458719","","2026-09-04T21:18:08.000Z"
"superdf","0x76F079BCE2286e8C7aD98FB11E0e70B7400e9136","https://x.com/superdf/status/2095729777068661403","","2026-09-04T21:15:50.000Z"
"superiorsats","0x2e49Fdc107befE0715841D681912080493651B6E","https://x.com/SuperiorSats/status/2096002143367098542","478","2026-09-04T22:27:44.000Z"
"supernaire","0xd7711cE875a7E75922A80f9214795fC84C915673","https://x.com/superNaire/status/2094933508185880117","","2026-09-04T21:18:52.000Z"
"superstats","0x357A08f1D6c0F20C034F7D87321d7c7e810F786A","https://x.com/SuperStats/status/2095482573514829653","","2026-09-04T21:19:32.000Z"
"suqiguai","0xd5fa9f7EBE532EC8142755C3b7301f94C1e62DA5","https://x.com/Suqiguai/status/2095329401707681304","","2026-09-04T21:14:41.000Z"
"suresh2786","0xCA5075D80FAe4110BC01D7f0e607F13401Fe79B1","https://x.com/Suresh2786/status/2095451814574403885","","2026-09-04T21:19:15.000Z"
"sureshr9","0x7D5485B10251Dae8D455E42F3cFe664c247a9151","https://x.com/sureshr9/status/2095564646880364088","","2026-09-04T21:17:21.000Z"
"sureve","0x89316437afe5c2c3AE529666F0e5E25c233d0771","https://x.com/sureve/status/2095055496375431509","","2026-09-04T21:16:58.000Z"
"surjendu","0xa24f65B352439c0956324a29F37B50A3dd0a1b50","https://x.com/Surjendu/status/2095799197724631055","","2026-09-04T21:19:22.000Z"
"surreptiti","0xeBf119c5c455589fE6dDD5Bb47592D8fDf308999","https://x.com/surreptiti/status/2095935919957113942","","2026-09-04T21:17:30.000Z"
"susie","0x594E437b6dEf98325E3608eD916d3Ce2ceAFf6BD","https://x.com/Susie/status/2095404843896479513","","2026-09-04T21:15:08.000Z"
"suvcar","0x3c7030397607fD4d564917730309201eAE535706","https://x.com/suvcar/status/2095073554082200376","","2026-09-04T21:18:10.000Z"
"suwawan","0xa1EfB898d3817cCfdbD11EB2685b762f3A567a11","https://x.com/SuwaWan/status/2095281663779623533","","2026-09-04T21:20:59.000Z"
"suyeoung3","0x20C9347ff802dED998Cd4dbb785fDd6FF8d832A8","https://x.com/suyeoung3/status/2095487564165579276","","2026-09-04T21:20:06.000Z"
"svczm","0x480b89C17bE271ae4a46f194e36f247000926CD0","https://x.com/svczm/status/2094933064048987522","","2026-09-04T21:19:03.000Z"
"sw123456","0xf54474FFDeF11492c5c7eDc19dEf4AE28bFdF38C","https://x.com/Sw123456/status/2095152787233885553","","2026-09-04T21:16:54.000Z"
"swadugirl","0x5fD020115b00e8795c207D65D4273CB40400bA25","https://x.com/Swadugirl/status/2095729222080072740","","2026-09-04T21:21:24.000Z"
"swampfox","0x157687ebadaf56BEb316A5E9e341a36B8cB562Ac","https://x.com/swampfox/status/2095660453620167956","","2026-09-04T21:15:07.000Z"
"swapn","0xBecbA19C16883863350869C95c023237C8D16bcB","https://x.com/Swapn/status/2095955267371603229","","2026-09-04T21:16:46.000Z"
"swapnam","0x543A3d56b26090c21B19Ab75c2Fa24Ebdf3A7b63","https://x.com/Swapnam/status/2095001481500034155","","2026-09-04T21:19:47.000Z"
"swelas","0x991150DF61E1427D5a43bAa1cFdBb1403bA36146","https://x.com/swelas/status/2095240919017950724","","2026-09-04T21:18:11.000Z"
"swift_ash","0x57bdA252edff40d497c8a9a64336d7d9c0297561","https://x.com/swift_ash/status/2095925885809328968","","2026-09-04T21:15:49.000Z"
"swift_ronin","0xEA93fFDb5191683f4544F155284023302464Bf67","https://x.com/swift_ronin/status/2095522270469060052","","2026-09-04T21:14:16.000Z"
"swift_wolf","0xb09B789914E3994998EfF2188B82BFcAAC05E3ce","https://x.com/swift_wolf/status/2094954490738598394","","2026-09-04T21:15:12.000Z"
"swiftember","0x45feD71110f31E9E10bf4Aa5df115fA329a26CCB","https://x.com/swiftember/status/2095470725649672247","","2026-09-04T21:17:17.000Z"
"swiftfalcon","0xD6AaE89510f2a949C45dF90E6F4B92d50f4e3922","https://x.com/swiftfalcon/status/2095777840563201709","","2026-09-04T21:21:01.000Z"
"swiftghost","0x603AFB1CEe3A3FFC70174c3B47aCf9C6c5906b2e","https://x.com/swiftghost/status/2094949966375032536","","2026-09-04T21:16:35.000Z"
"swimgood","0xA06B571C7730eeDBB0cB3d05FD82e0cc7c130fF4","https://x.com/swimgood/status/2095042343019103640","","2026-09-04T21:14:53.000Z"
"swtysgt","0x73Aa7AeFD002C180fB107026715B348E7b8e18F8","https://x.com/SWTYSGT/status/2095082180372100968","","2026-09-04T21:16:45.000Z"
"sxbt","0x84C537b8dFC79E4FAF224918461ff4242b184680","https://x.com/SXBT/status/2094924883284849654","","2026-09-04T21:19:29.000Z"
"sxin","0x8BF202eDC2F93f6e307F87C7022Cb301eb4EEf68","https://x.com/Sxin/status/2095213564052268918","","2026-09-04T21:15:28.000Z"
"sycha","0xb82fEe59321848608178ceDC1C638fD46916c6C1","https://x.com/SYCHA/status/2095815106352416199","","2026-09-04T21:20:54.000Z"
"sychonixx","0xcFb56900D5796C90870BEcCBFE8ad09111E5a091","https://x.com/sychonixx/status/2095149854063976454","","2026-09-04T21:20:29.000Z"
"syedimran","0x2Ea8D2BD31faAB4EF4B092A4a0BF785b38d6c849","https://x.com/syedimran/status/2095731389639735816","","2026-09-04T21:16:33.000Z"
"synergy","0xCdfc228649999d01BB12cCFa6aD7B63e5728950D","https://x.com/Synergy/status/2095619884979143384","","2026-09-04T21:17:52.000Z"
"syntaaa26","0xBA47829eAFa77aD7cbA2d889747d2ccF6FD68b45","https://x.com/syntaaa26/status/2095730525446654159","","2026-09-04T21:18:43.000Z"
"synwonger","0xE07Ad706D12cB1AabEFb5E85827fc8B2baCb5257","https://x.com/synwonger/status/2095976193277281342","","2026-09-04T21:19:28.000Z"
"vothaithinh102","0x5cb73120ad854900bd4c66c889c5464db8529c38","https://x.com/Haunting_Hoods/status/2095494665466237398?s=20","29","2026-09-04T03:44:51.000Z"
"t1dori","0x335141b6BDe09aD9f7ec98c776B88ee17aBC1e67","https://x.com/t1dori/status/2095796158814456763","","2026-09-04T21:20:49.000Z"
"t34rudy","0x78c0e5038a746e473CaEdd4e640a4F669bb3bd51","https://x.com/T34Rudy/status/2095800752235531298","","2026-09-04T21:16:19.000Z"
"t520","0x2AB29DbC4998d9975AF9a9b9921B09C2A9534687","https://x.com/t520/status/2095359283542532539","","2026-09-04T21:16:37.000Z"
"WalterFlor7lwf","0xb3D8401827fC2C0b2F9155FCa4E661E528003501","https://x.com/WalterFlor7lwf/status/2094052815361015809","","2026-09-04T08:58:50.000Z"
"Reyy_Key","0x9977ef1165b22ee5994956cf8bc8bd77ebff24b4","https://x.com/Reyy_Key/status/2095751931709051223?s=20","56","2026-09-04T05:53:43.000Z"
"t_huong","0xb2b0780A5ea8e6BaB710f8D3618cb7997cef6212","https://x.com/t_huong/status/2095716034657782176","","2026-09-04T21:20:11.000Z"
"ta2funk","0xF8c7Bd04F1986f5C94665bC609fB981BE367972a","https://x.com/ta2funk/status/2095988058365780095?s=20","458","2026-09-04T21:31:42.000Z"
"tadipura","0xF9c9a0aAc94149C6C02645cf28059ec011b12170","https://x.com/Tadipura/status/2095713383089277973","","2026-09-04T21:16:28.000Z"
"tahawen","0x9673920b8dfe2db6f643454e5a64c888fee78a84","https://x.com/tahawen/status/2095875553001677169","231","2026-09-04T14:04:39.000Z"
"tahosa","0xE02870a6efb58dB8C9a325FD02a76D064A58c075","https://x.com/Tahosa/status/2095976196570886047","","2026-09-04T21:18:36.000Z"
"tahsini","0x2679943B8c0F080595Bb6eBa85aa83040E779209","https://x.com/Tahsini/status/2095483651859819135","","2026-09-04T21:20:45.000Z"
"taihen","0xD34309DEb4c92931A699aB32cEA41596499720B4","https://x.com/taihen/status/2095079366495231922","","2026-09-04T21:18:23.000Z"
"taikhoan88","0x99AEeC6271C444C9864d43E3B27b77e548d00D01","https://x.com/taikhoan88/status/2095743425243546822","","2026-09-04T21:20:51.000Z"
"taka4649","0x9B1FCB9C2Fdd129353dbB898fdEBc79D323E5f60","https://x.com/taka4649/status/2095241318990890422","","2026-09-04T21:17:42.000Z"
"take1214","0x3E19D6E5fDE0C285fFFe32A0b7ACA5EF44fC912A","https://x.com/take1214/status/2095550368645619587","","2026-09-04T21:17:14.000Z"
"takemaru","0x6b995F639aeb43215779A58f2AD658Aa9b7333e9","https://x.com/takemaru/status/2095037742756988855","","2026-09-04T21:17:59.000Z"
"takeshi19843","0xe7dDA52761560355C323BF78EF4Bb9F9F052A74C","https://x.com/Takeshi19843/status/2095766651782904748","","2026-09-04T21:17:43.000Z"
"takgeo21","0xA7f8B51f3D74fe48F158374d939c761e954bF538","https://x.com/takgeo21/status/2095474136276310472","","2026-09-04T21:15:25.000Z"
"taki_crypto","0x3bC009854d7d0146cc1b9E01943234A2Ba325048","https://x.com/taki_crypto/status/2095845506535701115","","2026-09-04T21:19:54.000Z"
"talama","0x9CAdfFF9D2aA029e7eB296A8390f16f73320D1cf","https://x.com/talama/status/2095882120965231238","","2026-09-04T21:17:07.000Z"
"taliatalia","0x91A74F0733e6169294D0401E56B44736fBFcAdad","https://x.com/taliatalia/status/2095802977528441490","","2026-09-04T21:21:07.000Z"
"tamepanther","0x90e926e40878EE6B8A5461C94deF21C64D7F2449","https://x.com/tamepanther/status/2095232912543122023","","2026-09-04T21:15:08.000Z"
"tamerelic","0xa51Ff5E5a9C5F8b802999A8CB02b98b96df06503","https://x.com/tamerelic/status/2094985319210467022","","2026-09-04T21:16:08.000Z"
"tameryus","0x614aE893bF11Fd8F0a9D2e6CfD3f0FD677126DE0","https://x.com/tameryus/status/2095906373635858004","","2026-09-04T21:16:52.000Z"
"tamluu","0xB017896D661f99887b9941a05038BfdeAaae544f","https://x.com/TamLuu/status/2095407522186263237","","2026-09-04T21:14:08.000Z"
"tammo","0x3c479694ba952Ef358DA89bCa141524Ec1913e51","https://x.com/tammo/status/2095132492547939702","","2026-09-04T21:15:56.000Z"
"tanabota","0x38119A6084b4518d10A01bD5864510F827092410","https://x.com/TANABOTA/status/2095365305299175591","","2026-09-04T21:16:54.000Z"
"tanakam31023","0xB006799D8108C1418A52FE3435637F250810d7D7","https://x.com/TanakaM31023/status/2095033601633006459","","2026-09-04T21:18:36.000Z"
"tanakayo","0xC9939EF56D3b67e82AdBCEd35B4519E1C7E3854f","https://x.com/tanakayo/status/2095773291527830967","","2026-09-04T21:21:19.000Z"
"tanatheurs","0x0F8be7e3620FA9D635d9e22aB2695334cA187c4E","https://x.com/tanatheurs/status/2095568829408944078","","2026-09-04T21:14:15.000Z"
"tanbir51","0x6fCEBF343bC898A04b44c63201816017251c08F5","https://x.com/Tanbir51/status/2095169417417572912","","2026-09-04T21:20:36.000Z"
"tanmoypc","0xf7B47E60B1C77c24344c70316e8B8a5ee8a6A4dB","https://x.com/Tanmoypc/status/2095107755743572666","","2026-09-04T21:18:56.000Z"
"tanxiz","0xEC58b311291c1437F5f8F6D6fB70A1DFa6e4d715","https://x.com/tanxiz/status/2095799748930286488","","2026-09-04T21:19:06.000Z"
"tanzilk","0x8642E4b923481F1b5Ec1c5C858B593D5494Ef1A8","https://x.com/Tanzilk/status/2095468976444735812","","2026-09-04T21:21:06.000Z"
"tapenomh","0x8bE6E9030D5aF6Af2b4189d29473a639D786FD5a","https://x.com/tapenomh/status/2095627847444241821","","2026-09-04T21:14:51.000Z"
"tar_an","0xb5F1059bc0014120Da2b664eB3a2A1816b51edF8","https://x.com/tar_an/status/2095216412313321672","","2026-09-04T21:20:06.000Z"
"tareq1981","0xFf1de4244D6B255A69F885a90a995CC165F48Fc0","https://x.com/tareq1981/status/2095710717906351918","","2026-09-04T21:19:06.000Z"
"tarev","0x23C89eBE6B6785CF8EbaAd3277744d84Cc57A4F7","https://x.com/TarEv/status/2095650691152605028","","2026-09-04T21:16:09.000Z"
"tarivan2706","0x255F73cE38a3f50d2A44c8d548Ad76Ba1AD61DCd","https://x.com/tarivan2706/status/2096037174231830982?s=20","601","2026-09-05T05:59:05.000Z"
"tashib","0x75f02A35bdcE4830BaEd7cd91b5b704c56aECEC7","https://x.com/Tashib/status/2095531344141475708","","2026-09-04T21:17:18.000Z"
"tatarin","0xAE0C7FbEBAFc92ca81a25456Ecbc622562722cbb","https://x.com/Tatarin/status/2095931321612289447","","2026-09-04T21:20:59.000Z"
"tate_prophet","0xcDe950e6A0e4726Cc53269e35373C76916c0A989","https://x.com/tate_prophet/status/2094975326729063271","","2026-09-04T21:19:02.000Z"
"tatehunter","0x8552A6e327096579773500ffeDCD372D4b3C2406","https://x.com/tatehunter/status/2094935124952386121","","2026-09-04T21:14:45.000Z"
"tatemonk","0xc5fcc34409F63F65536735Ad0e06D68C60B8819B","https://x.com/tatemonk/status/2095626265023323470","","2026-09-04T21:14:20.000Z"
"taufeeq","0x0D76207D49A8a9A96C37eE45454ca9112ebf1378","https://x.com/Taufeeq/status/2095074849236673396","","2026-09-04T21:17:26.000Z"
"taurus_17m","0x2b5D3739A51d37Bb889F5253B96A772959044995","https://x.com/Taurus_17m/status/2095872569879351773","","2026-09-04T21:17:06.000Z"
"tawgaw22","0xae4d19FD5B38CdE181a7f41a5822bc21525F4d57","https://x.com/tawgaw22/status/2095460243146569395","","2026-09-04T21:20:15.000Z"
"tayfuni","0x550850D7D479E2a31E149dD1831F1258F697905b","https://x.com/tayfuni/status/2095050231221963558","","2026-09-04T21:19:11.000Z"
"tbinh","0xA8C0682a3341e03127e9C724b5De0dC48eF8F9c0","https://x.com/tbinh/status/2095933184425623947","","2026-09-04T21:17:43.000Z"
"tclapadp115","0x5b756De60713D79FD3F5d0270c29F243F953a4Fb","https://x.com/tclapadp115/status/2095119426470445830","","2026-09-04T21:18:46.000Z"
"tcommon","0x3e5Cbfb244B1a835c7B471c7549da21120eDa447","https://x.com/TCOMMON/status/2095762507914656983","","2026-09-04T21:16:32.000Z"
"tdungt1505","0x2215cd48D0492039022CFb455a907422C6580eDF","https://x.com/tdungt1505/status/2095098644625378808","","2026-09-04T21:20:14.000Z"
"tea1","0x48251f232Bc7FF77e777Ca5D4a72e41e746fE88F","https://x.com/tea1/status/2095711783966461186","","2026-09-04T21:20:31.000Z"
"teafield","0x4f3e701EC2a6807616067425Fc1E4D652f3ec75B","https://x.com/teafield/status/2095618299890639087","","2026-09-04T21:18:38.000Z"
"teamgod","0x36F18fd40567bda4a97815E19486511B61762F06","https://x.com/teamgod/status/2095769054869483238","","2026-09-04T21:14:31.000Z"
"tebh","0xB84380B618f9d6A3CDff9392dDEea89b8bc0a036","https://x.com/Tebh/status/2095900835678636831","","2026-09-04T21:14:33.000Z"
"teguharifiant","0x36CcB394Ba2e0dd85d6805c772ae90d3a66fA8E4","https://x.com/teguharifiant/status/2095241511633649555","","2026-09-04T21:15:53.000Z"
"tehangek","0x4757Bdb4F6B3dcc565ce6E5950dbB3835D2dDE13","https://x.com/tehangek/status/2095812035630166634","","2026-09-04T21:14:57.000Z"
"tehbotl7772","0x0E9077AbA4a52b30b8B2D346e8058C95475c84CC","https://x.com/i/status/2095906441945338311","325","2026-09-04T16:10:59.000Z"
"teiteitei","0x8fa25c4282c2F837982374d8DA569370c0e13dE8","https://x.com/teiteitei/status/2095286267245151280","","2026-09-04T21:16:48.000Z"
"tempest55","0x230Fa18bEf5412C27053569ae13DD8EB161d9289","https://x.com/Tempest55/status/2095829492087076833","","2026-09-04T21:21:11.000Z"
"tenderpoison","0xACC5DDAc3da47C686b69954B682DC6508C76f90E","https://x.com/TenderPoison/status/2095862118382842989","","2026-09-04T21:21:03.000Z"
"tenngg","0x6af3CFDF88BaC719c8C9b77FC7b3AB344e41881a","https://x.com/Tenngg/status/2095261181449263402","","2026-09-04T21:18:08.000Z"
"tenor","0x3db361BC1EF96EbDe6f39614117026758eF4D86F","https://x.com/Tenor/status/2095147051257509162","","2026-09-04T21:19:30.000Z"
"tenorman","0x3a4A049b086b83eFF4a57E9eaff5fcfba8305df7","https://x.com/tenorman/status/2095649687932038183","","2026-09-04T21:15:40.000Z"
"terambos","0xAFE8012bf38ea76c4B5D46B3855c30016F076A9f","https://x.com/terambos/status/2095324498533162398","","2026-09-04T21:14:02.000Z"
"terumaru","0x63c67f51cBea4Fa55d5EB95a6b954214992bC779","https://x.com/Terumaru/status/2095294245647943686","","2026-09-04T21:19:20.000Z"
"tesnetsatu","0xaa2d78D1ACc75ddbc138AC2674E45A27c8Bb5a72","https://x.com/TesnetSatu/status/2094982335586075246","","2026-09-04T21:16:22.000Z"
"tess_ferry","0xde0B1a27202a0370a2188019FF164507B603A5aF","https://x.com/tess_ferry/status/2095444386843990109","","2026-09-04T21:17:20.000Z"
"tessknight","0xCcBc704A32D8E737EeAB594636d7eC1218d2C4f0","https://x.com/tessknight/status/2095385230229950275","","2026-09-04T21:14:07.000Z"
"tessmist","0xCcf920A113E37c909Fa2cF1596a184a8F44E06C7","https://x.com/tessmist/status/2094927940949259447","","2026-09-04T21:21:18.000Z"
"testo69","0x3A744a0b8894ba2bF796E90a2CE45328ddED1fD9","https://x.com/testo69/status/2095954634674890889","","2026-09-04T21:15:22.000Z"
"AlexanderP68sc","0x6B1E20c3130713b9243FdBdf5a6124d21c331a4E","https://x.com/AlexanderP68sc/status/2093239799874846721","","2026-09-04T08:59:35.000Z"
"tflo","0xBA42E0dEF6bBDf8031EE92B9001CC3d23a27eAf7","https://x.com/Tflo/status/2095604407024032449","","2026-09-04T21:20:24.000Z"
"thakurhouse__","0x0Ed42003A8b2313f8a93B2641aB9d90B1630e3b0","https://x.com/thakurhouse__/status/2095919972326001403","","2026-09-04T21:19:52.000Z"
"thambui","0xe587202a27bbF4B653bf560B92704E260e19D8d0","https://x.com/Thambui/status/2094897618790061515","","2026-09-04T21:16:46.000Z"
"thangleo","0x48D43ea87EC8F1E7734164b26dAbE0481b9dDd9a","https://x.com/Thangleo/status/2095184000935140774","","2026-09-04T21:16:23.000Z"
"thanh64658279","0xF5B9DBbC0FA8121722f84A410f279A185a011E5f","https://x.com/Thanh64658279/status/2095405305722805538","","2026-09-04T21:16:29.000Z"
"thanhdoan","0x000F91cc7ca12f7c82Ff39693328DD465a98B512","https://x.com/thanhdoan/status/2095387812895403080","","2026-09-04T21:19:58.000Z"
"thanhho1","0xe5CBa155C4E7dF27F01100ef81F1C1C7F4b48357","https://x.com/thanhho1/status/2095974322200542055","","2026-09-04T21:17:24.000Z"
"thanhnc","0xCc25A10C8C28037AEFBbDA88Cc318310dE4E2E24","https://x.com/ThanhNc/status/2095101021434934009","","2026-09-04T21:21:07.000Z"
"thanhttadp","0xe5c2A8680C6C81244FEFB49E7E32f07B7cF421f4","https://x.com/thanhttadp/status/2094933976132522993","","2026-09-04T21:19:24.000Z"
"thao2","0x388CaE1691CE061f0Fc4fDda226cd537dd5EC15d","https://x.com/thao2/status/2095776668827147053","","2026-09-04T21:16:56.000Z"
"thao3","0xdF94a3b3A2b26B36Fbb48B129e7947E1Dd6B47F3","https://x.com/thao3/status/2095426053550570322","","2026-09-04T21:14:46.000Z"
"thatguy24","0xf253d2816508E864622808E735eABfBb2571c582","https://x.com/ThatGuy24/status/2095745964148692241","","2026-09-04T21:21:32.000Z"
"the_anchor","0x1091b727ff764B71809Dc69f16908Be7f1b5912f","https://x.com/the_anchor/status/2095034128716132473","","2026-09-04T21:14:45.000Z"
"the_ash","0xF3Ed21140bDF0170B6FCc6B3100e19f2E1459eFA","https://x.com/the_ash/status/2095524948855054869","","2026-09-04T21:21:38.000Z"
"the_bard","0x0637dA5221dc8Ed098E33d3EA7F5bc71bbEC2953","https://x.com/the_bard/status/2095215837064799495","","2026-09-04T21:20:00.000Z"
"the_baron","0x5559404F82F8476BD16f47B745D5F871D02D5575","https://x.com/the_baron/status/2095561085606177912","","2026-09-04T21:21:28.000Z"
"the_bear","0x12534748E77739f5F1e23eeF5D49E755B4D7Ac09","https://x.com/the_bear/status/2095484231403316065","","2026-09-04T21:21:26.000Z"
"the_blade","0x8b4075B79F7B1d3820fc9F508Db595df273C8d59","https://x.com/the_blade/status/2095419384141749841","","2026-09-04T21:15:40.000Z"
"the_captain","0xAf31D7f8ee8E2711950F00c281E1C56fB2C3d656","https://x.com/the_captain/status/2095172289838548091","","2026-09-04T21:18:17.000Z"
"the_comet","0xFC92332982B3dF044BB6C771c0112a0D84c7F24E","https://x.com/the_comet/status/2095357741880676667","","2026-09-04T21:16:01.000Z"
"the_compass","0x7a808C39782Acb5dD9C79C9227464DD7A942Dd0C","https://x.com/the_compass/status/2095504864571655161","","2026-09-04T21:17:03.000Z"
"the_dusk","0x017AC4a537349B11286b1260687840B78cD0902D","https://x.com/the_dusk/status/2095696199605855093","","2026-09-04T21:19:44.000Z"
"the_eclipse","0x17d2641643aa5d94fEFC3e4D6f894C88a07b7C88","https://x.com/the_eclipse/status/2095203289960259955","","2026-09-04T21:19:32.000Z"
"the_ember","0x4f7608a0b614fa66311ef700864fF61e07fDCE1d","https://x.com/the_ember/status/2095203320805182470","","2026-09-04T21:18:48.000Z"
"the_falcon","0x0b71d12BB73A557A4e10fC339abc50FA6f754671","https://x.com/the_falcon/status/2095272202195329256","","2026-09-04T21:14:39.000Z"
"the_fox","0x854FCc981d9d7314D967eF01F3ecA04845f3D38A","https://x.com/the_fox/status/2095609096658699311","","2026-09-04T21:17:07.000Z"
"the_frost","0x76952df81DAcD04363438b1F904d39266D2621df","https://x.com/the_frost/status/2095488370481016613","","2026-09-04T21:14:37.000Z"
"the_harbor","0xc58874BC771767C3702A6D5E26fA165D5647f9dC","https://x.com/the_harbor/status/2095371778183433846","","2026-09-04T21:19:17.000Z"
"the_hawk","0xf1e1dF3c07aa16b9dF656DE6F095a05A68F50bA0","https://x.com/the_hawk/status/2095772226958224507","","2026-09-04T21:16:25.000Z"
"the_herald","0x0AbeFb643bB4bE145664248699ae673684D29311","https://x.com/the_herald/status/2094922290879633141","","2026-09-04T21:19:55.000Z"
"the_jester","0x958ABfEbF3A28bA2f221D4D0E37A3ED7703d2316","https://x.com/the_jester/status/2095515757486962194","","2026-09-04T21:20:12.000Z"
"the_knight","0x7B16B30327b4741A01796C75D1316D6690394a2B","https://x.com/the_knight/status/2095494600854635350","","2026-09-04T21:18:45.000Z"
"the_lantern","0x8d17AAfC6164DEb6E5FCd6FdeA35136EF6A28ff0","https://x.com/the_lantern/status/2095835176563101708","","2026-09-04T21:18:44.000Z"
"the_ledger","0x749cE99b1A0F05FfbdEaA5Ef328A1c8e3f0F7D25","https://x.com/the_ledger/status/2095095032515780811","","2026-09-04T21:16:44.000Z"
"the_lion","0x24ed9A02c222cA5894b62E7afa7A81efFb086E9c","https://x.com/the_lion/status/2095695440522654051","","2026-09-04T21:21:10.000Z"
"the_moon","0x34A4B6ee9c1911f62BfA6405988e285F97255ce1","https://x.com/the_moon/status/2094951695192166648","","2026-09-04T21:16:01.000Z"
"the_oracle","0xE1E58B5808154B4618E22fb0db5b21E522C0b60F","https://x.com/the_oracle/status/2095234739509423451","","2026-09-04T21:17:02.000Z"
"the_owl","0x552fE5b8a477628066703b84782D689d78635497","https://x.com/the_owl/status/2095616326099094716","","2026-09-04T21:21:13.000Z"
"the_panther","0xEC08cefAbAfB38E76977DeC7e7dFbB2F1D4D064e","https://x.com/the_panther/status/2095132651200712836","","2026-09-04T21:18:29.000Z"
"the_phoenix","0x400d81c949089E52D1b75585e1d28F95e1C9E416","https://x.com/the_phoenix/status/2095324094828308699","","2026-09-04T21:15:58.000Z"
"the_prism","0x08741192BE0aE353cB51273c049e4B3c872F4b9d","https://x.com/the_prism/status/2095532923938310711","","2026-09-04T21:17:29.000Z"
"the_prophet","0x973723af499Ad20bEA497a63c6c3eFc7000527bA","https://x.com/the_prophet/status/2095636535591619042","","2026-09-04T21:21:29.000Z"
"the_ranger","0xD2348E80d17B9E15B9BDC1b72Ff11bec9610c9A4","https://x.com/the_ranger/status/2095674405120935361","","2026-09-04T21:18:38.000Z"
"the_raven","0x5A4c8917b7147035d452AEf12D5FDB3ED9961616","https://x.com/the_raven/status/2095458243743818143","","2026-09-04T21:19:10.000Z"
"the_relic","0x545e72Be634F4028dF3cBe34826065480673b434","https://x.com/the_relic/status/2095138260399097114","","2026-09-04T21:16:36.000Z"
"the_river","0xDDE13ED15Ac66233dB478185a65B00b92768Cd78","https://x.com/the_river/status/2095941729869763435","","2026-09-04T21:17:29.000Z"
"the_rogue","0x292DE0cD5779B6b20E9fbDa7FBBbCd7fDa790cc2","https://x.com/the_rogue/status/2095768732817626817","","2026-09-04T21:19:56.000Z"
"the_rune","0x38650477aC3Fc1697BC7477e692B263C8F71cC4d","https://x.com/the_rune/status/2095074992994752857","","2026-09-04T21:17:22.000Z"
"the_sage","0xec44920Ed4DB20516BF82D1f97DbebA98BACAA38","https://x.com/the_sage/status/2095797874660794559","","2026-09-04T21:17:20.000Z"
"the_sailor","0x5D4F8609F32B1470aabB960344D78F6ab35Eb689","https://x.com/the_sailor/status/2095256009376058174","","2026-09-04T21:19:08.000Z"
"the_samurai","0xBABA25d736FE262f87f712b747cB95a5C9023972","https://x.com/the_samurai/status/2095089863025713440","","2026-09-04T21:16:51.000Z"
"the_scholar","0xf59F36A46098F76BB8106aa1fe9955C84105b802","https://x.com/the_scholar/status/2095521379472988163","","2026-09-04T21:14:51.000Z"
"the_scribe","0xAf5976884620160081d4E809AB87aACb25a24707","https://x.com/the_scribe/status/2095691325995715276","","2026-09-04T21:20:21.000Z"
"the_signal","0x05a2d82A7D109474404EE6BC1bd10f55d4e2EcA8","https://x.com/the_signal/status/2095974001239792506","","2026-09-04T21:20:02.000Z"
"the_spear","0x7aD60cb2DFA7688162d64D5a17dee4be346E857F","https://x.com/the_spear/status/2095527416632684961","","2026-09-04T21:15:14.000Z"
"the_storm","0x75F13514a72A7bBB03CceBF8A2423CEef2E7A988","https://x.com/the_storm/status/2095757604522123315","","2026-09-04T21:20:42.000Z"
"the_vault","0x67Bd94506C13a1f18E4542982D9203F38087C052","https://x.com/the_vault/status/2095474914377528029","","2026-09-04T21:18:24.000Z"
"the_warden","0x98AB885B5BcDe033c1965C443373ad69724EAb17","https://x.com/the_warden/status/2095105756146358876","","2026-09-04T21:21:09.000Z"
"the_wave","0x5FCEb0ac1076eed7212F6aeF302b4c60946393B0","https://x.com/the_wave/status/2095930931788740023","","2026-09-04T21:15:06.000Z"
"the_witch","0xe0483a4284aF7EA90A39008335fc594d6d40AC22","https://x.com/the_witch/status/2095209546320421528","","2026-09-04T21:20:34.000Z"
"the_wraith","0xbf5aB9D6ee8f1eee5da420719d2c89dabC96F4Bc","https://x.com/the_wraith/status/2094934035846838426","","2026-09-04T21:16:40.000Z"
"theali1","0x0AfBaA4eFAD36d756827397FFE2759Ec439C11e4","https://x.com/theali1/status/2095941402948442034","","2026-09-04T21:16:23.000Z"
"thear","0xF199946739A8062844245252C44Ea8d99176BB9b","https://x.com/thear/status/2095503296324631131","","2026-09-04T21:18:08.000Z"
"thebank","0xF21d6898057fe04ECc44DbB19c9aA49E86B37201","https://x.com/thebank/status/2095381646065647395","","2026-09-04T21:19:15.000Z"
"thebourne","0x09d579E5B3a430859cc77A6c03E21f5418e9377D","https://x.com/thebourne/status/2095631574905570596","","2026-09-04T21:18:29.000Z"
"thegentleman","0xee231D586da8BF89Ecc1546E635A89944bA58e27","https://x.com/TheGentleman/status/2095627728849030627","","2026-09-04T21:17:57.000Z"
"thelar","0xba5B8Ed0ef0F0D09f321D77131095d6E698c69b0","https://x.com/Thelar/status/2095455958589663746","","2026-09-04T21:21:14.000Z"
"thelos","0x77Cc406789e2AdAEBC50EDD6d4704C44FeAC3B01","https://x.com/Thelos/status/2095341159419105108","","2026-09-04T21:20:17.000Z"
"theofficialdrl","0x150c9ef6E08386c46e7E5e69023a03cDf4F7c595","https://x.com/Theofficialdrl/status/2095457962941701519","","2026-09-04T21:14:59.000Z"
"theoknight","0x7a19d706a20E3EF80E8D8De82f18a24e954F481b","https://x.com/theoknight/status/2094935352734874260","","2026-09-04T21:18:26.000Z"
"theowolf","0x241949eCBeA4C6f7a8Dd3EEdBbc177cF67132e0B","https://x.com/theowolf/status/2095266737759681873","","2026-09-04T21:19:40.000Z"
"thepanacea911","0x1491f002CfD1841F6DB458B3fE68909DF7F2C4A3","https://x.com/ThePanacea911/status/2095015046456493769","","2026-09-04T21:20:49.000Z"
"thepandadroid","0x066c1CdfF456D34f588A753302a77f4749700Af1","https://x.com/ThePandaDroid/status/2095197931677194152","","2026-09-04T21:20:09.000Z"
"ther","0xbb873b31B87229448984E4d6C5a4468337D11719","https://x.com/Ther/status/2095413610442772138","","2026-09-04T21:20:33.000Z"
"thibann","0x3EB7219eFfC7c0016613CC7CB028C672d5456819","https://x.com/thibann/status/2095426784581478123","","2026-09-04T21:15:18.000Z"
"thienhai9004","0x6F1D1ebfeC53f93Ab63e0787c7834CBe29b12E03","https://x.com/thienhai9004/status/2095595738686969557","","2026-09-04T21:15:25.000Z"
"thinhnguyen","0xD2D46259B8306962D8e3eDa2061CF10ab90bEF11","https://x.com/thinhnguyen/status/2095580802862094960","","2026-09-04T21:20:56.000Z"
"thipham020990","0x89808ED3402FC0d48Ea5b735B455820cC0a70D66","https://x.com/ThiPham020990/status/2095365206191710811","","2026-09-04T21:18:06.000Z"
"thoras","0x2EC8E5531e815CCFb88186Fb669af6093D4A1667","https://x.com/Thoras/status/2095043351782703286","","2026-09-04T21:18:15.000Z"
"threego","0xD57F28447abAc33A127B42A584b41C4f6a195796","https://x.com/THREEGO/status/2095791549330718257","","2026-09-04T21:16:37.000Z"
"thristov","0x515051A3707A995EB9F4930BBE649ABe2387E452","https://x.com/THristov/status/2095591407905137924","","2026-09-04T21:21:11.000Z"
"thtblack","0x5257cC93AB6E45ce657F9CF797Cdb51cd4Abb0b1","https://x.com/THTBlack/status/2095071439933871529","","2026-09-04T21:15:04.000Z"
"thu2k","0xF95f9906Cb4b730D138bd1170E7a28Db0bB8c5dB","https://x.com/thu2k/status/2095025862838079198","","2026-09-04T21:15:38.000Z"
"thuan2","0x8fC74C9059dF5BB596A238Bd73880486e9cBc408","https://x.com/THUAN2/status/2095029986904338246","","2026-09-04T21:17:52.000Z"
"thuank","0xe1B03622c4065443dE6651B1416e6ba44DcD48ee","https://x.com/thuank/status/2095111771878610328","","2026-09-04T21:17:55.000Z"
"thuseven","0x34e20D65bD3E3EAef87EBd37a17C6dd094472942","https://x.com/Thuseven/status/2095778936759836210","","2026-09-04T21:15:28.000Z"
"thuyduong12","0x9E8c955C3C1EBf4ACD6A95c04CfbC11498700415","https://x.com/thuyduong12/status/2095871831913654089","","2026-09-04T21:15:35.000Z"
"thuylinh25598","0x7643fD23C6cE6025Ed39A769Ef7D8D53EeEFF0d7","https://x.com/thuylinh25598/status/2095811113652038444","","2026-09-04T21:18:41.000Z"
"tian563","0xA098fd70a66527387E6e6f548A34790305EF54A7","https://x.com/Tian563/status/2095723648559893147","","2026-09-04T21:14:05.000Z"
"tian_tian","0x56B5B3af160b253d000Da9E09094698647392aA8","https://x.com/tian_tian/status/2095488887336912463","","2026-09-04T21:16:48.000Z"
"tianchen","0xba0C5d34785D450C9D59Adef7d9D5E5F6A3e77Ef","https://x.com/tianchen/status/2095681811595822311","","2026-09-04T21:15:16.000Z"
"tiara","0xaF4e7a88d3346254b7042564Fcb307cAF46fAe60","https://x.com/TIARA/status/2095839341097619234","","2026-09-04T21:17:17.000Z"
"tibaeunila","0xa36815adea583ac380f68413843dbc35b6842e8e","https://x.com/TibaeUnila/status/1476622867940839452","594","2026-09-05T05:58:55.000Z"
"tibia74","0x213b3F35affa8347d092Ad2309195f249fcE1a21","https://x.com/Tibia74/status/2094926775479936781","","2026-09-04T21:14:59.000Z"
"tidestar","0x088333326Dc7c738973c7c24013E2140460236b4","https://x.com/tidestar/status/2094936420239446383","","2026-09-04T21:18:23.000Z"
"tienkythuatso","0x4be5dA37274865a5Dac31C549edB9b6D5071e71A","https://x.com/tienkythuatso/status/2095049458332139678","","2026-09-04T21:15:22.000Z"
"tiens","0xD9e8f9323373cb36CF28B6d80eA11F215056eF94","https://x.com/Tiens/status/2095353870530378232","","2026-09-04T21:16:19.000Z"
"tientran","0xfbC7c1D63D585Fe615d4B5d63d56085b40714dDD","https://x.com/tientran/status/2095092791082105828","","2026-09-04T21:15:07.000Z"
"tienzzzz","0x55E109d43913e1498cC844f6734E1552308af79b","https://x.com/tienzzzz/status/2095062480924970728","","2026-09-04T21:18:24.000Z"
"tieuhuannhi2021","0xc8cf09E863DFF7eA664AE85298231DE7d302a583","https://x.com/tieuhuannhi2021/status/2095161907244556277","","2026-09-04T21:21:06.000Z"
"tigerknight","0xb4de36476aD73bf7Bd4e775D6a6b33A6B20c7F66","https://x.com/tigerknight/status/2094915630672109907","","2026-09-04T21:21:12.000Z"
"tigerwars1","0xef1C3859668C7Ba64D8E65E03D64f3576B3b3932","https://x.com/tigerwars1/status/2094980593969230373","","2026-09-04T21:18:52.000Z"
"tigre103174","0x01328e82Fbc87D90fcfE7EE3a7932a6Da3148f5B","https://x.com/tigre103174/status/2095984189510205716?s=20","454","2026-09-04T21:16:32.000Z"
"tigreal007","0x3794a1f980646bb44ffd38af1beed29c6abc6b97","https://x.com/Tigreal007/status/2095922202550100016","366","2026-09-04T17:10:29.000Z"
"tihy","0x2F9D6Be5359eFd3dE701C64623eA0057F868244F","https://x.com/tihy/status/2095600536142007244","","2026-09-04T21:16:15.000Z"
"timbozz","0x44c1414fc35dE077e4444427B994585861e5f1e6","https://x.com/timbozz/status/2095636965712950737","","2026-09-04T21:17:32.000Z"
"timi","0x8fFeeDec60a33095de3DC83D016AfB11f7fa9DeB","https://x.com/timi/status/2095544895166369898","","2026-09-04T21:20:26.000Z"
"tistheiassou","0xBD6Ecf9672B140f59F4688eE94E2ED07Fd57812E","https://x.com/tistheiassou/status/2095542599281226549","","2026-09-04T21:18:32.000Z"
"titapspta","0xf7aD6DF5052BcbD85E0A38f1Fae3575d3B039107","https://x.com/Titapspta/status/2095093657213363287","","2026-09-04T21:20:16.000Z"
"tjhae","0xF96a9Bc538A3E18d688AB92b1D312709D9513E44","https://x.com/TJHAE/status/2095761263418753966","","2026-09-04T21:17:46.000Z"
"tlthtm","0x63643298b0A9746b10aaD9059348542A6f206bCf","https://x.com/tlthtm/status/2094990495153767247","","2026-09-04T21:21:23.000Z"
"tmchienadp312","0x319565e8005798C992F6fe5fE04dB524d6fb5CC0","https://x.com/tmchienadp312/status/2095749743059272218","","2026-09-04T21:17:50.000Z"
"to_krus","0xA13F45cfE7C2250bfCd997625F37fd770A5233B2","https://x.com/to_krus/status/2095930432386990408","378","2026-09-04T17:42:56.000Z"
"tobywang","0x275E70d7b6c93c1E457e6e7ECF1B0EB6bC93Fe74","https://x.com/tobyWang/status/2095955669306031249","","2026-09-04T21:15:30.000Z"
"tolea","0x397a76Fe9Bc5a0c0D6f4d24401e35cb664895451","https://x.com/Tolea/status/2095763177991991327","","2026-09-04T21:14:03.000Z"
"tom1501","0x244E83Ddc85CFa7839381C7c413c2D7A4a22FC75","https://x.com/tom1501/status/2095060451331014829","","2026-09-04T21:14:22.000Z"
"tomandtom","0x5B24539333B93aeF0664039731775416A5d7dd27","https://x.com/tomandtom/status/2095017506574647913","","2026-09-04T21:20:01.000Z"
"tomato","0x91e07aA2312bf9aa11cad3cD4Dd5691dCbA77486","https://x.com/tomato/status/2095306524878829152","","2026-09-04T21:14:38.000Z"
"tomdv","0x64d6c987A07847295a52E75878ef5E81d117FfB4","https://x.com/TomDV/status/2095219526737880689","","2026-09-04T21:15:57.000Z"
"tomhang39533421","0x5A161556CbE0Fed65Ef5a76a63e2169eC2524111","https://x.com/TomHang39533421/status/2095478416647199453","","2026-09-04T21:19:44.000Z"
"tomor","0x9dc8985C48ECb7632D321f4b57540C5Eed293864","https://x.com/tomor/status/2095756369951705478","","2026-09-04T21:15:27.000Z"
"tomt80s","0xC6846d55494f75bE25a1F3E81ca7f60CB6727fc9","https://x.com/tomt80s/status/2095883527614527822","","2026-09-04T21:16:48.000Z"
"tomvaleska","0xc4BFFF49c5237f14aE86461DEEF4e2B12E92A478","https://x.com/TomValeska/status/2095702529631058855","","2026-09-04T21:16:28.000Z"
"toni421","0xfafb602E86934c06a010EAB1c0B9E81Ace2aa91f","https://x.com/Toni421/status/2094906142844856671","","2026-09-04T21:20:09.000Z"
"tonoprasetyo_","0xa8d278662E40bF1817e36BF540b4aDfa5899148E","https://x.com/tonoprasetyo_/status/1","649","1788588429926"
"tony666","0xAd249BC61b7B567724C629a8f481d8Aa8340235B","https://x.com/Tony666/status/2095222375938831004","","2026-09-04T21:16:33.000Z"
"tonyc","0x0898f4CCC1293eDEE3426B3097c8024C03748f23","https://x.com/TONYC/status/2094956064899605857","","2026-09-04T21:17:59.000Z"
"tonymaidou","0x79A0A1226e0A84A419F78F8CC71A0dB170c0e4Fc","https://x.com/tonymaidou/status/2094961316447484259","","2026-09-04T21:15:13.000Z"
"topfly","0x57e8cD73B72359C005cE643A1b90c28EA2430BFD","https://x.com/topfly/status/2095178052404297924","","2026-09-04T21:16:55.000Z"
"topgir","0x45d4787ABf58d2393F3Df1Bb9E06d3265D2d96C5","https://x.com/topgir/status/2095599521397207140","","2026-09-04T21:19:39.000Z"
"topmatic","0x15bBf1d2151EFCB315723416C3c55469A12a23aF","https://x.com/TOPMATIC/status/2095841702412973690","","2026-09-04T21:20:45.000Z"
"topmike","0xeeEF07fc6Db35a4c5D993a316F7179A4285699e6","https://x.com/topmike/status/2095031987226033165","","2026-09-04T21:16:34.000Z"
"toponroy","0x5C165024303202bb01bd9ae5722f400726820FeF","https://x.com/toponroy/status/2095184360242584130","","2026-09-04T21:18:27.000Z"
"topten2","0x1daBb7E990B1f51d024E07c14b0496F2a731dd8B","https://x.com/topten2/status/2095812671990679845","","2026-09-04T21:19:21.000Z"
"toranit","0xDCFE740A1fa7AaC47CfCDa62bcd953d643FDCcBB","https://x.com/toranit/status/2095441220751754768","","2026-09-04T21:21:35.000Z"
"torif_adam","0xD233dc0E5285e0E41Cf746158a29cf2905561722","https://x.com/Torif_adam/status/2095532517453805842","","2026-09-04T21:15:53.000Z"
"torion","0x172B04e0107448EFf713459Ffc2534677C094E05","https://x.com/torion/status/2095881483957862407","","2026-09-04T21:20:36.000Z"
"torres","0x131DC73E29664B99c2C1b7A0Be98B921CdEf16e8","https://x.com/TORRES/status/2095214747856825874","","2026-09-04T21:14:24.000Z"
"tory_bergdorf","0x2646014472558bF134B4113d95095c953603F54f","https://x.com/tory_bergdorf/status/2095302117543694840","","2026-09-04T21:19:09.000Z"
"tosspeed","0x266B3D9FdCeEE897927DAc24eFf8BBcE9E11cf6e","https://x.com/Tosspeed/status/2095115497341896189","","2026-09-04T21:16:26.000Z"
"totlah","0x133035047DA9f030240dd20E263646AA20A88142","https://x.com/totlah/status/2095216021122546809","","2026-09-04T21:17:12.000Z"
"totomarusan","0x10d3aa9998B8Fcae13f31e2D8D6E5272979A71Dd","https://x.com/totomarusan/status/2095594633439409833","","2026-09-04T21:16:45.000Z"
"totose","0x06Ae1a613dFE53cb032637Eb0666Af12E1B931e6","https://x.com/Totose/status/2095772679120772103","","2026-09-04T21:17:40.000Z"
"toufik2016","0x863a2C644eE9745cF1f972C015FfCE699Dc3141d","https://x.com/toufik2016/status/2095198192496516061","","2026-09-04T21:15:20.000Z"
"tp4265","0x60AB0a399d73214e9169e9B80d67202E3F8911dC","https://x.com/TP4265/status/2095506380713078186","","2026-09-04T21:14:12.000Z"
"traicodoc","0x717a65A759a2A6C9CD0959F5dBd40A24732c7858","https://x.com/TraiCoDoc/status/2095398678517488673","","2026-09-04T21:17:27.000Z"
"tran98","0x4dCFB24af7245770c2D0127B83c29f49dF4E8015","https://x.com/tran98/status/2095417918486389679","","2026-09-04T21:19:27.000Z"
"tranbac","0x10cfb399Bb5bBee1E698a5fd1915eE624ec52109","https://x.com/tranbac/status/2095939985764683100","","2026-09-04T21:15:59.000Z"
"trangtttadp","0x436383B9F49a7761822e9F9fb75C4b42fBF13a70","https://x.com/trangtttadp/status/2095440576525600080","","2026-09-04T21:21:26.000Z"
"tranhang","0x27FAcb4e4b4B08BE222495aD2E193741E1C86D58","https://x.com/tranhang/status/2095496356226588697","","2026-09-04T21:17:24.000Z"
"tranquochuy","0xa68D3dc2Ae1990A8d0D5ccB428F5c63a25dFACf2","https://x.com/tranquochuy/status/2095589775589249795","","2026-09-04T21:21:13.000Z"
"transaction","0x58d5596b46554391fe9FB8BC049AD76b9823A112","https://x.com/Transaction/status/2095981443863690453","","2026-09-04T21:14:44.000Z"
"treazure_web3","0x552e0Cfb595a4F241847967C01D41EA12994434e","https://x.com/Treazure_web3/status/2096032346529042559","494","2026-09-05T00:28:01.000Z"
"trekt","0x4724e228695e4eD126F5eD8F9a3754eFaf89DACF","https://x.com/Trekt/status/2095890206263456362","","2026-09-04T21:20:44.000Z"
"triks13","0x57AaAD86C6e6bBc11127F3fAF3d204de5Bc22d15","https://x.com/TrikS13/status/2094920174378911336","","2026-09-04T21:17:54.000Z"
"trinhpnbadp","0xA862051C98a4b4835B007b0240f9F0d588AD7dC0","https://x.com/trinhpnbadp/status/2095594271945495895","","2026-09-04T21:16:06.000Z"
"triniti","0x13430B55F1528177F5e2c0847F86f73Dbea7972c","https://x.com/triniti/status/2095511927805150566","","2026-09-04T21:19:07.000Z"
"trishap","0x5c67fe1D31Cea40241B4DE5B4F2d13c2623834c6","https://x.com/Trishap/status/2094980372540408058","","2026-09-04T21:17:30.000Z"
"tritonw90","0x6E58bbB1Ea0A8fC5377618c2F3C8a1Fa24Bb42fB","https://x.com/Tritonw90/status/2095720173745882934","","2026-09-04T21:19:06.000Z"
"trizawsky","0xD4AFa58796cb65897B7dE0a3eC6C55bB05531169","https://x.com/Trizawsky/status/2095060180903527208","","2026-09-04T21:17:18.000Z"
"trong0509","0x9AFAa22BF63C6b84968D0b6f75F2a9FEc9378423","https://x.com/trong0509/status/2095277497507237069","","2026-09-04T21:18:30.000Z"
"trung","0x610B706c7a4F85698274E2e8052eC6995639aeBE","https://x.com/Trung/status/2095581234069936371","","2026-09-04T21:16:24.000Z"
"trung195","0xb1B1cFAE0eBd856f2DBb80BB71De632d254c87A4","https://x.com/trung195/status/2095470319031073811","","2026-09-04T21:19:47.000Z"
"trunggate","0x453A64e3498C73417a47eD79349C69e649D14175","https://x.com/Trunggate/status/2095141674343278030","","2026-09-04T21:18:33.000Z"
"tryluck","0xD6BbcDd9B8878ac241ab307527f0480FC1f4bE81","https://x.com/TryLuck/status/2095832284582754559","","2026-09-04T21:14:04.000Z"
"tsima","0x18D081d30Cf5cCDa2743eA82EF9BE47069C0e993","https://x.com/Tsima/status/2095584875842113646","","2026-09-04T21:15:31.000Z"
"tsubasa","0xD56D9931517f7FF77CE2bcdAE018aE16F21607d7","https://x.com/tsubasa/status/2095794999202279609","","2026-09-04T21:18:01.000Z"
"tsukapanda","0xA6Dd5260b32CA5AD4bA4135F14ec0331633D8040","https://x.com/tsukapanda/status/2095857149224672184","","2026-09-04T21:17:21.000Z"
"tsunetaka","0x443ADF03b88C860A70f80c99F48DDc93d5E99a58","https://x.com/tsunetaka/status/2095333770735990402","","2026-09-04T21:18:18.000Z"
"ttgbc","0x60798AE313492267834CD18e357D0FB8b0E2c485","https://x.com/ttgbc/status/2095178320448373758","","2026-09-04T21:14:13.000Z"
"ttnhanadp","0x1b20D71878c3Edcc94Cb9f3e672D4493F00D34F8","https://x.com/ttnhanadp/status/2095650069786899040","","2026-09-04T21:15:08.000Z"
"ttt5","0xE9c32B756EeF7a0a53f10Ef017E4a5007f8E7a8D","https://x.com/TTT5/status/2095571405714285960","","2026-09-04T21:21:09.000Z"
"tttrucadp357","0x40B34aDa7ff22C9864EE35C5dbAc663F73e45218","https://x.com/tttrucadp357/status/2095017043490075279","","2026-09-04T21:16:27.000Z"
"tu11615","0x65431e57a2f9D47980af28558CF9378210414A8f","https://x.com/TU11615/status/2095733450708073221","","2026-09-04T21:16:13.000Z"
"tuczky","0x6F42528b44c1Ec8e8e177965c0c6d227b802F8BC","https://x.com/tuczky/status/2094900648540248932","","2026-09-04T21:18:42.000Z"
"tudy0828","0xe871F5B08ef2885A38f50b12944aa0228CB53E8A","https://x.com/TUDY0828/status/2095638993965379925","","2026-09-04T21:18:23.000Z"
"tugayyalinc","0xC9d1F0C5cA939d0DdeD73Ee149d615Ea9918b8e8","https://x.com/tugayyalinc/status/2095034053574347812","","2026-09-04T21:21:26.000Z"
"tuhakaren","0x5ac332796ad3c3357a8c148e45f3f91bec18ade6","https://x.com/TuhaKaren/status/1512848016381968385","606","2026-09-05T05:59:12.000Z"
"tujamo","0x3B51506a2Bafc3B0ee0BbB6687B5060436912e7f","https://x.com/Tujamo/status/2095599692372280140","","2026-09-04T21:17:13.000Z"
"tung","0xF33B84aC4869A37b69564B6Ba6878fFa29F1104e","https://x.com/tung/status/2095916996967406289","","2026-09-04T21:16:26.000Z"
"tuyetnhi3","0x09a6021DBC40Ba5fD2EC5cBC813a14218B78dC83","https://x.com/Tuyetnhi3/status/2095094221061551436","","2026-09-04T21:19:03.000Z"
"tvlsun","0x6b49ee025175E18526165b82db8981F1bFb11E42","https://x.com/Tvlsun/status/2095670066564747712","","2026-09-04T21:14:14.000Z"
"ammarjaved77","0xB6cbD09304dCa56A074c33253869cd1993a69bf2","https://x.com/Haunting_Hoods/status/2095494665466237398?s=20","50","2026-09-04T05:21:34.000Z"
"twelvecrypto","0x059Ba7b4f7bEa16C8fa6acEa7e9bafBcD2e17968","https://x.com/twelvecrypto/status/2095623227590559089","","2026-09-04T21:21:20.000Z"
"twetterx5","0x65b9ad7C898D6d02dc69F91DeA954E04b5BfBa04","https://x.com/twetterx5/status/2095497145914999177","239","2026-09-04T14:27:02.000Z"
"twiceone","0x3408dAe40B98aD427d319163dbB44f1ee08168e4","https://x.com/twiceone/status/2095881777924294402","","2026-09-04T21:15:09.000Z"
"twintbeast","0x1C713df237cef7350D09C33F85397343Bfcd8f6F","https://x.com/TwinTBeast/status/2095770391481574078","","2026-09-04T21:18:48.000Z"
"tyutyu6","0xf7bd51C38607036509c057d2A36165F64929bbcC","https://x.com/tyutyu6/status/2095605480024449752","","2026-09-04T21:17:35.000Z"
"u17ga1","0xcC5290EDf6315A558f68DeCCD5F4c579009c1677","https://x.com/u17ga1/status/2095772873283949101","","2026-09-04T21:18:20.000Z"
"JkRandor","0x6810ac2ef57dde5dd2f7d70aa97a0d3396a46b8a","https://x.com/JkRandor/status/2095857352729649384?s=20","205","2026-09-04T12:52:16.000Z"
"u5847554","0xC50a9553Fc3b203814d80Cf03fC8b3f49782C8C8","https://x.com/U5847554/status/2095971069567476670","","2026-09-04T21:16:43.000Z"
"natasha13nh0","0x246b9Ae6c987Cf4C1dbcd814e05658Df553afD95","https://x.com/natasha13nh0/status/2094375269992235009","","2026-09-04T08:58:02.000Z"
"RoyMorrishcmj","0xd092F8984c3C00C8eEF7903F5235D30066A9B5f0","https://x.com/RoyMorrishcmj/status/2094896154801078273","","2026-09-04T08:59:29.000Z"
"emily07tz8","0x049188e8Ad31313D83000A56F21241742cf720e8","https://x.com/emily07tz8/status/2094117076871413761","","2026-09-04T08:58:10.000Z"
"uangin","0x6d20862dfdb229b7fd9955763316cac43fA4E4C9","https://x.com/uangin/status/2095894101778461848","","2026-09-04T21:19:51.000Z"
"ubian","0x72b53c7A67d0FE7cA1AD480A2f04d59cDc8768DB","https://x.com/ubian/status/2095140288508405329","","2026-09-04T21:17:49.000Z"
"udav","0xF44Be4A8d1392D18150aB5AFc56B5e77386Db061","https://x.com/udav/status/2094920146116952469","","2026-09-04T21:16:08.000Z"
"uid0631396408","0xcc30f390475E91b75556411d4697d9074455BB50","https://x.com/uid0631396408/status/2095950301929091102?s=20","410","2026-09-04T19:01:42.000Z"
"uje88","0x04285F18ACfd33d8b3f7A2D509c635619026FC39","https://x.com/uje88/status/2095821566063073794","","2026-09-04T21:14:16.000Z"
"ullu","0x115302dd8ef2d581A223DE1908a340b61dF9a716","https://x.com/ullu/status/2094936218720957584","","2026-09-04T21:16:47.000Z"
"ulti6074","0x4F0F4Dd7B52B98ec82dE17fF028B6Bc0205Be899","https://x.com/Ulti6074/status/2095892708372156514","284","2026-09-04T15:12:48.000Z"
"ultraleow","0x3895AD9384BF691DAa60906c592d39a6050c55cB","https://x.com/Ultraleow/status/2095567002219495932","","2026-09-04T21:14:30.000Z"
"umanuma","0x53001d32F1931fa3a6Cd6Ee2BFC4e10DDA3A4692","https://x.com/Umanuma/status/2095030202857908194","","2026-09-04T21:16:49.000Z"
"umar116115","0x1aD12c3d68c81752f0aa110471d8Ae080A4ea159","https://x.com/Umar116115/status/2095786391436426393","","2026-09-04T21:20:42.000Z"
"umberowl","0x84909C527A1143c18d88c3f18C103413bdD267A7","https://x.com/umberowl/status/2095973356631837628","","2026-09-04T21:20:03.000Z"
"umrannd8","0x48bAa46d4C999B74bCf06FfCBff72eDc9a9f0589","https://x.com/Haunting_Hoods/status/2095880792765497711","542","2026-09-05T04:56:29.000Z"
"uncleben","0x6F26989d35089176C4E1aa7093fCF43106e8752B","https://x.com/uncleben/status/2095373761290535364","","2026-09-04T21:20:52.000Z"
"underearth","0x0114c41dD93a0B2cA35Bd561b64F3352F4d03551","https://x.com/UnderEarth/status/2095228354296284880","","2026-09-04T21:15:46.000Z"
"unga","0x12a225A04eCE96Ec0DABf2eE6012645E16715ca5","https://x.com/unga/status/2095323022342843375","","2026-09-04T21:19:49.000Z"
"ungoo","0x1Cadb6C9b565e4699A8DD4C15DDAE897C1EebAFc","https://x.com/ungoo/status/2095960839527494569","","2026-09-04T21:15:17.000Z"
"ungupasha","0x19487d071C63793f03657F879cE2AD70272FecA5","https://x.com/UNGUPASHA/status/2095649312658573548","","2026-09-04T21:19:53.000Z"
"unisone","0x2c9162fF7CDB1e10C7C976d1277631ECd5650640","https://x.com/Unisone/status/2095125222570984303","","2026-09-04T21:17:10.000Z"
"universeguild","0xC60D411dEa90BF1843d78dbc62A60763abB46fB6","https://x.com/UniverseGuild/status/2095707099572534898","","2026-09-04T21:20:25.000Z"
"unsiii","0xD458613C4Ae1c06FDD545c852D7aC6D183bF48D0","https://x.com/unsiii/status/2095298410869330410","","2026-09-04T21:18:21.000Z"
"up","0xb13c1F24580f1854c66c081915b02Cea65E88752","https://x.com/Up/status/2095186410837346045","","2026-09-04T21:14:26.000Z"
"urinamila","0x6339e9aad3bced73d696d09c0abd21cea849b19e","https://x.com/UrinaMila/status/1472580908330852359","569","2026-09-05T05:43:16.000Z"
"user0x","0xab80b238A12D63c9AA32Fc5eFD167B5959e49EB7","https://x.com/user0x/status/2095206758531896588","","2026-09-04T21:16:41.000Z"
"usro","0x4Ea11E38aD6bA70C4669eAFBC92DaA7465B70B07","https://x.com/Usro/status/2094955706412731856","","2026-09-04T21:17:11.000Z"
"ustura","0x7381a14A4D5dD810FfD47EBAf1E76A4dbd839F37","https://x.com/usTuRa/status/2095779424402537220","","2026-09-04T21:16:05.000Z"
"utyio","0xc14bE17c458b08ac55A8721c064eb1AA34CB2980","https://x.com/utyio/status/2095763067759858211","","2026-09-04T21:20:36.000Z"
"uvdada2020","0x4cE88e2Dae41169D0d9EaEfeAbAB2033565deDE0","https://x.com/uvdada2020/status/2095428399944406065","","2026-09-04T21:20:44.000Z"
"uvdada5050","0x95248aA4d6CD83fB720f489461606Ff054e3a0C5","https://x.com/uvdada5050/status/2095479669818443161","","2026-09-04T21:16:02.000Z"
"uvihs","0xb7B212B49B1d4a9bC5872c3C003aD875bde3F703","https://x.com/uvihs/status/2095091970217139369","","2026-09-04T21:14:46.000Z"
"uyenuyen","0x35acEF2E561D6C5f485B7F6236cadCFa36293cC2","https://x.com/Uyenuyen/status/2095012529517306329","","2026-09-04T21:17:11.000Z"
"uzunlardanemre","0x14caB2e97706AbF0fDaeE32FED525c8fDe7706e0","https://x.com/uzunlardanemre/status/2094931023840158240","","2026-09-04T21:14:53.000Z"
"v1t4r4","0x0fD070175aEC741369f451b005BDEf5106020b76","https://x.com/V1T4R4/status/2095484001379671109","","2026-09-04T21:17:49.000Z"
"v8rprv","0xE8F0784436Dc65E75ACF4D8f2E8344E7Ae1fb867","https://x.com/V8RPRV/status/2095518410430867259","","2026-09-04T21:14:09.000Z"
"Ngeteh48","0x55ABDcaB172aab430d9112b356CCB6BE952359D0","https://x.com/Ngeteh48/status/2095817184006262841","102","2026-09-04T10:12:19.000Z"
"SHUVOBD_","0xAcB70CC70dEDC33DcAf62236EA46c1632f82Da6f","https://x.com/SHUVOBD_/status/2095716866354557279?s=20","22","2026-09-04T03:33:44.000Z"
"4nx1etyyyyyy","0x51A04a359Bd0cc4832DeffEfA154B8BBd0399501","https://x.com/4nx1etyyyyyy/status/2095809528323551443?s=20","94","2026-09-04T09:42:13.000Z"
"vaas","0xCAAafA744ccf010d06da141e4089CAEC634963b0","https://x.com/vaas/status/2095525133282725982","","2026-09-04T21:19:22.000Z"
"vacik1","0xb45753A2586c9922833b2F13C3C3eD805E3d0D20","https://x.com/vacik1/status/2095053710488809540","","2026-09-04T21:18:21.000Z"
"vagabond9x","0xd78cf7275dD5E525302239AeF531b1C4d5577aDd","https://x.com/VAGABOND9X/status/2095260619521029700","","2026-09-04T21:16:32.000Z"
"vahid","0xC010812B6e196674a24717231871F95497b9e913","https://x.com/Vahid/status/2095544593553735595","","2026-09-04T21:15:15.000Z"
"vahiddihav","0xE3C4bf7Ae10d08F7259cBd23e436ed4f0Ec4eef6","https://x.com/VahiddihaV/status/2095907553576739843","","2026-09-04T21:19:51.000Z"
"vaiio","0xa3FbBF54dad8850B6F7ad890Df6110B18FBabd57","https://x.com/VAIIO/status/2095420374826004923","","2026-09-04T21:15:28.000Z"
"vaikyrie","0x06a5635b713e0dA11c7c5351639c681Ce0c9e07D","https://x.com/VaIkyrie/status/2094910942689122743","","2026-09-04T21:19:17.000Z"
"vajdaj","0xEeA1Eb3e090cFCa5Fc35daBA414e54Ac06E62ccE","https://x.com/vajdaj/status/2095701298635050807","","2026-09-04T21:18:57.000Z"
"vakitsiz","0xf357FdC99C1BBC69c11415C2c05944Da03a33587","https://x.com/vakitsiz/status/2095019373794885164","","2026-09-04T21:15:55.000Z"
"valentinab","0x152850F25f556E844CA6BBefeF13173495b973A1","https://x.com/ValentinaB/status/2094996700732951634","","2026-09-04T21:14:29.000Z"
"valeriaanton67","0x6F09d853D0B5FF52386435E3c9F52c01fa32fAce","https://x.com/valeriaanton67/status/2095023217095486201","","2026-09-04T21:16:00.000Z"
"valf","0x2eD72d2a3CbbA25b38dC8BC6062073852C9476C4","https://x.com/valf/status/2095673196939030341","","2026-09-04T21:18:48.000Z"
"vanadij75","0x4EeE28c76d77a88fB04221E49749B7e56E797F3E","https://x.com/vanadij75/status/2095344776357700397","","2026-09-04T21:20:57.000Z"
"vanajaselvin","0xd30C8625d84095AE7eD4AA290a00BC3ad8F3C3D5","https://x.com/vanajaselvin/status/2095537803066225822","","2026-09-04T21:14:01.000Z"
"vandersen","0x38b8bD875496c5FC96B50fbC0C9a989280a4f426","https://x.com/vandersen/status/2095926852790656991","","2026-09-04T21:16:18.000Z"
"vango0302","0x70c4294973A0Db3eAC4D42E777D15b2c97601c12","https://x.com/vango0302/status/2095537714798056135","","2026-09-04T21:18:57.000Z"
"vanmadam42","0x21368F020D2AEA6D3ED67525408234aDc771b694","https://x.com/vanmadam42/status/2094950628778852506","","2026-09-04T21:21:19.000Z"
"vannam","0xe3b4b836F1e8890C33242780c16E4Bb417cfc18E","https://x.com/vannam/status/2095588573603557556","","2026-09-04T21:15:45.000Z"
"vanpresies","0xd9c9535dBFCE4b6fEBC72D037Ad9625688C5B84a","https://x.com/vanpresies/status/2095395496130583480","","2026-09-04T21:19:03.000Z"
"vantao","0xD9dd6dBC556a0b829e4C92CB7694aee11db5C20D","https://x.com/vantao/status/2095787545485251718","","2026-09-04T21:20:37.000Z"
"vanvan268","0x33e74B08Bd484E296fB6d69F1f4bef659b15e0f0","https://x.com/vanvan268/status/2095542726615884068","","2026-09-04T21:18:45.000Z"
"varyaga","0x1d0f26beE0c3Bf3b9Ae818BF4984a202e502b9eE","https://x.com/Varyaga/status/2095166409349923659","","2026-09-04T21:14:48.000Z"
"vasu117","0xfEa46aDFA5B38AFB1Bfb6963882ff109f618D301","https://x.com/Vasu117/status/2095244053367458093","","2026-09-04T21:15:43.000Z"
"vasyaas","0x75996dd266b1c8f87BD1C0B0e76C399ac9DEA636","https://x.com/Vasyaas/status/2095582636328967605","","2026-09-04T21:18:27.000Z"
"vatnik","0x93cf8dd26DFba6251e7a0CD3dF94cAf318cFd48F","https://x.com/Vatnik/status/2095683865904050106","","2026-09-04T21:14:50.000Z"
"vault_theo","0x3c61640AD37eBEa4FD90A01F30161F7686dD19Ba","https://x.com/vault_theo/status/2095640171895089046","","2026-09-04T21:15:59.000Z"
"KarenJames7zge","0x53Ec7E381B091659e8d98EF462Ac497c6169E1EC","https://x.com/KarenJames7zge/status/2093543330985017345","","2026-09-04T08:59:06.000Z"
"0xsinchan_","0x927b081d608261b180784ea4228afCDc9241ad8e","https://x.com/0xsinchan_/status/2095719168964444217","28","2026-09-04T03:43:02.000Z"
"vdventures","0x2489E8424D965549dF5252aEfc1962862Dc68095","https://x.com/vdventures/status/2095172159082156651","","2026-09-04T21:19:38.000Z"
"veeky1981","0x117293aE8B2b18bD2BC74b3e1237BFf447693284","https://x.com/veeky1981/status/2095236510974045920","","2026-09-04T21:14:25.000Z"
"vega_lion","0x061d2dBF17944B535EA85BEF991B5668a491d6b0","https://x.com/vega_lion/status/2095184374608252024","","2026-09-04T21:16:50.000Z"
"vega_signal","0x74e334d61446Dc3Bbf1B5DA0E763572C0d67792E","https://x.com/vega_signal/status/2095229843744583907","","2026-09-04T21:17:05.000Z"
"vegafrost","0x6Af8a01a9675416E1581ae9696D6a06f19374ce2","https://x.com/vegafrost/status/2095837092881151197","","2026-09-04T21:14:10.000Z"
"veleno","0x7658CCfa566Eb9848842E514Bf17Db01bD5aF9ac","https://x.com/veleno/status/2095766498292410128","","2026-09-04T21:16:37.000Z"
"velt89","0xBaEc2cB7C0dd35DF7b4084a77D9c940933F594d8","https://x.com/Velt89/status/2094965832816974399","","2026-09-04T21:18:25.000Z"
"velvetsoul","0xaEdBaFA25772557C01c87eFFe50710b8a09662e3","https://x.com/velvetsoul/status/2095455532113854084","","2026-09-04T21:17:34.000Z"
"vendetta01","0xA5Cb63b284f1BBAF108f69017d3cDD234aFD20a8","https://x.com/vendetta01/status/2095614049438405841","","2026-09-04T21:16:55.000Z"
"vengeance52","0x8f17d5A1FD8C901c68aEb1ef5e991211CbDe54B3","https://x.com/vengeance52/status/2095168471478986828","","2026-09-04T21:20:43.000Z"
"vera_herald","0xd87df6427A90dd225fE1f8284343b2407de48cD3","https://x.com/vera_herald/status/2095048661097142469","","2026-09-04T21:15:19.000Z"
"veraanchor","0xa55A6067bfC2064e77F9B01C01513516c5E0cac0","https://x.com/veraanchor/status/2095368971528890606","","2026-09-04T21:21:09.000Z"
"verastar","0xba4c55bEA9d72f5c93a307128194704848F450B0","https://x.com/verastar/status/2094931773206530240","","2026-09-04T21:16:13.000Z"
"verdugo77","0xF867658A48dE5A8443036596b09937c79C0E6848","https://x.com/verdugo77/status/2095573659089415558","","2026-09-04T21:19:18.000Z"
"vergys","0xc2237654D4874318b488122Bb2D4e403320811Aa","https://x.com/Vergys/status/2095513770767099959","","2026-09-04T21:16:16.000Z"
"verve","0x3E58DB627CDe655e31053357988C085450BC6D94","https://x.com/verve/status/2095131984833575104","","2026-09-04T21:19:26.000Z"
"vesta88","0xd2a50eC652F869F171dCd168e31B3A06B12EC54f","https://x.com/Vesta88/status/2095934062764814464","","2026-09-04T21:21:30.000Z"
"veterok","0xd9408618f56f3aF6aDecf549263587b2c17510DF","https://x.com/veterok/status/2095413955650660923","","2026-09-04T21:17:11.000Z"
"vezdhodd","0xa7077789434a7E68FD765018E749AaA6F6aeEc37","https://x.com/vezdhodd/status/2095074658517684876","","2026-09-04T21:19:36.000Z"
"vgophan","0xA63CeBb67a91C91BddF533961E716647B1bbFa46","https://x.com/vgophan/status/2095429664080366992","","2026-09-04T21:17:46.000Z"
"judy12fo2","0x7847c7942e4dEA301f8Ae67c2e3E63F9fC124b06","https://x.com/judy12fo2/status/2094687843598204929","","2026-09-04T08:58:40.000Z"
"vickyb","0xADd57bc4acc46Fe6CCFC3C6e713300137e834534","https://x.com/Vickyb/status/2095978641690889813","","2026-09-04T21:16:20.000Z"
"vickychong","0x4c73688dB251eDb6dDa84963139b6DC7832B3DEF","https://x.com/VickyChong/status/2095272474941905297","","2026-09-04T21:16:46.000Z"
"vicsee","0x3E0d70d7cB1019cb18f465479a55589ac52313BC","https://x.com/vicsee/status/2095135843002489914","","2026-09-04T21:19:50.000Z"
"victor","0x2a654A2896cBE73863E504816b50f15206a95A28","https://x.com/Victor/status/2095767737069962195","","2026-09-04T21:15:41.000Z"
"victorin_ox","0x1f0327E6724D52a76c5D59b1De48CF9ecA0D9c0e","https://x.com/Victorin_ox/status/2095624055559614142","","2026-09-04T21:17:01.000Z"
"victorius","0x415C68051BAF650c25EA0E672C25d600EcA201dD","https://x.com/victorius/status/2095952851891152873","","2026-09-04T21:17:52.000Z"
"victorrc","0x6dD69F67ffF75A7b77BfE463e7C3997D6673bE7E","https://x.com/Victorrc/status/2095219000984396806","","2026-09-04T21:14:58.000Z"
"vidence","0x208F7C5796B57D52634310436FDABEDA0D43a824","https://x.com/Vidence/status/2095383330444717910","","2026-09-04T21:21:08.000Z"
"viet","0x6cf53fa6db628fd673f10e523badb02d901e14b1","https://x.com/intent/like?tweet_id=2095880792765497711","516","2026-09-05T03:22:06.000Z"
"vietkyc","0x2408648223802D434D241E53456DeA51C21Cac14","https://x.com/VietKYC/status/2095101406817528740","","2026-09-04T21:14:40.000Z"
"vietnam91","0x2b141C29b5D4e44Aa25115A9ADCa55Fa32F61a3E","https://x.com/vietnam91/status/2095604781667186334","","2026-09-04T21:15:33.000Z"
"vijaypatel1528","0xC47B37CE7a5772a21c09F903923DA8cB5706844F","https://x.com/vijaypatel1528/status/2095794516718851897","","2026-09-04T21:19:14.000Z"
"vijen","0x0b13E6863d6FdaF5D17158F82A4570e199F8845e","https://x.com/vijen/status/2094952762597198465","","2026-09-04T21:14:12.000Z"
"villainn16","0xC19D4F009463c2A26c729465adf87f96a7d3b387","https://x.com/villainn16/status/2095968550540100325","","2026-09-04T21:14:37.000Z"
"vimal","0xab819b441E10BcA78bDFf00A2630f3a8fE7ef03e","https://x.com/Vimal/status/2095971144454290630","","2026-09-04T21:18:15.000Z"
"vineakachi","0x69e8F3D4Db380D018F11c677FE44acB5e7f2e65c","https://x.com/vineakachi/status/2095313823121826950","","2026-09-04T21:17:08.000Z"
"vinex","0x00294534e3E1744662E2A9C158332261c78D32AA","https://x.com/Vinex/status/2095447808072503457","","2026-09-04T21:16:16.000Z"
"vinhben","0x7b879E0848Ae6B1D7F7C337bC0894160C2Be52E5","https://x.com/vinhben/status/2094950836094254779","","2026-09-04T21:20:50.000Z"
"violet_falcon","0xa3d160f596FDA148c7cD1e9Ce01f018DEFe0Bf0B","https://x.com/violet_falcon/status/2095542910445602852","","2026-09-04T21:16:59.000Z"
"violet_hawk","0xEFb6AA8250185DDd8B5cb6061Df146f441AfE30e","https://x.com/violet_hawk/status/2094989611630982006","","2026-09-04T21:18:30.000Z"
"violet_scribe","0xE4e2d954C900DC5d1aBAe79b58872C71a2b9fa5B","https://x.com/violet_scribe/status/2095557270777347514","","2026-09-04T21:18:47.000Z"
"violet_vault","0xEE91EC721a6b886a374Ab474c8347f538386ae42","https://x.com/violet_vault/status/2095667439336559556","","2026-09-04T21:14:03.000Z"
"violetcrow","0xe8Ed6c7Ae7a728B1F6403b6884F97DF0535B996a","https://x.com/violetcrow/status/2095497006770172610","","2026-09-04T21:17:50.000Z"
"violetdog","0x97E94BdFDdb6dF354a3cdE401c3f9CCC7E79de0A","https://x.com/violetdog/status/2095181092508525132","","2026-09-04T21:16:06.000Z"
"violethawk","0x012d7e475F3b910b4De4bAf942FD1841c666D67F","https://x.com/violethawk/status/2095699482522385724","","2026-09-04T21:18:09.000Z"
"violetlynx","0xb60A0FDFF274d357CCEbF9Dc64F880761b66CB87","https://x.com/violetlynx/status/2095186997784871853","","2026-09-04T21:19:19.000Z"
"violetraven","0x5649548dA739233A09F9B01e86F59fd0DFD2CE8b","https://x.com/violetraven/status/2095092331938726142","","2026-09-04T21:15:36.000Z"
"viop","0x91f7FFcA0b5B281E0aC730c9a9D7a4E66c783800","https://x.com/VioP/status/2095527633823414969","","2026-09-04T21:14:48.000Z"
"vioty","0xdF0fc1AF120FB460C3EcC8bFd71b1938fBa60aB4","https://x.com/vioty/status/2095264483495482111","","2026-09-04T21:21:06.000Z"
"vip16","0x3C7724228e7a8aAa48bcd69F9688dD34049a1439","https://x.com/vip16/status/2095970429068252124","","2026-09-04T21:16:28.000Z"
"viper","0xc73F8f4C174D8652A4540d594ba4d4EA9230D1E2","https://x.com/viper/status/2095509831066507195","","2026-09-04T21:18:35.000Z"
"vishalpa123","0xaB5DEee7c20A143d28a5EF2Beb0aD99a4F77eBEE","https://x.com/Vishalpa123/status/2095963961178902816?s=20","431","2026-09-04T19:56:29.000Z"
"visionxbtc","0x668611fcf8148930c13fc1c9c11cde5a7422c3b3","https://x.com/visionxbtc/status/2095924600924455086","369","2026-09-04T17:20:02.000Z"
"visud2024","0x4af6689cec8f13126a2d9b58c323dcb74e9cd568","https://x.com/Haunting_Hoods/status/2095880792765497711?s=20","312","2026-09-04T15:52:01.000Z"
"vitalknight","0x04d0b3703df698e680D73DF7b78Ce3CD4D8623FC","https://x.com/ViTalKnight/status/2095268046719662323","","2026-09-04T21:16:57.000Z"
"vitaly_k","0x6a7bD718Af3693126f4254148a1a57d6C8216DA5","https://x.com/Vitaly_k/status/2095838978671673304","","2026-09-04T21:14:32.000Z"
"vitaxa","0xC8eB79b1b83935c7A6cd26Ad8b09EB413a373f0c","https://x.com/vitaxa/status/2095511447511019753","","2026-09-04T21:15:49.000Z"
"vitiutis","0x97eE9DD0dEfE191b4Df56faa0624ADd4bF2BAd10","https://x.com/Vitiutis/status/2095330306166104271","","2026-09-04T21:18:41.000Z"
"vividlion","0xEAaDb3B2b145E7F9E9E2D31A59605B9C0Cc3E0eF","https://x.com/vividlion/status/2095361516383351484","","2026-09-04T21:19:51.000Z"
"vividmist","0x25D92A65A5B7B264814E7e20310DDA4E07CD8299","https://x.com/vividmist/status/2095076827967314512","","2026-09-04T21:19:40.000Z"
"vividseer","0x52c16daF80824724a1cc86D8387108869F1f8056","https://x.com/vividseer/status/2095070357764222177","","2026-09-04T21:17:34.000Z"
"vjelfain","0xe8d8c1c188CE68072f669178c2dc7e3710C19C06","https://x.com/vjelfain/status/2095750966267225175","","2026-09-04T21:14:44.000Z"
"vk911","0x9645Cc35aAc89E4377033F832cF36f5Cc42Cf924","https://x.com/VK911/status/2095953874395636993","","2026-09-04T21:19:03.000Z"
"vladik2000","0x212E4820AF9E957607681D3b6711ede391e67C60","https://x.com/vladik2000/status/2095531474707831646","","2026-09-04T21:15:17.000Z"
"vladiklord","0x7b46702aB25Ea29047BAE0d2c5c2174C8Aa0C78d","https://x.com/VladikLord/status/2094959053151089108","","2026-09-04T21:17:27.000Z"
"vlog","0x692CDcEd694E2172033746782006252dBfBF4adf","https://x.com/vlog/status/2095311746568644271","","2026-09-04T21:16:33.000Z"
"vnguyen","0x6fbF71615187FB9E40dbD9A653781De6bCd9fB6f","https://x.com/VNGUYEN/status/2095241711540468136","","2026-09-04T21:18:22.000Z"
"vo_123","0xa4733d4D07C09F550b734Df103426A080eF5BF74","https://x.com/vo_123/status/2095164241491948122","","2026-09-04T21:14:55.000Z"
"void_phoenix","0x6D3f23A94eCDd61D540701554E19575533e884D9","https://x.com/void_phoenix/status/2095077591074512694","","2026-09-04T21:18:20.000Z"
"void_pilgrim","0xE79C5992087910ef958FB1E77080F7b9DB6aD4fe","https://x.com/void_pilgrim/status/2095458036057505760","","2026-09-04T21:19:49.000Z"
"void_star","0xe7aDf6bCF286b59A3cb0Ea6C2ff7A7EC9A57Ebb0","https://x.com/void_star/status/2095295581687679051","","2026-09-04T21:20:18.000Z"
"voidhunter","0x8160dc80dC5de7eCe517c8CA9De2252506636866","https://x.com/voidhunter/status/2095727534052854042","","2026-09-04T21:20:14.000Z"
"voidmage","0x8b08A85740F76B5F06201f28993B41f31f26E778","https://x.com/voidmage/status/2095878397606857301","","2026-09-04T21:14:31.000Z"
"volcano666","0x9E3d84D04E89421dA22a24eC0EB10aC669BE62Ee","https://x.com/volcano666/status/2095466519404978741","","2026-09-04T21:19:18.000Z"
"volg_web3","https://x.com/Haunting_Hoods/status/2095494665466237398?s=20","https://x.com/Haunting_Hoods/status/2095494665466237398?s=20","230","2026-09-04T14:04:06.000Z"
"volk","0x6927911D6f47207a16adc035ed034662E122D95f","https://x.com/volk/status/2095455999355719367","","2026-09-04T21:14:47.000Z"
"vonsfield","0x4a86d41644F63FA94a3646Fc22506D87e69237bB","https://x.com/vonsfield/status/2095101336234690426","","2026-09-04T21:15:04.000Z"
"vrey","0x5654E0b5167572412A9FdfdC4AE67FF75D8CB343","https://x.com/Vrey/status/2095798017404950099","","2026-09-04T21:17:22.000Z"
"april04yj6","0xcF6cefD30716C1351190d29b0202758b677373Af","https://x.com/april04yj6/status/2093045411265642497","","2026-09-04T08:58:18.000Z"
"vuhung","0x35363d20141aBba0f76e0BA639b214b885bbEA80","https://x.com/VUHUNG/status/2095199879083866477","","2026-09-04T21:20:34.000Z"
"vulkan","0xdb15c75C2F6F7253b22a471eB70F3371Ab901710","https://x.com/vulkan/status/2095775389625587488","","2026-09-04T21:20:06.000Z"
"vulkan1","0x328bc0f5886985Eb49dbCA89472A7d9F14FBC63f","https://x.com/vulkan1/status/2094970147058733659","","2026-09-04T21:15:58.000Z"
"vunguyen3008","0x6A8A367DeF0F2db674b6790947cCf682aE2322e5","https://x.com/vunguyen3008/status/2095445079499834760","","2026-09-04T21:19:57.000Z"
"vuvui","0x4a414eEE688AD321160a12c3e7C9278b9F77137b","https://x.com/vuvui/status/2095825604805468552","","2026-09-04T21:14:15.000Z"
"vuzzy","0xCBdd0811272aF638DEDcfCCEa9AdF268ECF7AB33","https://x.com/Vuzzy/status/2095184755766110560","","2026-09-04T21:19:52.000Z"
"vvhose","0xDEA9d99b99487f3366853c936CE139EC78903614","https://x.com/vvhose/status/2095907903341547969?s=20","330","2026-09-04T16:13:02.000Z"
"vwesd","0x0Ff84A6f5dBc9045c3d0D78E6367B4d8535Ec02a","https://x.com/vwesd/status/2095001490100853811","","2026-09-04T21:16:24.000Z"
"Hotlis26","0xde016e23b73e8a32ea7174122e013782f50d495b","","87","2026-09-04T09:22:36.000Z"
"vyta","0x4B364828Bb908fa0611989c30917C98F24eFeE70","https://x.com/VYTA/status/2095522801323268479","","2026-09-04T21:17:33.000Z"
"w4rdy","0x79c0f6466D425294Dcb16f0A19B158561A0E0525","https://x.com/w4rdy/status/2095146029250388001","","2026-09-04T21:18:51.000Z"
"wagmin","0xe4a0187d4BaFe8766aD45332c3D01b3Cac521a61","https://x.com/wagmin/status/2095170804318366530","","2026-09-04T21:17:31.000Z"
"wahyunugraha8","0x7355198A9Eb3a7471D983572890018d4673896cD","https://x.com/wahyunugraha8/status/1","650","1788588432988"
"waiyan200","0xc5D458948505157371fBb4939a6B4cd9bB1C642c","https://x.com/waiyan200/status/2095423788487449671","","2026-09-04T21:21:33.000Z"
"waldosh","0x5673F34b7f7F475973600EB96b4267d7C919262c","https://x.com/waldosh/status/2095757662729443711","","2026-09-04T21:14:47.000Z"
"waletairdrop","0x8aF8fe9c6b5629AB6C22E6d6a8192B2316501DA9","https://x.com/waletairdrop/status/2095945922457850073","","2026-09-04T21:15:35.000Z"
"walfigo","0xF4125A77361c47061AB161717e521d6c5750c0B3","https://x.com/Walfigo/status/2095042136262176582","","2026-09-04T21:16:11.000Z"
"walker","0xe7959943a48e53ac58e7aFE34788bdb2B97e9c45","https://x.com/walker/status/2095667206194926516","","2026-09-04T21:15:51.000Z"
"wamah","0x9eCB63662D7360Ac2FE879b4168A23B96741EeDe","https://x.com/WAMAH/status/2095077747286696764","","2026-09-04T21:18:14.000Z"
"wanba","0x74f5b41fE3489D0C33A7849791F3E098A93f5985","https://x.com/wanba/status/2095514558653032049","","2026-09-04T21:15:32.000Z"
"wancutri","0x01880E144eBA7A0c27257419973852F647b99f02","https://x.com/Wancutri/status/2095104122260816040","","2026-09-04T21:17:19.000Z"
"wandering_ember","0x1bd1E5E39b358Cd12FB24DABE70145223b34F64C","https://x.com/wandering_ember/status/2095489506491331089","","2026-09-04T21:14:59.000Z"
"wandering_lion","0xAcFD66C00F3C7103fC99bDA902c3D43a4297E0ED","https://x.com/wandering_lion/status/2094998533887730547","","2026-09-04T21:21:13.000Z"
"wandering_rogue","0x34A38940E3a4102C42Be05848c80c03019194ec8","https://x.com/wandering_rogue/status/2095064656933179662","","2026-09-04T21:15:44.000Z"
"wandering_seer","0x819875AD3c9813048B58999253D05f51d0a578F0","https://x.com/wandering_seer/status/2095914807662535141","","2026-09-04T21:15:58.000Z"
"wanderingbear","0x6C3DBD979CDB0c7c69073B0ba19a532147f21e7D","https://x.com/wanderingbear/status/2094905875393491641","","2026-09-04T21:16:07.000Z"
"wanderingjester","0xE0CF0926aeAB293Cd660A1E58E810Ad492368faB","https://x.com/wanderingjester/status/2094973140185682982","","2026-09-04T21:18:54.000Z"
"wanderingtide","0x25c0B5543800B39FE8ECc374D5a9D04d1d6E1B32","https://x.com/wanderingtide/status/2095904107810430145","","2026-09-04T21:16:57.000Z"
"wanderingwave","0xd268b48E3640f1201256d300DE42f6d7B9759A69","https://x.com/wanderingwave/status/2095731366602232341","","2026-09-04T21:16:49.000Z"
"wangg","0xc9eE95c92858d1A769bD9Bb671b185aFd462C712","https://x.com/Wangg/status/2095216273380410156","","2026-09-04T21:16:58.000Z"
"wangyiwang","0xE1452949D8C1554515a6c56aF34Fb15B2dEB17aF","https://x.com/wangyiwang/status/2094978225732553270","","2026-09-04T21:20:38.000Z"
"wangzol","0xD13A6FcE9c98a8Db18f697b98Ee1152F9bEf44c5","https://x.com/wangzol/status/2095443273921525498","","2026-09-04T21:16:20.000Z"
"want_whale","0x11544B46E1db22e6BEE93200f34822fe658Ef183","https://x.com/Want_whale/status/2095854417828253857","240","2026-09-04T14:27:10.000Z"
"wanwan2023aa","0x0C8f5a344C95d71d6849d87a13ab1a8C8D34E4b3","https://x.com/wanwan2023aa/status/2095060409014551773","","2026-09-04T21:20:55.000Z"
"warden090","0x9524D1d43ff62ae14A031196bc99f34B65663960","https://x.com/WARDEN090/status/2094962658026530171","","2026-09-04T21:18:45.000Z"
"wazosky","0x1fdcbeF6c8Db44B9843eF91861fF221dDf428193","https://x.com/wazosky/status/2095933730079839474","","2026-09-04T21:18:26.000Z"
"wazzap","0xF6478a9E7b1828E7C91A42D21605C9e922d3DEF2","https://x.com/wazzap/status/2095515269318682461","","2026-09-04T21:17:09.000Z"
"wdf9527","0x4e3B19285650FAB7775C1bf3BAE5AEAc2ee843a4","https://x.com/wdf9527/status/2094976498824859458","","2026-09-04T21:19:43.000Z"
"web3_crypto","0xB5191f5DE4deC4ca7BF93C0CF034958C5e472577","https://x.com/web3_crypto/status/2095680318868667204","","2026-09-04T21:21:37.000Z"
"web3_samira","0xE314C5DE7542B522450b44d3D5e7001BcFBff05A","https://x.com/web3_Samira/status/2095956150756024543","423","2026-09-04T19:25:00.000Z"
"web3dapp","0x8aC9528110c190469F1D91670Dc98a0BCBe028a7","https://x.com/web3dapp/status/2095637155270174696","","2026-09-04T21:19:55.000Z"
"web3dothan","0x75404fe152420252909a66a2398e25e2f2c95f53","https://x.com/web3dothan/status/2095993261106057266","468","2026-09-04T21:53:00.000Z"
"web3ens","0xC1bf4894eac1568D23715bBD4A5421C4448BE6a6","https://x.com/web3ens/status/2094964321512675392","","2026-09-04T21:19:44.000Z"
"web3nft","0x6312D619332cDf6c61209C5A087aba193746F79a","https://x.com/web3nft/status/2095496743310923023","","2026-09-04T21:14:47.000Z"
"web3sight","0x8951e5729941Fe15e088d5f41e4352e4dB52cdaE","https://x.com/web3sight/status/2095568639300810939","","2026-09-04T21:21:14.000Z"
"web3swap","0x71c50C7795454Be79E91d3e92198CC9845DAB710","https://x.com/web3swap/status/2095812546404208627","","2026-09-04T21:14:12.000Z"
"web3youth","0xB9c41285AC781feb6bCF1FdC21BC5043a5b8d83C","https://x.com/Web3youth/status/2095699206835702733","","2026-09-04T21:19:59.000Z"
"web4taichou","0x961887899c3eAc99A8948F5632655a1A6d40425b","https://x.com/web4taichou/status/2095936247712828523","","2026-09-04T21:15:03.000Z"
"webmakler","0x9d42588489a45A4E7b6A1238Ac0629c602913F40","https://x.com/webmakler/status/2095375569621029422","","2026-09-04T21:15:32.000Z"
"wedropj","0x040767Bd74472f3164802487AF8AF7efe73C9374","https://x.com/wedropj/status/2095684667453579079","","2026-09-04T21:14:18.000Z"
"wedspierre","0x2aFbE0dBeA10fA533F88A1671AfD79bD2e9B8600","https://x.com/Wedspierre/status/2095678319239358301","","2026-09-04T21:15:47.000Z"
"weeks","0x493cD0AEa66E44634c027a2c6e44D1fB039F3E2e","https://x.com/weeks/status/2095802186459430064","","2026-09-04T21:18:48.000Z"
"weilian123","0x83F8aFc3874cAB66aB00cB028c45d0f9bEAF64B0","https://x.com/weilian123/status/2095968914975696807","","2026-09-04T21:14:18.000Z"
"wendikazuya","0xe1EF4b676e17FFfCF951d543dC91d6debF46f937","https://x.com/wendikazuya/status/2095892026856534283?s=20","280","2026-09-04T15:10:22.000Z"
"wendyqueen","0x5616e8b2287570F47DF84FE3DC7cFacE89109d17","https://x.com/wendyqueen/status/2095640882248367330","","2026-09-04T21:16:18.000Z"
"wentoken","0x9257384E74A736b3FBC80470CbE0066B8e9c3Aad","https://x.com/wentoken/status/2095136500473242329","","2026-09-04T21:19:25.000Z"
"wenxue600","0xf32Cb287d4Ebcf059E7d1440f13E4786D47aB99f","https://x.com/wenxue600/status/2095625025564918751","","2026-09-04T21:15:15.000Z"
"werwety","0xF8FaFe6675B668dff3fCbDC371D6A059a784cFc3","https://x.com/werwety/status/2095774288133511009","","2026-09-04T21:16:59.000Z"
"wetg4","0xfa1eA645954c0d8FBC1b5D61dD09464451662E23","https://x.com/wetg4/status/2095579355138790706","","2026-09-04T21:17:26.000Z"
"dexterderler","0x3a5d74045A04f46C0FdAa9776FbFD317FFa7Ea68","https://x.com/dexterderler/status/2095829174078296278","170","2026-09-04T11:00:09.000Z"
"alexolaoye7","0x7A2F69d25dE46aEacB2a6e7bAd9D3AdD6d8052C2","","1","2026-09-03T15:44:39.000Z"
"whatanick","0x00393d60D9dc0a6CACBAEC09e0131c2d241a801a","https://x.com/whatanick/status/2094929995268439192","","2026-09-04T21:17:57.000Z"
"whattaman","0xeBBd87C0133D51822523F89d37Fec506A3657668","https://x.com/WhattaMan/status/2095146263902560615","","2026-09-04T21:19:39.000Z"
"whdqja020202","0x45892a2156D6cA99713dEaD5c7E6bEc1396c523D","https://x.com/whdqja020202/status/2095814773702453134","","2026-09-04T21:16:25.000Z"
"whisper_","0x36D746095891ae69a4DeCA4cC052057ACeab2289","https://x.com/Whisper_/status/2095109000316094044","","2026-09-04T21:20:09.000Z"
"whitelist","0x7E24238AB23F1C6FC3212d351924CF9c7312D531","https://x.com/whitelist/status/2094958122898514429","","2026-09-04T21:18:36.000Z"
"whitelistxyz","0xCB53971190e0b1fd4c8826e414466701d930cb6C","https://x.com/whitelistxyz/status/2095895369505505403","","2026-09-04T21:14:04.000Z"
"whizdom11","0x374E6C0cc51B4dDD830C4354743529F131ee68C7","https://x.com/Whizdom11/status/2095198158709921565","","2026-09-04T21:18:26.000Z"
"whoismeme","0xfC540308Af581b17422FD772c3BFd4F4AFA3673D","https://x.com/whoismeme/status/2095936391840276913","","2026-09-04T21:20:38.000Z"
"widiyaningsih_","0x3E35c63742CCa3DC40E44BDD5bd261035bED52ea","https://x.com/widiyaningsih_/status/1","629","1788588370055"
"wifwif2","0x6A48f22f9cFB155DD7b3416a607d7B073684A5e9","https://x.com/wifwif2/status/2094945073693476676","","2026-09-04T21:16:50.000Z"
"wild_hawk","0x3163fcB03D3b1135A5303ca8F5b2eF6B251e443B","https://x.com/wild_hawk/status/2095167355188984268","","2026-09-04T21:16:50.000Z"
"wild_wave","0x83444D90502Bc67328444009Ef5E652644F317Ee","https://x.com/wild_wave/status/2095046161118811065","","2026-09-04T21:19:53.000Z"
"wildanchor","0x8Af57b75ae25F2C06063EE172DfC1C3F60A58CB6","https://x.com/wildanchor/status/2095960576760048750","","2026-09-04T21:14:47.000Z"
"wildember","0x1e472a7c12A1b255EE88cC630e2d3426a6019626","https://x.com/wildember/status/2095571044145355536","","2026-09-04T21:18:52.000Z"
"wildledger","0xE75EB2B0702e4d105eeC2a8B270aeB48cCE07259","https://x.com/wildledger/status/2095368064598316334","","2026-09-04T21:20:05.000Z"
"wildronin","0x0Fcce13b3A7021e4364D9915FDe7744ee4A33C85","https://x.com/wildronin/status/2095538335623982828","","2026-09-04T21:21:04.000Z"
"wildrune","0x201919C7627F45a601305b771Ac7Ee00E5c85194","https://x.com/wildrune/status/2095975277447327732","","2026-09-04T21:19:34.000Z"
"wildtiger27","0xaA1Cd72E81fCC7a614220e2273414bF32fb9de3f","https://x.com/wildtiger27/status/2095185980350529745","","2026-09-04T21:15:53.000Z"
"wildvortex","0xDD1b1aF395dE4EfEF9944EfD84137A70650F9Fe7","https://x.com/wildvortex/status/2095121302906393651","","2026-09-04T21:16:22.000Z"
"wildwarden","0x4AA67A5894a9882cdA3Be2d93B7baca74fCe2C78","https://x.com/wildwarden/status/2095831065821497001","","2026-09-04T21:19:32.000Z"
"wilfredflorahy","0xEf8961241Aa03Bd3808c0Be6122c6F862Cc6A8A0","https://x.com/wilfredflorahy/status/2095614810980093531","","2026-09-04T21:15:11.000Z"
"willance","0x6525b9e7821b9e3C0ad50bE362c5b6825726476E","https://x.com/Willance/status/2095952956967521917","","2026-09-04T21:21:29.000Z"
"willemza","0x72C32D37C418cd0DDBEdC7f03A58317D6C7FfdE9","https://x.com/Willemza/status/2095043462640401749","","2026-09-04T21:14:19.000Z"
"william7250","0xcD1a6e67C8537419DB6E495d5Ad7ece2286053bD","https://x.com/William7250/status/2095141118547172991","","2026-09-04T21:16:59.000Z"
"williamjs","0xb4270381a1c20c4B96D81dA79529E78877782950","https://x.com/WilliamJS/status/2095522506090228235","","2026-09-04T21:18:49.000Z"
"williamrogers","0xddAaE6F122a4017fb4228b19da1b2a8B3a760a3f","https://x.com/WilliamRogers/status/2095228531460787386","","2026-09-04T21:15:57.000Z"
"willjoshua","0xc0e524109b67C01ae0557F973D130D18F76A7a8b","https://x.com/WillJoshua/status/2094975462070536732","","2026-09-04T21:18:42.000Z"
"winamp","0xA3a1F118A474308a7878f80c27FB0922EfDF7ce2","https://x.com/winamp/status/2095621841802385184","","2026-09-04T21:19:54.000Z"
"wind2208","0x59fE50150D2B8322fEF330F8F066897A9e34c96A","https://x.com/wind2208/status/2095289038208027613","","2026-09-04T21:19:14.000Z"
"wind88","0xE29aa382222EaDd58BCc73c9Fe7cd46388462c12","https://x.com/Wind88/status/2095209271083059113","","2026-09-04T21:18:11.000Z"
"windi","0x58902AD4175cf8fB7027D850526E3A10120fA319","https://x.com/windi/status/2095762655973628678","","2026-09-04T21:15:28.000Z"
"windinft","0x400B6F18c9AA9A5f8ed91507eB33CacAE928004b","https://x.com/i/status/2095906143738662941","318","2026-09-04T16:10:59.000Z"
"windisurya","0xce1dE6C087a1645F48df02a614AB1bCEf3664410","https://x.com/windisurya/status/2095293138067188117","","2026-09-04T21:21:22.000Z"
"wingriders","0xd4Ef038610F0b223Ec79eA96a177ceDD5A782e05","https://x.com/Wingriders/status/2095104799475327921","","2026-09-04T21:16:51.000Z"
"winterfell","0xe46666Cb6530aB0278C2AECD82Ff4c42294Fe711","https://x.com/Winterfell/status/2095860852581716365","","2026-09-04T21:21:03.000Z"
"witchvault","0x42f3893e96e790d3B05E96135af417889D83548D","https://x.com/witchvault/status/2095887162178050104","","2026-09-04T21:16:06.000Z"
"wizd","0x4c191718e8f56e07DA2352629253FC039Efa7c7c","https://x.com/WizD/status/2095214806097671722","","2026-09-04T21:19:21.000Z"
"wj99","0x6450601230554cCb7fB7694D9d7caFfC781242DF","https://x.com/wj99/status/2095782086249584607","","2026-09-04T21:14:45.000Z"
"","0x3333333333333333333333333333333333333333","","",""
"wladimir1978","0xb75784D526D412E6bBE0365226bAB20f78DA04e5","https://x.com/wladimir1978/status/2095155652354555283","","2026-09-04T21:17:04.000Z"
"wodefa000","0xEEDf7051459D2d9A2670534c0e6A21b6601072D6","https://x.com/wodefa000/status/2095252205741977069","","2026-09-04T21:14:18.000Z"
"wohoo121","0x8575D53e30Ef711937F88655eD89cD66Ed840eeF","https://x.com/wohoo121/status/2095529781667582473","","2026-09-04T21:15:58.000Z"
"wolfobol","0xcdC2bb94dc9D59E1aBc8b94A5619f01A6FE0362c","https://x.com/wolfobol/status/2095363402951175051","","2026-09-04T21:15:15.000Z"
"wonbo","0x07559237512e6AE868Fe8eA4f70a8971a91448b0","https://x.com/wonbo/status/2095610293403972136","","2026-09-04T21:15:56.000Z"
"wondrous","0x565d2e25E452F0970716A0674e812EBDE95cC0Fb","https://x.com/wondrous/status/2095224686133302849","","2026-09-04T21:20:54.000Z"
"wongo","0x7f7157FcB6d9Ef7e4Ec4c443c816380d6F69887F","https://x.com/wongo/status/2095841116650035763","","2026-09-04T21:19:02.000Z"
"wonkcx","0x81393469D55E48d07Dd0348C5179d35665a83eAe","https://x.com/Wonkcx/status/2095153881055389902","","2026-09-04T21:19:45.000Z"
"wonkra","0x3EcDDB9052aff732357375086CB761bfBFD059E7","https://x.com/WonKra/status/2095561171770902418","","2026-09-04T21:14:54.000Z"
"worker996","0x67dac45Fc8a8132efd1ab18A652260Ea57B2AbfF","https://x.com/worker996/status/2095209489619397259","","2026-09-04T21:20:12.000Z"
"wowniceone","0xF6E9cD925F4405c6a4B02673531eb30C7d5F3f97","https://x.com/Wowniceone/status/2095296052393924320","","2026-09-04T21:15:40.000Z"
"wren_wolf","0xAf25F3e0FDa0fe1372A781D11D0b429295a51B03","https://x.com/wren_wolf/status/2095959154217585252","","2026-09-04T21:20:18.000Z"
"wrenlion","0xB7E32b32B883a0AfE8cd4EA49aDDD3F0D09a4De5","https://x.com/wrenlion/status/2095573172417812737","","2026-09-04T21:14:40.000Z"
"wrenstorm","0x2C63210494137A19448021232d373C1c5E8a9Ac0","https://x.com/wrenstorm/status/2095327564079222378","","2026-09-04T21:14:58.000Z"
"wtf1000","0xB6F19E00F3A4d127838143630f1523E8e2e734e2","https://x.com/wtf1000/status/2095064663471283446","","2026-09-04T21:20:47.000Z"
"wu_tang","0x06935bFBac6fdf311534a22db45287637834f8bE","https://x.com/wu_tang/status/2095751575772596458","","2026-09-04T21:16:08.000Z"
"wudaohua","0x0b2f1B4e6022dB2F4FC018985198739E49CD48bb","https://x.com/wudaohua/status/2094965667217149435","","2026-09-04T21:21:09.000Z"
"wuh","0x4F38cCd8a5a06bbF14fD330906539cc1887Cd1AA","https://x.com/wUH/status/2094901707680462598","","2026-09-04T21:17:36.000Z"
"wuyl23","0xf20bE330908C618E71BF7a9B0f2Ab5e83F55F957","https://x.com/wuyl23/status/2095195927509935053","","2026-09-04T21:15:54.000Z"
"wuzhilianxin","0xd2fdcD33B435D0290E97aA19551ca2A94579B440","https://x.com/wuzhilianxin/status/2095593419798064424","","2026-09-04T21:20:36.000Z"
"wwaternotwarr","0x027Ff9cF1022CB2f64f350A382bE21426b991F16","https://x.com/wwaternotwarr/status/2095932337037177056","382","2026-09-04T17:50:41.000Z"
"wyl222","0x9809057E3Ec4E7e843f38482DAb9eF399E55B003","https://x.com/wyl222/status/2095737161837196776","","2026-09-04T21:21:39.000Z"
"tanya51md5","0xb738874e7c19DD2FBaaEAD27eD7a79f8EA7B1FF8","https://x.com/tanya51md5/status/2092840178518327297","","2026-09-04T08:58:25.000Z"
"x3rl0k","0x51f33966091D8408D4065383a3f6f49cb8BBC7BE","https://x.com/X3RL0K/status/2095376054612764885","","2026-09-04T21:19:13.000Z"
"x3winner","0x27Ee8040b273d8Eb7B5201a6A37D3Eb9E7690F67","https://x.com/x3winner/status/2095149644765556010","","2026-09-04T21:17:02.000Z"
"rebecca29sy7","0xa97F7F75c04b3da852A8f4Deac11CF5309FBF965","https://x.com/rebecca29sy7/status/2092539805471604737","","2026-09-04T08:58:05.000Z"
"xabass","0x34122F219049Bd41081b7C2e44f4E6DC5AC294Ba","https://x.com/xabass/status/2095740086888040554","","2026-09-04T21:21:16.000Z"
"xabbasx","0xd0fb008Bd0D9c7BD8Aad1090E2f746021cca92d4","https://x.com/xabbasx/status/2095876614571806881","","2026-09-04T21:18:48.000Z"
"xanakg","0x7c40e0BB388D437BaD1Ef4b046846372FEB2b7eF","https://x.com/xanakg/status/2095084281679620556","","2026-09-04T21:16:04.000Z"
"xandry","0xf9d75fb6d1E5b5B63A3984Db6F90E0C4a6eC8938","https://x.com/xandry/status/2095239491334132186","","2026-09-04T21:14:42.000Z"
"xanzzz","0x341872eA5D2aaeE03EDB7aF510F7e357978290C4","https://x.com/xanzzz/status/2095926439079932674","","2026-09-04T21:15:55.000Z"
"xbose","0x2E2775408a2A34208E9e19a3914303FFfa1e1730","https://x.com/xbose/status/2095068843330544430","","2026-09-04T21:14:13.000Z"
"xdfe","0x14FFE285ad540B1DC4e91d1a2e50e2B0Bc10d92E","https://x.com/xdfe/status/2095325843685887614","","2026-09-04T21:17:45.000Z"
"xdgh","0xA740abceA0438E056CD6E8a87B89440bD010dFB6","https://x.com/xdgh/status/2095557164030148446","","2026-09-04T21:16:52.000Z"
"xenpai","0x4Fa7a2040af7492aF058Bc3c2Ef7D024c377DE2b","https://x.com/Xenpai/status/2095543301759155950","","2026-09-04T21:14:52.000Z"
"xexanoth","0x36dfE72afF718a94Fd8F7f37856c05CCf68dfC1c","https://x.com/Xexanoth/status/2095019339004403727","","2026-09-04T21:17:55.000Z"
"xgdgh","0x34f339D00c155E4C3BdE450F3BA0bB628aD88042","https://x.com/xgdgh/status/2095523530502541720","","2026-09-04T21:19:42.000Z"
"xhamdi","0x0f2B52Fdd4FB2Ef5224363cb2f030c2E396FdacC","https://x.com/xHamdi/status/2095327454158134886","","2026-09-04T21:20:21.000Z"
"xharll","0x513d89dDe3d49f818cfbCA7a301FBe8dDB3be0CB","https://x.com/Xharll/status/2095247849764823653","","2026-09-04T21:16:04.000Z"
"xiaohua113","0x8a7e7bFbD8a5E62A709a790E6F378EbC1e8840Ff","https://x.com/xiaohua113/status/2095765998485922829","","2026-09-04T21:16:00.000Z"
"xiaojiangjun","0x360FFF10551466473900e2ed00Cc47bA2B73d8C4","https://x.com/xiaojiangjun/status/2095023204192768650","","2026-09-04T21:21:13.000Z"
"xiaoliyu","0x5Ec45b5D194E1b5AcAd8b9926A6DeBEbA37D9f25","https://x.com/xiaoliyu/status/2095671147043191425","","2026-09-04T21:15:39.000Z"
"xiaowang","0x743Dee20fed0996703C667732825884c492840B9","https://x.com/xiaowang/status/2095702701529285306","","2026-09-04T21:19:08.000Z"
"xiaoyubtc","0x7687E94676384E1c8b7DA11fc4F75a2391F0eACf","https://x.com/xiaoyubtc/status/2095917401941756630","","2026-09-04T21:18:59.000Z"
"xiaozz","0x198c9Aed2e7f8F8af9Aeef1E662EFAA0731de4dD","https://x.com/xiaozz/status/2095314352042578425","","2026-09-04T21:20:30.000Z"
"xiaozz666","0xafEBcDB06D4eB792Ea006a4CDD689F39fd9A6C55","https://x.com/xiaozz666/status/2095480074398851788","","2026-09-04T21:14:02.000Z"
"xielaoban","0x9e57F61d987eb051dC9beBb896E4E503f6342150","https://x.com/xielaoban/status/2095663917468899880","","2026-09-04T21:18:39.000Z"
"xingfu","0x59a02eAe0395EAAb5dA0ff2De82598c6bc0F6137","https://x.com/xingfu/status/2095380809024189100","","2026-09-04T21:17:49.000Z"
"xiniu","0x8Ca3767dd68A7343c55E9D3250cBE52A602acd69","https://x.com/xiniu/status/2095655798678741273","","2026-09-04T21:15:47.000Z"
"xinlingdiantai","0x6f7de8cdd38c1bf544a3c30185d4df0164557795","https://x.com/xinlingdiantai/status/2095881050182582325?s=20","234","2026-09-04T14:26:38.000Z"
"xkuze","0x98e21748d206da01b093e592bC1FaC9f3DAD5853","https://x.com/xKuze/status/2095740234390007391","","2026-09-04T21:16:50.000Z"
"xlolo","0xFf537Ed9c75685E575cDE6E9B7692A7512f5E198","https://x.com/xlolo/status/2095280284206694429","","2026-09-04T21:14:11.000Z"
"xmass","0xC56c56E1c3D8E2313279602e17e103E6dFC59c67","https://x.com/xmass/status/2095432151189978691","","2026-09-04T21:15:23.000Z"
"xmoca","0xF3fEB303E6F9C351cA4516B7666f8bd931e81C29","https://x.com/xMoca/status/2095859942536583204","","2026-09-04T21:21:22.000Z"
"xmpll","0x6cE05D5B8eF5DB85Ab059bC15fE94abd59d4eD24","https://x.com/xmpll/status/2095135242106499210","","2026-09-04T21:20:15.000Z"
"xomaxx","0xCAe87267778263F6920dc1479CF90D17e240acA2","https://x.com/xomaxx/status/2095795536435096847","","2026-09-04T21:20:59.000Z"
"xort","0x4Ca3cE8cD4dd3419fcb0aF7f58E069Fe3B28ffa1","https://x.com/Xort/status/2095726177026246794","","2026-09-04T21:20:12.000Z"
"xryuu","0x8a0593c1763572038C77b04Af597664e4A866e27","https://x.com/xRyuu/status/2095757047051056489","","2026-09-04T21:20:59.000Z"
"xsarifmiya","0xBEBd528F9B69823478Be956496C4D7c32d9801f8","https://x.com/xsarifmiya/status/2095995786257690898","472","2026-09-04T22:03:51.000Z"
"xsd43","0xC9F8a1eAf307A389eC6410C1dAA7C36067627596","https://x.com/xsd43/status/2095750928312622993","","2026-09-04T21:16:39.000Z"
"xshizuku","0x7CD1C077708A322b72346b2Ef976c5A260cfFa00","https://x.com/xShizuku/status/2095359945402876524","","2026-09-04T21:19:46.000Z"
"xuanly0108","0xd5AfDE5C19b6b3974eF9a6827D17B83324850FD9","https://x.com/XuanLy0108/status/2095774369986665585","","2026-09-04T21:17:56.000Z"
"xueyin","0xd891cCF6C3759a639fe49A019B43cbF36CF97628","https://x.com/Xueyin/status/2095765497801386790","","2026-09-04T21:21:06.000Z"
"xushengni","0x66806727590F295C704bA586a8ceC37189b3045e","https://x.com/xushengni/status/2095635967071459342","","2026-09-04T21:17:01.000Z"
"xvgncy","0x91a56BDF54e734db0F13554a8f027f7ae5D18854","https://x.com/xvgncy/status/2095125680920952023","","2026-09-04T21:16:03.000Z"
"xwlx","0x0caf35a12E64Fe504BFd17a98E3c16E39ef1b5cF","https://x.com/xwlx/status/2095187339799478372","","2026-09-04T21:16:25.000Z"
"xwulfx","0x4316c73521C0F18Dae57066c7B28F68eBe70F688","https://x.com/xWulFx/status/2095496132094791755","","2026-09-04T21:16:53.000Z"
"xx1xxxx","0x98CCdb97edA6B16eF945010B60B4C25Ecb8318f7","https://x.com/XX1XXxx/status/2095479956079323187","","2026-09-04T21:17:04.000Z"
"xxdfgg","0xF3FF795199641747cd0e07EF868D63dF3650041E","https://x.com/xxdfgg/status/2095347596599387914","","2026-09-04T21:19:56.000Z"
"xxi2","0xD5032138a79B8c82dBf8c8387CA4940Ee5Cf67A4","https://x.com/xxi2/status/2095486610956016246","","2026-09-04T21:16:21.000Z"
"xxlb88","0xB6050D29d8826e32B3a231D6CF6f90950fFc5931","https://x.com/xxlb88/status/2095775493574768770","","2026-09-04T21:18:44.000Z"
"xxxsheffxxx","0x02495135b64cB879f483b35E79c0BFa38f40050c","https://x.com/XXXSheFFXXX/status/2095503284655926987","","2026-09-04T21:14:07.000Z"
"xxxx1234","0x88E72d3984b269faff829CbD2894FD8F81cF4d64","https://x.com/XXXX1234/status/2095798204573003744","","2026-09-04T21:18:41.000Z"
"y0tin","0x236aCDCae604Fb57fc2a41b443685a4cA9A025AD","https://x.com/Y0tin/status/2095252740525286266","","2026-09-04T21:18:50.000Z"
"y3732","0xdA310Cb51A3881De3ad662E34a3E5e02552b2D89","https://x.com/Y3732/status/2095774929963989773","","2026-09-04T21:14:06.000Z"
"KeithGomeztkyj","0x1DBeD0ccD23BD943aF7725fcB9c298bFcE2B23E6","https://x.com/KeithGomeztkyj/status/2094290808369840129","","2026-09-04T08:59:18.000Z"
"Elisabethhnt1","0x9E12FbC1628276De44e53B93da1ff7E45D7EE221","https://x.com/Elisabethhnt1/status/2095858929557532795?s=20","208","2026-09-04T12:59:02.000Z"
"yaadro","0xa470c7F695bFf7c77bAD36a0286b9667B25F0466","https://x.com/yaadro/status/2094967276602141713","","2026-09-04T21:14:34.000Z"
"yacker","0xe27C69aB9E887C9a901F80154fBa42581A5F92D4","https://x.com/yacker/status/2095361973228692776","","2026-09-04T21:20:23.000Z"
"yahop17","0xf47D98b7d13ef14C64429cB009B9f490f8b8C1bA","https://x.com/yahop17/status/2095571439302789448","","2026-09-04T21:16:43.000Z"
"yaisama","0xf8F4e7613211CBD3eC39564548Db1DDA6a8bd6bd","https://x.com/yaisama/status/2095494789812317888","","2026-09-04T21:20:29.000Z"
"yakiniku","0x17cc62edD0ebA989B1aa217555177DD1336A88c6","https://x.com/yakiniku/status/2095129634996759182","","2026-09-04T21:18:13.000Z"
"yamadahina48812","0x62Ce7eb24d0cA51D3AD68518Ca3D9cFcD3d0cFD5","https://x.com/YamadaHina48812/status/2095771137604048454","","2026-09-04T21:19:11.000Z"
"yamete","0xbc9f476A8CDCA4Ba0160071cD739151CdAC7EB5e","https://x.com/yamete/status/2095177074266703985","","2026-09-04T21:16:24.000Z"
"yanasharko","0x16eE00d6b4BA9b17961Ef4A43e7fa2B35f3d7355","https://x.com/YanaSharko/status/2095832302117375792","","2026-09-04T21:18:13.000Z"
"yanokun","0x63952cf0a6c7f1C6EA72c05e4B2134E7018171E0","https://x.com/YanoKun/status/2095182826554003924","","2026-09-04T21:18:40.000Z"
"yaowenjiaozi_","0xff81985aaba768269ffe591611afe499dab7242c","https://x.com/Haunting_Hoods/status/2095880792765497711?s=20","537","2026-09-05T04:24:33.000Z"
"yarozaq","0xDf3d946FC0E12326a4284504d49F314a47769154","https://x.com/YaRozaq/status/2095926152346102090","","2026-09-04T21:20:32.000Z"
"yaruzu","0x2519FCBe1c50FB32637E6E9cE97ba5d83819E554","https://x.com/Yaruzu/status/2095976643979540640","","2026-09-04T21:20:59.000Z"
"yasha3003","0x435b73144fD5Eb4Bc5418Cf916c39963088B4344","https://x.com/yasha3003/status/2095244463239197585","","2026-09-04T21:18:29.000Z"
"yavuz","0x5d79BC6c4Ecbbf7558627cD988DE38E7a76a9465","https://x.com/yavuz/status/2095065055814570244","","2026-09-04T21:16:21.000Z"
"yavuzz30","0x73E7D180E6835f97be85d9136da8290F807f79db","https://x.com/yavuzz30/status/2095734451829285342","","2026-09-04T21:21:23.000Z"
"yeamin66962","0x0055e4334a4BE1Ee421334ec2C69b52BDD26900E","https://x.com/yeamin66962/status/2095287862891545940","","2026-09-04T21:20:04.000Z"
"yeng","0xBAC7EB643aF1702E2563cd66347C9690A09aF91c","https://x.com/Yeng/status/2095347363276373898","","2026-09-04T21:18:39.000Z"
"yenisey","0x92d4206d51D79Ce225b54A648882fE4F1CB1e36A","https://x.com/Yenisey/status/2095429734993714041","","2026-09-04T21:18:02.000Z"
"yenvy","0x8Fe3FDf2362c0f32C65ba281f769026f22e69964","https://x.com/yenvy/status/2094920716414501080","","2026-09-04T21:14:07.000Z"
"yeyeh","0xC8015C1Bef31BD77C58C96A4F8Bd89cf34DB0aEb","https://x.com/yeyeh/status/2095512923751624168","","2026-09-04T21:15:42.000Z"
"yhishi","0xCc0CE6Bb3c5Df08a69AD8663c6145F9390AE4A79","https://x.com/Yhishi/status/2094933489338388286","","2026-09-04T21:19:19.000Z"
"yhui","0xEb3E6B9eD604C13ea277e7814aa2eead8f175a98","https://x.com/Yhui/status/2095176980159759261","","2026-09-04T21:15:54.000Z"
"yifeng","0xc51519c5C79F29F63045fA931e827193c2d1F401","https://x.com/yifeng/status/2095468298990170736","","2026-09-04T21:20:14.000Z"
"yinjensen","0x2446BD3139b17c74b34c76B7F164B72d77422950","https://x.com/yinjensen/status/2095499646786907636","","2026-09-04T21:18:57.000Z"
"yishiwucheng","0x929ed1394879441032fAAE71C9a654C6EAB14903","https://x.com/yishiwucheng/status/2095761888528400980","","2026-09-04T21:19:25.000Z"
"yizhiyang","0xC11BC634b5442F7A2C10bF53Ec82680A51b5E954","https://x.com/yizhiyang/status/2095930034643278093","","2026-09-04T21:19:27.000Z"
"yjacksione97355","0xbd3AA84e6632389Ed6FCA421D6849c371F338d45","https://x.com/YJacksione97355/status/2095463959019050329","","2026-09-04T21:14:46.000Z"
"yjkb","0x877090Eb8501C8f7bc35544DC530D0c23a77F3Ef","https://x.com/YJKB/status/2095722625108424382","","2026-09-04T21:18:28.000Z"
"tuitenha28","0x0bb2716d938a0c92e6c0ee91430057d86ef00209","https://x.com/tuitenha28/status/2095798913165087019","78","2026-09-04T08:59:49.000Z"
"yliadanilova","0x4f64325dc19380fA694BcAC22f794bc55781DF70","https://x.com/YliaDanilova/status/2095440182244584496","","2026-09-04T21:16:58.000Z"
"ym1987","0xfAeA52De54f11A0f199c288276b1cFc3453260C1","https://x.com/ym1987/status/2095111415846647330","","2026-09-04T21:18:41.000Z"
"ymxc","0x8D848b7aC585E37062969ad55F98a4Aad267C983","https://x.com/ymxc/status/2095020735293339821","","2026-09-04T21:19:26.000Z"
"ynf888","0xfD9Ad2e4D62f85f490D0bC2b7e8b59BbAE1b7d2e","https://x.com/ynf888/status/2095909820392500047","","2026-09-04T21:19:46.000Z"
"yoga381","0xF67E23074bA233Cf6b01DA972c24dddf33478b23","https://x.com/Yoga381/status/2095473074933214813","","2026-09-04T21:14:59.000Z"
"yohiki","0xaEDF428d934c78D1EAE5eF4c034fc6f78bE74556","https://x.com/Yohiki/status/2095070402609800000","","2026-09-04T21:17:20.000Z"
"yokerochman","0x57da192503658b6F066EcDE3B0d3F71aB2351bfC","https://x.com/YokeRochman/status/2095879508876985874","","2026-09-04T21:16:02.000Z"
"yoon244","0x43a5DFc06b0e692486Ab5FC77965f1a5a45AC48b","https://x.com/yoon244/status/2095051493246670311","","2026-09-04T21:20:13.000Z"
"york2022","0xff443B8215b136D4b63299Cfbd3E9c0A5c704b2C","https://x.com/york2022/status/2094967281162702232","","2026-09-04T21:16:43.000Z"
"yoshi9","0xFDFea3e42bd266E2c94c0E8bD1B26Be22E47789d","https://x.com/yoshi9/status/2095086741202566353","","2026-09-04T21:14:37.000Z"
"yoshimasa_f","0xd7F60E2548B5A10e6114a2AdD6f93ca3B12e1328","https://x.com/Yoshimasa_F/status/2095267447511069516","","2026-09-04T21:21:22.000Z"
"youlovemee","0x7fcAF9c867264f375f2AB2C8eC57068477F87304","https://x.com/YouLoveMee/status/2095559033396859678","","2026-09-04T21:20:00.000Z"
"young_ash","0x51C2C86C1Ef6C5eC9cD187A242462E9447823288","https://x.com/young_ash/status/2095033090745569197","","2026-09-04T21:16:40.000Z"
"young_ranger","0x2FfF4c24614E583FCc745328FD005Eb69c3e3b37","https://x.com/young_ranger/status/2095783211758125956","","2026-09-04T21:17:04.000Z"
"young_wraith","0x4422E0F92B5895AED63B44231C559326EF59ff54","https://x.com/young_wraith/status/2094949202474420120","","2026-09-04T21:19:27.000Z"
"youngbear","0x3c0447a0f4Cb07dbc8a9ea3CD90B2B45D91F2798","https://x.com/youngbear/status/2094946112557601974","","2026-09-04T21:17:36.000Z"
"youngcomet","0x2d9316013886feE5E5916caE822Cc89Acd87714D","https://x.com/youngcomet/status/2095635480650413582","","2026-09-04T21:19:49.000Z"
"youngecho","0x2FBB27Bdf4C4C103DB58d73F006FB0F8c4cCfF57","https://x.com/youngecho/status/2094986302616929586","","2026-09-04T21:17:55.000Z"
"youngknight","0x3689ce7A1bA32154dF1dfF62E52362804C5e715f","https://x.com/youngknight/status/2095152492749275990","","2026-09-04T21:18:34.000Z"
"youngmist","0xeb806aa52e8f17Aa3F665A8DF64162D0b5220c39","https://x.com/youngmist/status/2095045943823802892","","2026-09-04T21:15:09.000Z"
"youngoracle","0x19Fe449eB75636B090eb633DbC8177B78551F16e","https://x.com/youngoracle/status/2095270645788289650","","2026-09-04T21:18:33.000Z"
"youngrelic","0x41e0532758C08cdb29dE055667A789a7B63AF596","https://x.com/youngrelic/status/2095726577438150545","","2026-09-04T21:14:20.000Z"
"youngrune","0x0585f5A259b2fcF5845A23Bf5d299B3B4070314E","https://x.com/youngrune/status/2095006196842343868","","2026-09-04T21:18:44.000Z"
"youngsailor","0xBd765037ac2e02172E9CB7975c316A70469eD84f","https://x.com/youngsailor/status/2095265548326921093","","2026-09-04T21:20:30.000Z"
"yousef91","0x3DDd691511F1079037819d40e94fF0d247afC46d","https://x.com/Yousef91/status/2095754920591073144","","2026-09-04T21:15:20.000Z"
"yousra15","0x325a4Bf7e07d04D86091604fcb76dfd44428E8A4","https://x.com/YOUSRA15/status/2095856741939211486","","2026-09-04T21:18:30.000Z"
"yousufh41849806","0x1B1f9776d075453693C5C1954ee6fF486402e29f","https://x.com/Haunting_Hoods/status/2095880792765497711","500","2026-09-05T00:54:21.000Z"
"youyou1317","0x6AEB365A61426E25220550f54b951AB9cE0e6810","https://x.com/youyou1317/status/2095485879893928093","","2026-09-04T21:21:28.000Z"
"yoyobs","0x857788769Ff3a3AB6d87Dc21ca5713304EF490ac","https://x.com/yoyobs/status/2095224003966037598","","2026-09-04T21:16:09.000Z"
"yozzzzzzzzz","0x708d6E4325C4c70c0206d6c6127b89190384a5e7","https://x.com/yozzzzzzzzz/status/2095879386047499645","","2026-09-04T21:17:53.000Z"
"yt712","0x7d892DAC8886dC9E8383f1Cd57d04ec3c7a7646f","https://x.com/YT712/status/2094953247006694333","","2026-09-04T21:17:06.000Z"
"yuanjing","0x7974d93f7522DAE985778cBDbaFcdBA634CE8C8b","https://x.com/yuanjing/status/2095920331197492193","","2026-09-04T21:20:21.000Z"
"yucelc","0x7F3f433Ba11cC71b50A15673491F0722f1D817C0","https://x.com/Yucelc/status/2095197761902425753","","2026-09-04T21:19:59.000Z"
"yuelle","0x9AC0281b7A6c078FDF2B202834cdE893733D3425","https://x.com/Yuelle/status/2095666495282267246","","2026-09-04T21:20:43.000Z"
"yufeii","0xB44c6b34Eb51D3B2e1EebaB567BF0c1E6a01560a","https://x.com/yufeii/status/2095240869412938542","","2026-09-04T21:18:52.000Z"
"yufku","0x3C2f8A3728B35DBd5f0d8AeaC99DB9027DC160eF","https://x.com/yufku/status/2094999970308906528","","2026-09-04T21:20:32.000Z"
"yuhah2h","0xf0D46903bd5551823376e7Ea20568D5f691297B1","https://x.com/yuhah2h/status/2095791337820641794","","2026-09-04T21:20:03.000Z"
"yuhi","0xA9AA87C825d09948b3F61a694890F03D75D5cc2e","https://x.com/yuhi/status/2095704654919628187","","2026-09-04T21:20:40.000Z"
"yuito","0xB47cDD48575055CDA0F92611634D190D6B8b9611","https://x.com/yuito/status/2095279844362244824","","2026-09-04T21:17:41.000Z"
"yukiro","0x61f4e245893b912F87848d24125Ef354D9E37F3b","https://x.com/Yukiro/status/2095127971864769345","","2026-09-04T21:19:51.000Z"
"yuliyanti","0xcb67219f025aA0ead8495A5F8e1e45A7139f22e9","https://x.com/yuliyanti/status/2094935928716380599","","2026-09-04T21:16:35.000Z"
"yunepto","0x8c241e5f663C9e10921a191aD007F37F93f5ff9B","https://x.com/Yunepto/status/2095511490965817137","","2026-09-04T21:19:47.000Z"
"yunhexian","0xcc136333C7b8ed6423fAA8EdEF8194bBFa9b75a6","https://x.com/yunhexian/status/2095805101268036790","","2026-09-04T21:16:43.000Z"
"yuniastuti_","0x2845C29350Faf4eB5a2805b252F3c5691619E975","https://x.com/yuniastuti_/status/1","657","1788588453449"
"yunusaltun","0xe14DD510b60A090EE582d4699019c3b655c84cc5","https://x.com/yunusaltun/status/2094964830460741759","","2026-09-04T21:14:37.000Z"
"yurickz","0xaf3f1502BbDA73B8b16342409c2541339D658b55","https://x.com/Yurickz/status/2095848472486189503","","2026-09-04T21:18:16.000Z"
"yurinl","0xEEf8A1b440a1487c79a11754c1d95223b78366eE","https://x.com/YuriNl/status/2095977578584392752","","2026-09-04T21:20:02.000Z"
"yusrilbaharsyah","0x15eD4090C7C6c15B7b4e3EF708f47c23B2A6Ac20","https://x.com/YusrilBaharsyah/status/2095604850377959629","","2026-09-04T21:16:15.000Z"
"yusufcan","0x0758bCFB66Fb22Eec7410cf963f0d59C09118eA6","https://x.com/YusufCan/status/2095778159374246997","","2026-09-04T21:16:34.000Z"
"yusufmaulana9","0x424a6789BB606b46B47aEeF06CB5DF0471b53347","https://x.com/yusufmaulana9/status/1","634","1788588385463"
"yutacho","0x5e91d458ab2C56ED01Fe120E5792732861447507","https://x.com/yutacho/status/2095505993306892154","","2026-09-04T21:14:11.000Z"
"yuuya2","0xD632CA0aE456661140d92c9B61CeEf33bF9fBbC2","https://x.com/yuuya2/status/2095874083325743754","","2026-09-04T21:20:53.000Z"
"yuyukoko","0xf08E85d22c19e0ae24899184c9EADe6F7FF67197","https://x.com/yuyukoko/status/2095023510073105275","","2026-09-04T21:16:33.000Z"
"yuziki","0xe514eD826e00C333e5BA97aFF4dF6dC1bdE84881","https://x.com/Yuziki/status/2095738758050836094","","2026-09-04T21:14:31.000Z"
"73jbgo85","0x46b0Ced32839d422eDA36f493D1d79d621c87358","","31","2026-09-01T00:38:40.000Z"
"yy55","0x2AF0d1eeaD7F196BA29eC3102ce3213dd2649586","https://x.com/yy55/status/2095249991699918192","","2026-09-04T21:19:11.000Z"
"yyaser","0x098630a28F9b2A1AFD26e8F1E85d59ce2C2385D5","https://x.com/yyaser/status/2095835004176023305","","2026-09-04T21:19:31.000Z"
"yyp00","0x4dAf86724d707156cb675fFF252abdD0bcdbF6bd","https://x.com/yyp00/status/2095546432972964585","","2026-09-04T21:15:20.000Z"
"DennisRobeeb3v","0xa0A4fcAf3BEeD73Ad7b1aCfb17f85ab47399194C","https://x.com/DennisRobeeb3v/status/2093519414992306177","","2026-09-04T08:59:15.000Z"
"yyss","0x1911c3493362CC2D3D714E3eD3275e947C1E626A","https://x.com/YYSS/status/2095784042696120414","","2026-09-04T21:21:32.000Z"
"yyyyyyy1118","0xa5557FA109D424216BDe7548Ddde7165e660EE91","https://x.com/yyyyyyy1118/status/2095953989693207138","","2026-09-04T21:16:40.000Z"
"BobbyLonglsum","0x01A81947eeCC84719Ef561A61DEB08378f23C2E5","https://x.com/BobbyLonglsum/status/2092785481006710785","","2026-09-04T08:59:07.000Z"
"Isdihim9","0xfca54b861142e687df68af6926d8faa4cc2e0192","https://x.com/Isdihim9/status/2095743208861143517","51","2026-09-04T05:30:29.000Z"
"lisa39iu3","0x6E6724a7f8eF765B7816636fE44f3f0426E7b3D6","https://x.com/lisa39iu3/status/2092775567219752961","","2026-09-04T08:58:31.000Z"
"z7z7","0x904159334CD54bA1CB15b3f0C2419F9E73ee872d","https://x.com/Z7z7/status/2094994716103963301","","2026-09-04T21:21:24.000Z"
"RichardCoxiv7l","0x56C2bEe8570898E41548fddd6edbD67Ec531D233","https://x.com/RichardCoxiv7l/status/2093157269217738753","","2026-09-04T08:59:25.000Z"
"k2v6e0n2","0xFFb961df239A50872AA309a03f9F6062c38fCfE8","","23","2026-09-01T00:38:40.000Z"
"WilliamScoupt8","0x6817e37e37F1E9EB229678358AcB2C3172daD18A","https://x.com/WilliamScoupt8/status/2093258862386741249","","2026-09-04T08:59:33.000Z"
"zacep","0x95b96acf102cdefc7025cd140ca5637afd20bf99","https://x.com/zacep/status/2095327642184625540","","2026-09-04T21:16:34.000Z"
"zafar1001","0xAEc28a9E174f8F83F6121C29cf44d9063bf5f765","https://x.com/Zafar1001/status/2095250151973715861","","2026-09-04T21:19:42.000Z"
"zahidzk","0x521E18BCCd77fe000fEAFd6513307361E7db89d2","https://x.com/ZahidZK/status/2094926827438514774","","2026-09-04T21:20:42.000Z"
"zahoormighty","0x84F30052831024071CB7269E251f46Ef1A62FAb7","https://x.com/ZahoorMighty/status/2095603233750682204","","2026-09-04T21:19:40.000Z"
"zahra0312","0xEa217bD27af724BAdc16b612697393C5417DCD29","https://x.com/Zahra0312/status/2095773671343905986","","2026-09-04T21:15:35.000Z"
"zakhan","0xB1e55D694C267050b973075393f60123A3BDAdb9","https://x.com/ZAKHAN/status/2095649429908026560","","2026-09-04T21:20:06.000Z"
"zapula","0x58682B00Ef90A753c322C1Afda99B6608d27F7d5","https://x.com/zapula/status/2095633145246413496","","2026-09-04T21:15:32.000Z"
"zaroal","0x9158593a717ed6a35dE6B18040238E4e242E3cea","https://x.com/zaroal/status/2095098757893240063","","2026-09-04T21:18:01.000Z"
"zatotari","0xc32e61cB14c2C6878D28a078631919a6CB18fdF5","https://x.com/zatotari/status/2095671286316862496","","2026-09-04T21:14:43.000Z"
"zavidnoy","0xB28050279B444BAe9Ce4AfD3777617606b2601D8","https://x.com/zavidnoy/status/2095334336954710695","","2026-09-04T21:19:58.000Z"
"kayla55oq2","0x65D5d08A3d4b980Ff89411fcfc0f03515133B378","https://x.com/kayla55oq2/status/2094724993358233601","","2026-09-04T08:58:19.000Z"
"zch109","0x0865D77801186425A42c972e8a7c7BDc505bE435","https://x.com/zch109/status/2095624748072225319","","2026-09-04T21:14:10.000Z"
"zcvs","0xf26D522F08775a1a24C4C8eb5de97296583B36f9","https://x.com/ZCVS/status/2095043590095044241","","2026-09-04T21:21:20.000Z"
"zealongaminh","0x66984Ee17f22FE86d19090eD1FBD57bEcC825196","https://x.com/zealongaming/status/2095974961743819132","445","2026-09-04T20:42:54.000Z"
"zeebond","0x8a15c68F2eDe4270d2f92CD05685Fe0D7BC00642","https://x.com/zeebond/status/2095504601222350713","","2026-09-04T21:14:42.000Z"
"zeecok","0xcC67595D7D0fF63D5370486F2926AAB88900eC7C","https://x.com/Zeecok/status/2095437278184260140","","2026-09-04T21:21:25.000Z"
"zeelandvad","0x0fBf64e40C60dd62ad21d6A42d43aB8713104AF7","https://x.com/zeelandvad/status/2095955097149529967","","2026-09-04T21:21:01.000Z"
"zeeshan_khan","0x28CE7e8947FD0c9F44660b20f8cEe24575073E28","https://x.com/ZEESHAN_KHAN/status/2095653827867407256","","2026-09-04T21:15:30.000Z"
"zen_xbt","0x3cDa79d965Ad5D8671F5867D081B0fC6159824ac","https://x.com/zen_xbt/status/2095889293705355703","273","2026-09-04T14:59:33.000Z"
"zenzen","0xC0bD3e5A07f33aF2d8e0BbeBC64D3161f480b818","https://x.com/zenzen/status/2095269584097961566","","2026-09-04T21:19:14.000Z"
"zephy12","0xE4CA78FbB045264FFa1c4D20105bF29C539e89dC","https://x.com/Zephy12/status/2094918972778761880","","2026-09-04T21:20:08.000Z"
"zer0ne","0x0fa44A8C9a0C58131EcA14C527A9093385466Bb9","https://x.com/Zer0ne/status/2095727460000998174","","2026-09-04T21:20:32.000Z"
"zerf11","0x989A77FDcd10Ba304de5833425513aD6530b8137","https://x.com/Zerf11/status/2095371138044351911","","2026-09-04T21:18:49.000Z"
"zerickpb","0x9c661217e92E60bB5b86FEf523dC9F6724417707","https://x.com/Zerickpb/status/2096038146790109263?s=20","499","2026-09-05T00:51:06.000Z"
"zerio","0xA10dFFB488E52Da914d59f4F3bD6362F95b1ab5e","https://x.com/Zerio/status/2095544731354083331","","2026-09-04T21:14:26.000Z"
"zero","0xc148C603Fc1B4B3144A8aeD0Ba3A7328e042168f","https://x.com/zero/status/2095601509709942586","","2026-09-04T21:14:19.000Z"
"zetsy","0x714B8affb34033e9c0d2D1Aa7fE55c69b42ba531","https://x.com/ZETSY/status/2095772013643859591","","2026-09-04T21:18:40.000Z"
"zflowerz","0x32891973bd6D37202157619A9245aa7DC4B7ab58","https://x.com/zflowerz/status/2094948519972078430","","2026-09-04T21:15:12.000Z"
"zhangdapang","0x3462F1e87078E5E885e2Aa7B00Cf31d00fB82B85","https://x.com/zhangdapang/status/2095638755448621949","","2026-09-04T21:18:03.000Z"
"zhangfatian","0x2092485F8eFc1373baa375D60A4D8E09a9Ee577d","https://x.com/zhangfatian/status/2095157071669255874","","2026-09-04T21:19:44.000Z"
"zhangxu","0x1fD67C2061B91e59cbbB8CD4a17943009223EB4d","https://x.com/zhangxu/status/2095208332849818329","","2026-09-04T21:17:36.000Z"
"zhanlujia","0xe0503730097F6FDEFB69Da50BD1E4CEAeB9B1c6d","https://x.com/zhanlujia/status/2095092559505600341","","2026-09-04T21:19:15.000Z"
"zhanna9595","0xD9E1ED62df9159B8Ba934A3d47847fff1E061dd3","https://x.com/Zhanna9595/status/2095013226363882531","","2026-09-04T21:16:13.000Z"
"zheezzy","0x8A45f905478aA9C39B4BEa52F57cAA3E83e008c7","https://x.com/zheezzy/status/2095642430943306615","","2026-09-04T21:15:46.000Z"
"zhongbuzhong","0x32E73999809DF5c53511133aD089a1eDA43eAD54","https://x.com/zhongbuzhong/status/2095196324002293960","","2026-09-04T21:16:50.000Z"
"zhongweibin","0xf0155859BAc5230c2700A71e9965EeA5f85324a7","https://x.com/ZHONGWEIBIN/status/2095140342744039118","","2026-09-04T21:18:07.000Z"
"zhoulixia783834","0xeF31b7CA01b7C2befd566D306B565B1dd3FEAb2F","https://x.com/zhoulixia783834/status/2095463462975810199","","2026-09-04T21:20:15.000Z"
"zhouxc","0x28964D73eDF3Ef61CBF03b9e8F8eF54250e9B5d7","https://x.com/ZhouXC/status/2095799311176214095","","2026-09-04T21:21:11.000Z"
"zhuhua","0xD1526ce45a13677CdD833578453EAB8d0a5293FB","https://x.com/zhuhua/status/2095477608075373258","","2026-09-04T21:19:39.000Z"
"zhupanty","0xaDDB56FFeAE5a0fbB1fC554F2415683047c866C1","https://x.com/zhupanty/status/2095376941118379117","","2026-09-04T21:16:32.000Z"
"zihui","0xB1fE808b267CF87824f8E0CE5821A2A56d0791e9","https://x.com/ZIhui/status/2095903045317142622","","2026-09-04T21:14:54.000Z"
"zikc","0xAB9Ea52E96bF3F654A51fD5C02e48B0f30731Fed","https://x.com/Zikc/status/2095185742976888608","","2026-09-04T21:17:18.000Z"
"zimi18","0xC687f0f2A4b50F8Df2564932Ae3c3418dE1A5bf0","https://x.com/Zimi18/status/2095349024685561136","","2026-09-04T21:15:51.000Z"
"zimnyy","0x43A80B78fCc46C942Ef29D72e093C71d69832642","https://x.com/ZIMNYY/status/2095854128589041892","","2026-09-04T21:15:21.000Z"
"ziyou666","0x48eACa2c9316372A5471AaA9c16785773e1b84B9","https://x.com/ziyou666/status/2094984055465278626","","2026-09-04T21:19:20.000Z"
"ziyouxiong88","0x1e69febddff828f971ce970ffae92dbc5abd38bc","https://x.com/Haunting_Hoods/status/2095880792765497711?s=20","495","2026-09-05T00:29:56.000Z"
"makiem1994","0x9f637085ea771bb300096028ffc55740780903d4","https://x.com/makiem1994/status/2095856015451578815?s=20","203","2026-09-04T12:47:50.000Z"
"zkpoap","0x2DF41449C33e976AA4431A2076105F19A7d13111","https://x.com/cistcea/status/2095832936876572733","391","2026-09-04T18:02:08.000Z"
"zlayerxd","0xe5E73bDAC5B0Ac9D1aB3A0f4bF0e4E64D4aa7729","https://x.com/ZlayerXD/status/2094961639995933969","","2026-09-04T21:17:01.000Z"
"zld168","0x4E39479F82eDf9e338A31dd789b0421c3eD23F99","https://x.com/zld168/status/2095466482504471680","","2026-09-04T21:18:17.000Z"
"zoe62","0x8d3905DA9690eA030e180aFe564A9097F06c4742","https://x.com/ZOE62/status/2095684040466247830","","2026-09-04T21:18:50.000Z"
"zoe_frost","0xEB2286b0f2097Cfc8fb34474C0BB6bB58eDE2721","https://x.com/zoe_frost/status/2095222683991689576","","2026-09-04T21:19:47.000Z"
"zoe_raven","0x805CcF64976344C38F5035eFd22564968EFb0239","https://x.com/zoe_raven/status/2095314372793148052","","2026-09-04T21:18:58.000Z"
"zoemonk","0x5A9311D4b0e93d128C1410b9811c1e9a49b2d088","https://x.com/zoemonk/status/2095097638220696531","","2026-09-04T21:19:06.000Z"
"zoghert","0x0d7b3383354752b36a4D73E1815a96784114e9Ac","https://x.com/Zoghert/status/2095385198677496940","","2026-09-04T21:19:20.000Z"
"zoom","0xEDd8eeCF79cfE5Cc6A6178801BB397B5a0d825E6","https://x.com/Zoom/status/2095911369442258192","","2026-09-04T21:17:35.000Z"
"zseven1","0xF0a691f707ae480421Ea54E4fF34d110a8330AEB","https://x.com/zseven1/status/2095888287660738934","","2026-09-04T21:20:50.000Z"
"zspcs","0x51C766250F293Ea7f228c1Ec5aBC698D9f7871e1","https://x.com/zSPCs/status/2095971486593861631","","2026-09-04T21:15:05.000Z"
"zumik","0x59B8599ebF0FF8405DbE75A2f76953094c07d34a","https://x.com/zumik/status/2095677082697076629","","2026-09-04T21:14:46.000Z"
"zuruyu","0x63f444b1dcfb9048035db1433afEDAfF30B5032C","https://x.com/zuruyu/status/2095226454555527289","","2026-09-04T21:18:25.000Z"
"amber97pt0","0x7314E83cA3136e04Dd0bcA99Abf06C114bCDAD23","https://x.com/amber97pt0/status/2094867924220116993","","2026-09-04T08:58:47.000Z"
"zxc77","0x09198b0Bb3B124c2D23b81c0CB75461956f8647A","https://x.com/zxc77/status/2095950500552768410","","2026-09-04T21:20:48.000Z"
"zxc79","0x03Bb658392c917a34689eaE725Ee92482B2bce2F","https://x.com/zxc79/status/2095298857633721621","","2026-09-04T21:17:37.000Z"
"zxcsad","0xAFdD23327851EE817fD59a50536141c6464572e7","https://x.com/ZXCsaD/status/2095767946894509410","","2026-09-04T21:19:56.000Z"
"zxiang7","0x15aE329A4aa5035A9d581cd48804bf57e69e62Ad","https://x.com/zxiang7/status/2095768874620802000","","2026-09-04T21:15:46.000Z"
"zxkent","0x119ACA618A152a10910917E49537b6533a5c20AE","https://x.com/zxkent/status/2095008206550875785","","2026-09-04T21:14:57.000Z"
"zygg","0xb0Ecd35B6631a8Fe63eCc9d48F54C352B9D4FC75","https://x.com/zygg/status/2095478578006941824","","2026-09-04T21:14:24.000Z"
"zz11zzzz","0x6a51A7aA9579A7d80469B9b5e25254489416fE28","https://x.com/zz11zzzz/status/2095627101814666991","","2026-09-04T21:16:07.000Z"
"zzom2","0x77A890024a2F6b5224f2d89A1295EF768a21cd8D","https://x.com/zzom2/status/2095457538598825716","","2026-09-04T21:20:00.000Z"
"zzzank","0x87ba2C1eff328bC80733e779b7DF416e4f7d3974","https://x.com/zzzank/status/2095167916218647903","","2026-09-04T21:18:53.000Z"
"zzzzc","0x7eCea0AAcFd76976c31C2a82D73f03EBDF1F21A8","https://x.com/zzzzc/status/2095776264017939192","","2026-09-04T21:16:25.000Z"